qid,question,question_type,answer,reasoning,difficulty,chunk_id,doc_id,title,material_class,source_split
OQ0001,"How does collagen type I coating influence the osseointegration of titanium implants in osteopenic conditions, and what implications does this have for implant surface design?",reasoning,"Collagen type I coating enhances bone regeneration and osseointegration of titanium implants in osteopenic rats, suggesting that incorporating bioactive coatings can improve implant integration in compromised bone conditions.","The context mentions that collagen type I coating stimulates bone regeneration and osteointegration in osteopenic rats, implying that surface biofunctionalization can be strategically used to enhance implant outcomes in weakened bone environments.",medium,D5_C079,D5,Titanium Dental Implants An Overview of Applied Nanobiotechnology to Improve Biocompatibility and Prevent Infections,metal,seen
OQ0002,What specific molecular signaling pathways are modulated by tuning the surface properties of bone biomaterials to enhance early osteoblastic adhesion and osseointegration?,unanswerable,The specific molecular signaling pathways modulated by tuning surface properties are not detailed in the provided context.,"While the context mentions manipulation of osteoblastic cell adhesion and signaling pathways via surface property tuning, it does not specify which molecular pathways are involved, making this information unavailable.",hard,D5_C079,D5,Titanium Dental Implants An Overview of Applied Nanobiotechnology to Improve Biocompatibility and Prevent Infections,metal,seen
OQ0003,How do the structural characteristics and size ranges of different vesicle types influence their potential application as nano-drug carriers in food industry formulations?,reasoning,"Vesicle types differ in size and lamellarity, with multilamellar vesicles (>100 nm) having multiple bilayers, oligolamellar vesicles (0.1–1 µm) having fewer layers, and multivesicular vesicles (>1 µm) possessing multiple compartments; these structural differences affect encapsulation efficiency, release profiles, and stability, thereby influencing their suitability as nano-drug carriers in food formulations.","The context provides size ranges and structural descriptions of vesicle types, implying that multilamellarity and compartmentalization relate to encapsulation capacity and release properties crucial for drug delivery; understanding these relationships requires integrating vesicle structural data with application needs in food nano-drug delivery.",hard,D12_C381,D12,Smart Ways of Biomaterial Designing Synthesis and Characterization,polymer|composite,unseen
OQ0004,Does the provided context specify the synthesis methods used for producing curcumin-zein nanoparticles and their comparative advantages over pure curcumin nanoparticles in enhancing water solubility?,unanswerable,"No, the context does not provide details on the synthesis methods for curcumin-zein nanoparticles nor does it compare their effectiveness in enhancing water solubility relative to pure curcumin nanoparticles.","While the context mentions curcumin nanoparticles and curcumin-zein nanoparticles as categories, it lacks specific information about their synthesis or comparative performance in solubility enhancement, making the question unanswerable from the provided text.",medium,D12_C381,D12,Smart Ways of Biomaterial Designing Synthesis and Characterization,polymer|composite,unseen
OQ0005,How do chemical reducing agents interfere differently with the MTT assay compared to the XTT and WST-1 assays in cytotoxicity evaluation?,reasoning,"Chemical reducing agents non-enzymatically reduce MTT to formazan, causing interference and artifacts in the MTT assay, whereas the context does not indicate such interference in XTT and WST-1 assays, which are described as more sensitive and reliable.","The context highlights that many chemical substances, especially reducing agents, hinder the MTT assay by non-enzymatic reduction, while XTT and WST-1 assays are noted as sensitive and reproducible without mentioning similar interference, implying differing susceptibilities.",medium,D12_C880,D12,Smart Ways of Biomaterial Designing Synthesis and Characterization,polymer|composite,unseen
OQ0006,Does the context provide information on how varying incubation times affect the sensitivity of the WST-1 assay in cytotoxicity testing?,unanswerable,"No, the context states that it is currently unknown how testing agents influence the WST-1 assay at various time periods, so it does not provide information on the effect of varying incubation times on sensitivity.","The context explicitly mentions the lack of knowledge regarding the influence of testing agents at different incubation times on the WST-1 assay, indicating that this information is not available.",easy,D12_C880,D12,Smart Ways of Biomaterial Designing Synthesis and Characterization,polymer|composite,unseen
OQ0007,How do the properties of PLA bottles influence their suitability for food packaging compared to other bioplastics mentioned?,comparison,"PLA bottles offer transparency and gloss, making them suitable for packaging fresh foods, while other bioplastics like starch blends or PBAT may have different mechanical or barrier properties affecting their packaging applications.","The context highlights PLA's specific qualities such as transparency and gloss, which are important for food packaging aesthetics and product visibility, implying different bioplastics have varied properties influencing their use.",medium,D2_C748,D2,Biodegradable Polymers Blends and Biocomposites Trends and Applications,polymer,unseen
OQ0008,Does the context provide information on the biodegradability rates of the bioplastics used in packaging applications?,unanswerable,"No, the context does not provide any data or discussion regarding the biodegradability rates of bioplastics used in packaging.","The provided text focuses on market share, types of bioplastics used, and their applications, but it lacks any mention of biodegradability characteristics or comparative degradation rates.",easy,D2_C748,D2,Biodegradable Polymers Blends and Biocomposites Trends and Applications,polymer,unseen
OQ0009,How do the chemical bonding differences between thermosetting plastics and thermoplastics influence their recyclability and typical applications?,reasoning,"Thermosetting plastics form irreversible covalent cross-links upon heating, making them stable and non-recyclable, which suits them for adhesives and insulators; thermoplastics lack new chemical bonds when heated, allowing reshaping and recycling, making them preferable for packaging applications.","The context explains that thermosets create covalent bonds that are irreversible, leading to stable but non-decomposable materials used in adhesives and insulators, whereas thermoplastics can be melted and reshaped due to the absence of new chemical bonds, favoring their use in recyclable packaging.",medium,D2_C244,D2,Biodegradable Polymers Blends and Biocomposites Trends and Applications,polymer,unseen
OQ0010,Does the context provide detailed toxicological mechanisms by which micro- and nanoplastics (MNPs) affect human health upon exposure?,unanswerable,"No, the context mentions health-related toxicities of micro- and nanoplastics but does not provide detailed toxicological mechanisms.","While the context introduces health-related toxicities associated with MNP exposure, it lacks specific information or mechanisms explaining how these toxicities occur, making the question unanswerable from the given text.",medium,D2_C244,D2,Biodegradable Polymers Blends and Biocomposites Trends and Applications,polymer,unseen
OQ0011,How do the hydrophilic properties of starch-based films affect their suitability for use in high-moisture environments compared to cellulose-based nanofillers?,comparison,"The hydrophilic nature of starch-based films limits their use in high-moisture environments, whereas cellulose-based nanofillers, due to their partly crystalline structure and higher strength and stiffness, can provide better performance and stability in such conditions.","The context highlights starch's hydrophilicity as a drawback for moisture-rich applications while describing cellulose nanofillers as having advantageous crystalline structures and mechanical properties, implying superior suitability for moist environments.",medium,D2_C156,D2,Biodegradable Polymers Blends and Biocomposites Trends and Applications,polymer,unseen
OQ0012,"What specific chemical modifications can be applied to starch nanoparticles to enhance their properties, and how might these modifications influence their integration into biodegradable plastics?",factual,"Starch nanoparticles can be modified by esterification, etherification, and oxidation, which can alter their surface chemistry to improve compatibility, dispersion, and mechanical properties when integrated into biodegradable plastics.","The context explicitly lists esterification, etherification, and oxidation as modification methods for starch nanoparticles, suggesting these processes are used to tailor their characteristics for better performance in polymer matrices.",easy,D2_C156,D2,Biodegradable Polymers Blends and Biocomposites Trends and Applications,polymer,unseen
OQ0013,How might the presence of microplastics influence the reproductive success and offspring dispersal of marine species like Tigriopus japonicus and oysters?,reasoning,"Microplastics can stunt development and impair reproduction in species like Tigriopus japonicus, but if organisms lay eggs on plastic debris that does not biodegrade, offspring dispersal may increase by migrating to safer locations.","The context links microplastic exposure to developmental stunting in Tigriopus japonicus and suggests that plastic debris could serve as egg-laying substrates, facilitating offspring migration due to plastic's non-biodegradability.",hard,D2_C969,D2,Biodegradable Polymers Blends and Biocomposites Trends and Applications,polymer,unseen
OQ0014,Does the context provide detailed mechanistic explanations of how specific additives in paint chip microplastics affect the reproductive organ abnormalities observed in aquatic snails?,unanswerable,"No, the context mentions that additives in paint chips affect reproduction and that pollutants may contribute to abnormalities, but it does not detail the mechanisms by which these additives cause reproductive organ abnormalities.","While the context lists polymeric components and pollutants linked to reproductive issues, it lacks specific mechanistic insights on how these additives induce necrotic oocytes or atypical spermatozoa.",medium,D2_C969,D2,Biodegradable Polymers Blends and Biocomposites Trends and Applications,polymer,unseen
OQ0015,How does the incorporation of ε-Poly-L-lysine (EPL) on the surface of 3D printed HA/PCL scaffolds influence their antibacterial efficacy and biocompatibility compared to unmodified HA/PCL scaffolds?,reasoning,"Surface modification with EPL enhances antibacterial efficacy against E.coli to 92.42% without negatively affecting cell adhesion, proliferation, differentiation, or biocompatibility compared to unmodified HA/PCL scaffolds.","The context states that EPL-modified HA/PCL scaffolds show significant antibacterial activity while maintaining biocompatibility and cellular functions, indicating EPL’s role in improving antibacterial properties without compromising scaffold biocompatibility.",medium,D10_C072,D10,Hydroxyapatite and Polycaprolactone Composites as Potential Biomaterials in Biomedical Applications,composite,unseen
OQ0016,What are the comparative antimicrobial mechanisms and potential clinical advantages of using ε-Poly-L-lysine (EPL) versus gentamicin in HA/PCL composite scaffolds?,unanswerable,The context does not provide details on the specific antimicrobial mechanisms of EPL and gentamicin or a direct comparison of their clinical advantages in HA/PCL composites.,"While the context mentions that EPL and gentamicin are used for antibacterial purposes in HA/PCL scaffolds, it lacks information on their mechanisms of action or comparative clinical benefits, making this question unanswerable from the provided text.",hard,D10_C072,D10,Hydroxyapatite and Polycaprolactone Composites as Potential Biomaterials in Biomedical Applications,composite,unseen
OQ0017,How do the modifications of polyhydroxyalkanoates enhance their suitability for both industrial and medical applications compared to unmodified forms?,reasoning,"Modifications diversify polyhydroxyalkanoates, improving properties like biodegradability and mechanical strength, thereby broadening their applicability in industrial and medical fields beyond what unmodified forms offer.","The context notes that modification reactions increase diversification of polyhydroxyalkanoates, implying enhanced or tailored properties suitable for varied applications, which requires connecting the role of modifications to functional improvements.",medium,D2_C083,D2,Biodegradable Polymers Blends and Biocomposites Trends and Applications,polymer,unseen
OQ0018,"What are the flame retardant mechanisms employed in biodegradable polymer nanocomposites used for 3D printing, and how do these mechanisms affect the materials' degradation behavior?",unanswerable,The context does not provide specific mechanisms of flame retardancy or their impact on degradation behavior in biodegradable polymer nanocomposites used for 3D printing.,"While the context mentions engineering flame retardant biodegradable polymer nanocomposites for 3D printing, it lacks detailed explanation of the flame retardant mechanisms or their influence on degradation, making the question unanswerable from the provided information.",hard,D2_C083,D2,Biodegradable Polymers Blends and Biocomposites Trends and Applications,polymer,unseen
OQ0019,"How do synthetic polymers enhance the mechanical properties of natural polymers in hybrid biomaterial scaffolds, and what role do compatibilisers play in PLA/starch blends?",reasoning,"Synthetic polymers provide mechanical strength to natural polymers that mimic ECM features, improving scaffold performance; compatibilisers like maleic anhydride are used in PLA/starch blends to improve miscibility and prevent phase separation caused by the hydrophobic-hydrophilic mismatch.","The context explains that synthetic polymers contribute mechanical capabilities while natural polymers offer ECM-like properties, and that PLA/starch blends suffer phase separation without compatibilisers, which are used to enhance polymer miscibility.",medium,D12_C300,D12,Smart Ways of Biomaterial Designing Synthesis and Characterization,polymer|composite,unseen
OQ0020,"What specific electrospinning parameters are used to fabricate nanofibrous hyaluronic acid/collagen hybrid scaffolds, and how do these parameters influence scaffold properties?",unanswerable,The context does not provide details on the electrospinning parameters or their influence on scaffold properties for hyaluronic acid/collagen hybrids.,"Although electrospinning of hyaluronic acid/collagen scaffolds is mentioned, the context lacks any information on the specific parameters or their effects, making the question unanswerable.",hard,D12_C300,D12,Smart Ways of Biomaterial Designing Synthesis and Characterization,polymer|composite,unseen
OQ0021,How do polymer composites containing phosphate glass fiber (PGF) compare to PLAGA/calcium phosphate composite microspheres in terms of their role and effectiveness in bone repair?,comparison,"Polymer composites with PGF exhibit good biological and mechanical properties for bone fracture repair, while PLAGA/calcium phosphate composite microspheres activate calcium phosphate reprecipitation in the bone/implant system, promoting mineralization.","The context describes PGF composites as having favorable biological and mechanical characteristics, whereas PLAGA/calcium phosphate composites function by activating a mineralization process, indicating different mechanisms and roles in bone repair.",medium,D12_C322,D12,Smart Ways of Biomaterial Designing Synthesis and Characterization,polymer|composite,unseen
OQ0022,"What are the specific modifications and components in bone plates used to heal lengthy bone damage, and how do these modifications impact their biomedical performance?",factual,"Bone plates contain unidirectional bio-glass fibers combined with PLA composites that have been air plasma-treated, enhancing their suitability for healing lengthy bone damage by improving surface properties and possibly biocompatibility.","The context mentions that bone plates with unidirectional bio-glass fibers and air plasma-treated PLA composites are employed for lengthy bone damage, implying that the plasma treatment modifies the composite's surface for better performance.",easy,D12_C322,D12,Smart Ways of Biomaterial Designing Synthesis and Characterization,polymer|composite,unseen
OQ0023,How might the enzymatic degradation mechanism of aromatic polyesterases be leveraged to improve the recycling of polyvinyl alcohol-based nanocomposites compared to traditional pyrolysis methods?,reasoning,"Aromatic polyesterases can specifically target and degrade polyester bonds under mild conditions, potentially enabling selective breakdown of composite components; this enzymatic approach could offer a more efficient and less energy-intensive alternative to pyrolysis, which thermally decomposes plastics but may not preserve polymer integrity or enable selective recovery.",The context references characterization of a plastic-degrading aromatic polyesterase and reviews on pyrolysis of plastic wastes and polyvinyl alcohol nanocomposites; synthesizing these indicates enzymatic degradation offers specificity and milder conditions compared to pyrolysis's high-temperature breakdown.,hard,D2_C826,D2,Biodegradable Polymers Blends and Biocomposites Trends and Applications,polymer,unseen
OQ0024,Does the provided context specify the influence of black carbon emissions on the degradation rates of polyvinyl alcohol-based biomaterials?,unanswerable,"No, the context does not provide information on how black carbon emissions affect the degradation rates of polyvinyl alcohol-based biomaterials.","While the context mentions black carbon emissions in relation to climate change and separately discusses polyvinyl alcohol nanocomposites and plastic degradation, it does not link black carbon emissions to the degradation behavior of these biomaterials.",medium,D2_C826,D2,Biodegradable Polymers Blends and Biocomposites Trends and Applications,polymer,unseen
OQ0025,How do the challenges posed by intermediate timescale processes and structural disorder affect the precision of NMR characterization in biopolymer systems?,reasoning,"Intermediate timescale processes, structural disorder, and dynamic heterogeneity complicate NMR analysis by overlapping signals and broadening peaks, reducing the precision of structural and dynamic characterization in biopolymers.","The context mentions that NMR characterization is challenging due to multiple processes occurring at various timescales, especially intermediate timescales, and the presence of structural disorder and dynamic heterogeneity, all of which hinder precise NMR analysis.",medium,D12_C196,D12,Smart Ways of Biomaterial Designing Synthesis and Characterization,polymer|composite,unseen
OQ0026,What comparative advantages does NMR offer over FTIR spectroscopy in analyzing the structural and dynamic properties of biopolymers?,unanswerable,The context does not provide a direct comparison of the advantages of NMR over FTIR spectroscopy regarding biopolymer analysis.,"While both NMR and FTIR are mentioned as analytical tools for biopolymers, the context only details the capabilities and challenges of NMR and briefly states FTIR is used for identifying functional and structural properties, lacking any explicit comparative evaluation.",hard,D12_C196,D12,Smart Ways of Biomaterial Designing Synthesis and Characterization,polymer|composite,unseen
OQ0027,How does the integration of microfibrillated cellulose with hydroxyapatite contribute to the development of eco-friendly mechanical materials for bone tissue engineering compared to traditional synthetic composites?,reasoning,"The hybridization of microfibrillated cellulose with hydroxyapatite provides a sustainable route to mechanical materials by combining the biocompatibility and reinforcement properties of both components, potentially enhancing mechanical performance while reducing environmental impact compared to synthetic composites.","The context describes a one-pot hybridization method of microfibrillated cellulose and hydroxyapatite yielding eco-friendly mechanical materials, implying benefits in sustainability and material properties relevant to bone tissue engineering.",hard,D8_C074,D8,Application of Hydroxyapatite Composites in Bone Tissue Engineering A Review,ceramic,unseen
OQ0028,What are the comparative advantages of using mussel shell-derived biogenic hydroxyapatite over conventional hydroxyapatite in chitosan-based antibiotic composite microspheres for bone regeneration and antibacterial activity?,unanswerable,The context does not provide specific comparative data on the advantages of mussel shell-derived biogenic hydroxyapatite over conventional hydroxyapatite in chitosan-based antibiotic composites.,"While the context mentions the use of mussel shell-derived hydroxyapatite in chitosan composites for antibacterial and bone regeneration applications, it lacks direct comparisons to conventional hydroxyapatite or detailed advantages.",medium,D8_C074,D8,Application of Hydroxyapatite Composites in Bone Tissue Engineering A Review,ceramic,unseen
OQ0029,"How do the biodegradation rates of PHAs compare to PLA and PEF under typical environmental conditions, and what implications might these differences have for selecting materials in biodegradable packaging applications?",reasoning,"PHAs degrade faster than PLA, making them more suitable for applications requiring rapid biodegradation, while PEF biodegrades faster than PET only under specific industrial composting conditions but is generally as durable as PET otherwise.","The context indicates PHAs decay faster than PLA, which supports their appeal for biodegradation-needing applications; PEF's biodegradation is faster than PET only under industrial composting but otherwise similar in durability, implying material choice depends on expected disposal conditions.",medium,D2_C794,D2,Biodegradable Polymers Blends and Biocomposites Trends and Applications,polymer,unseen
OQ0030,What are the comparative advantages and limitations of PEF relative to PET in terms of thermal sensitivity and mechanical properties for long-term storage packaging?,comparison,"PEF has higher glass transition temperature, better gas diffusion barrier, and greater tensile strength than PET, favoring long-term storage, but it is more thermally sensitive and requires more careful processing.","The context states PEF’s semi-aromatic structure enhances thermal and mechanical properties beneficial for packaging, while also noting increased thermal sensitivity compared to PET, highlighting a trade-off in processing complexity.",medium,D2_C794,D2,Biodegradable Polymers Blends and Biocomposites Trends and Applications,polymer,unseen
OQ0031,How does the process of demineralization caused by bacterial acid production contribute to the progression from dental caries to tooth pulp infection and eventual tooth loss?,multi-hop,"Bacterial acids produced from sugar metabolism cause enamel demineralization by leaching calcium and phosphate, which weakens the tooth structure, allowing caries to progress into the pulp, potentially leading to abscesses and tooth loss.","The context explains that acids from bacterial metabolism cause enamel demineralization and that untreated caries can advance into the pulp causing abscesses and tooth loss, linking biochemical processes to clinical outcomes.",hard,D7_C004,D7,Hydroxyapatite in Oral Care Products A Review,ceramic,seen
OQ0032,Does the context provide specific mechanisms by which hydroxyapatite (HA) controls oral microbial biofilms to prevent caries and periodontal disease?,unanswerable,"No, the context mentions hydroxyapatite as bioactive but does not detail the mechanisms by which it controls oral microbial biofilms.",The text ends after introducing hydroxyapatite's bioactivity without describing its antimicrobial mechanisms or its role in biofilm control.,medium,D7_C004,D7,Hydroxyapatite in Oral Care Products A Review,ceramic,seen
OQ0033,"How do the sources of microplastic contamination in sea salt compare to those suggested for German beer production, and what implications does this have for understanding contamination pathways in consumable products?",comparison,"Sea salt microplastic contamination is primarily attributed to coastal waters with possible atmospheric deposition, while German beer contamination is linked to atmospheric depositions and production materials. This suggests multiple environmental and process-related contamination pathways for consumable products.","The context highlights coastal waters and atmospheric deposition as sources for sea salt contamination, whereas for German beer, atmospheric deposition and production materials are implicated, indicating different but overlapping contamination routes.",medium,D2_C274,D2,Biodegradable Polymers Blends and Biocomposites Trends and Applications,polymer,unseen
OQ0034,"What specific heavy metal contaminants adsorbed onto micro- and nanoplastics (MNPs) have been identified in consumable food products, and what are their potential health effects?",unanswerable,The context does not specify which heavy metals are adsorbed onto MNPs nor detail their potential health effects.,"While the context mentions that MNPs can adsorb heavy metals, it provides no specific information on the types of heavy metals involved or the associated toxicological outcomes.",hard,D2_C274,D2,Biodegradable Polymers Blends and Biocomposites Trends and Applications,polymer,unseen
OQ0035,"How does the weathering process of microplastics and nanoplastics contribute to their potential toxicity through free radical formation, and what role do reactive oxygen species (ROS) play in mitigating this effect?",reasoning,"Weathering causes C–H bond dissociation in micro- and nanoplastics, generating free radicals that can propagate harmful reactions; ROS pairs or oxidation of substrates help terminate these free radical reactions, thereby mitigating toxicity.","The context explains that weathering leads to free radical formation via C–H bond dissociation and that ROS can react to terminate these radicals, connecting plastic degradation chemistry with biological impact.",medium,D2_C281,D2,Biodegradable Polymers Blends and Biocomposites Trends and Applications,polymer,unseen
OQ0036,Does the context provide specific information on how the presence of transition metals influences the rate of free radical formation in weathered microplastics and nanoplastics?,unanswerable,"No, the context mentions that light or transition metal exposure likely increases free radical concentration but does not detail how transition metals influence the rate of free radical formation.","While transition metal exposure is noted to increase free radicals, the mechanism or quantitative effect on formation rate is not described, making the question unanswerable from the given context.",medium,D2_C281,D2,Biodegradable Polymers Blends and Biocomposites Trends and Applications,polymer,unseen
OQ0037,How do the mechanical and biological properties of functionally graded 6Al–4V coatings compare to those of porous Ti implants with specific pore sizes in terms of bone restoration and implant integration?,comparison,"Functionally graded 6Al–4V coatings provide good fracture toughness and bone restoration with enhanced biocompatibility and mechanical strength, while porous Ti implants with 100–400 µm pore sizes facilitate bone in-growth by mimicking natural bone porosity, promoting better implant integration.","The context describes 6Al–4V coatings as having good fracture toughness and bone restoration along with mechanical strength improvements via functional grading, whereas porous Ti implants allow bone in-growth due to their pore size matching natural bone structure, indicating complementary but distinct benefits.",medium,D9_C018,D9,A Review on Bio Composite Materials,composite,seen
OQ0038,Does the context provide information on the long-term effects of cobalt (Co) ion release from Co–Cr–Mo coatings on Ti–6Al–4V implants in terms of systemic toxicity or implant failure?,unanswerable,"No, the context does not provide information on the long-term systemic toxicity or implant failure related to cobalt ion release from Co–Cr–Mo coatings.","While the context mentions Co debris particles causing adverse effects on bone tissue, it lacks any details regarding long-term systemic toxicity or implant failure due to cobalt ion release from Co–Cr–Mo coatings.",hard,D9_C018,D9,A Review on Bio Composite Materials,composite,seen
OQ0039,"How does the presence of different alloying elements (Ti, Mo, W, Ta) in Zr-based alloys influence the mineralized matrix deposition by BMSCs compared to plastic and Grade 2 Ti surfaces under osteogenic induction?",multi-hop,"Alloy substrates containing Ti, Mo, W, or Ta show mineralized matrix deposition similar to or greater than plastic and Grade 2 Ti, as indicated by Alizarin Red staining and alkaline phosphatase activity after osteogenic induction.","The context details mineralized matrix deposition visualized by Alizarin Red staining on different substrates including plastic, Ti, and Zr-based alloys with various alloying elements, along with alkaline phosphatase activity normalized to DNA content, allowing comparison of osteogenic differentiation across materials.",hard,D6_C047,D6,A Comprehensive Review Surface Modification Strategies to Enhance Corrosion Resistance of Zirconia Based Biomaterials in Implant Applications,ceramic,unseen
OQ0040,Does the data provided allow determination of which specific alloying element in Zr-based alloys leads to the highest alkaline phosphatase activity in BMSCs under osteogenic induction?,unanswerable,"No, the context does not specify alkaline phosphatase activity values for each alloying element separately, only that data are normalized and presented for various substrates collectively.","While alkaline phosphatase activity normalized to DNA content is mentioned, the context lacks detailed quantitative comparison or ranking among the different alloy compositions, making it impossible to identify the alloying element with the highest activity.",medium,D6_C047,D6,A Comprehensive Review Surface Modification Strategies to Enhance Corrosion Resistance of Zirconia Based Biomaterials in Implant Applications,ceramic,unseen
OQ0041,How do doping oxides like Y2O3 and MgO contribute to overcoming the mechanical limitations of zirconia implants in dental applications?,reasoning,"Doping with oxides such as Y2O3 and MgO stabilizes the tetragonal or cubic phases of zirconia at room temperature, enhancing its mechanical properties and phase stability, thereby mitigating brittleness and improving implant performance.","The context explains that pure zirconia's brittleness and lower elastic modulus limit clinical use, but doping stabilizes higher-temperature phases with better mechanical traits at room temperature, addressing these drawbacks.",medium,D6_C007,D6,A Comprehensive Review Surface Modification Strategies to Enhance Corrosion Resistance of Zirconia Based Biomaterials in Implant Applications,ceramic,unseen
OQ0042,"What specific surface modification techniques have been shown to improve the biological integration of zirconia implants, and what mechanisms do they employ?",unanswerable,The context does not specify particular surface modification techniques or their mechanisms for enhancing biological integration of zirconia implants.,"While the context mentions surface modifications like coatings, laser treatments, and bioactive functionalization as strategies, it does not detail specific techniques or how they improve osseointegration.",hard,D6_C007,D6,A Comprehensive Review Surface Modification Strategies to Enhance Corrosion Resistance of Zirconia Based Biomaterials in Implant Applications,ceramic,unseen
OQ0043,"How do different concentrations and durations of hydrofluoric acid treatment affect the mechanical properties and surface morphology of zirconia implants, and what are the recommended parameters to optimize osseointegration without compromising strength?",multi-hop,"Higher HF concentrations (e.g., 40%) significantly reduce zirconia's surface hardness and flexural strength, while lower concentrations (5%) are recommended to maintain mechanical integrity; etching for 1 hour is optimal as longer durations (4 hours) further reduce strength without markedly improving morphology.","This answer synthesizes data from Xie et al. showing concentration-dependent effects on mechanical properties and Fischer et al. indicating the impact of etching duration, combining these findings to identify conditions balancing osseointegration and material strength.",hard,D6_C064,D6,A Comprehensive Review Surface Modification Strategies to Enhance Corrosion Resistance of Zirconia Based Biomaterials in Implant Applications,ceramic,unseen
OQ0044,Does the context provide specific comparative data on the biofilm formation differences between acid-etched zirconia surfaces treated with acetic acid versus citric acid?,unanswerable,"No, the context does not provide comparative data on biofilm formation between acetic acid and citric acid-treated zirconia surfaces.","While the context mentions acid treatments including acetic and citric acid, it only reports biofilm reduction on grit-blasted and acid-etched zirconia generally, without differentiating between these acid types.",medium,D6_C064,D6,A Comprehensive Review Surface Modification Strategies to Enhance Corrosion Resistance of Zirconia Based Biomaterials in Implant Applications,ceramic,unseen
OQ0045,How do the alkyl chain length and degree of substitution influence the hydrophobic interactions and aggregation behavior of modified chitosan polymers?,reasoning,"Longer alkyl chains enhance hydrophobic contacts and intra-aggregation, while the degree of substitution critically affects the formation of hydrophobic domains through alkyl-alkyl interactions.","The context explains that longer chains promote more efficient hydrophobic contacts and aggregation, and that the degree of substitution is important in forming hydrophobic domains, requiring integration of both factors.",medium,D12_C212,D12,Smart Ways of Biomaterial Designing Synthesis and Characterization,polymer|composite,unseen
OQ0046,"What specific regulatory approvals and equivalencies have been granted to chitosan-based hemostatic dressings in the US, and how might these influence their clinical adoption?",factual,"The HemConTM Bandage was FDA-cleared in 2008, and Axiostat has been recently found substantially equivalent and approved for marketing by the FDA, facilitating their clinical use by meeting regulatory standards.","The context provides exact regulatory milestones for these products, linking approval status to potential clinical adoption.",easy,D12_C212,D12,Smart Ways of Biomaterial Designing Synthesis and Characterization,polymer|composite,unseen
OQ0047,How do the incorporation of whey protein amyloid fibrils and gliadin nanoparticles influence the viscoelastic properties and stability of hydrogels for curcumin delivery?,reasoning,"The combination of whey protein amyloid fibrils and gliadin nanoparticles allows tuning of the hydrogel's microstructure, enhancing its viscoelasticity and stability, which improves curcumin loading and controlled release.","The context mentions hydrogels assembled from hybrids of whey protein amyloid fibrils and gliadin nanoparticles exhibiting tunable viscoelasticity and stability, indicating their role in optimizing hydrogel properties for curcumin delivery.",medium,D12_C513,D12,Smart Ways of Biomaterial Designing Synthesis and Characterization,polymer|composite,unseen
OQ0048,What are the specific biochemical mechanisms by which carbon nanotubes enhance the mechanical properties of composite hydrogels based on plant carbohydrates?,unanswerable,The context does not provide detailed biochemical mechanisms describing how carbon nanotubes enhance mechanical properties in plant carbohydrate-based composite hydrogels.,"While the context mentions carbon nanotubes in composite hydrogels based on plant carbohydrates, it lacks mechanistic details about their interaction or reinforcement at the biochemical level, making this information unavailable.",hard,D12_C513,D12,Smart Ways of Biomaterial Designing Synthesis and Characterization,polymer|composite,unseen
OQ0049,"How do hydrogels influence host immune response and inflammation in biomaterial implants, and what in vitro or in vivo models are typically used to evaluate these effects?",multi-hop,"Hydrogels modulate host immune response and inflammation by interacting with host-biomaterial interfaces, potentially reducing hypersensitivity and foreign body reactions; their effects are evaluated using in vitro models (e.g., immune cell assays) and in vivo models assessing inflammation and granulation tissue formation.","The context links hydrogels (156–167) with host immune response (229–244) and inflammation (230–238), as well as mentions in vitro (239–241) and in vivo models (239, 241–244) for studying these interactions, requiring synthesis of these sections.",hard,D12_C986,D12,Smart Ways of Biomaterial Designing Synthesis and Characterization,polymer|composite,unseen
OQ0050,What are the comparative advantages of nano-carriers versus liposomes for drug delivery in terms of molecular interactions and overcoming drug resistance mechanisms?,comparison,"Nano-carriers offer diverse molecular interactions and structural versatility that can enhance drug stability and targeting, potentially improving efficacy against drug resistance, while liposomes primarily facilitate lipid complexation and biocompatibility but may have limitations in overcoming some resistance pathways.","The context covers nano-carriers (122, 123, 127, 130, 137) and liposomes (262), molecular interactions (123, 141), drug delivery (122), and drug resistance (190), allowing a comparative analysis based on these linked themes.",hard,D12_C986,D12,Smart Ways of Biomaterial Designing Synthesis and Characterization,polymer|composite,unseen
OQ0051,How do the challenges of mimicking native tissue mechanical properties and ensuring controlled degradation rates influence the design criteria for biomaterials used in bone versus soft tissue applications?,reasoning,"Biomaterials for bone require higher mechanical strength and slower degradation to support load-bearing functions, while soft tissue applications prioritize flexibility and faster degradation to match tissue healing rates.","The context highlights the need for biomaterials to mimic mechanical properties and degrade at controlled rates tailored to specific tissues, implying that bone and soft tissue applications have distinct requirements based on their native biomechanical environment and healing dynamics.",hard,D10_C004,D10,Hydroxyapatite and Polycaprolactone Composites as Potential Biomaterials in Biomedical Applications,composite,unseen
OQ0052,What specific surface modification strategies are discussed in the context to enhance tissue-biomaterial interactions without compromising the mechanical strength of metallic biomaterials?,unanswerable,The context does not specify any particular surface modification strategies used to enhance tissue interaction while preserving mechanical strength in metallic biomaterials.,"Although the context mentions surface modifications improving interactions but causing low mechanical strength, it does not detail the types or strategies of these modifications, making the question unanswerable from the provided information.",medium,D10_C004,D10,Hydroxyapatite and Polycaprolactone Composites as Potential Biomaterials in Biomedical Applications,composite,unseen
OQ0053,"How does the incorporation of hydroxyapatite (HA) into polycaprolactone (PCL) nanofibers influence the proliferation and differentiation of human dental pulp cells, and what role does HA concentration play in mineralized matrix formation?",multi-hop,"Incorporating HA into PCL nanofibers enhances the proliferation and odontogenic differentiation of human dental pulp cells, with the concentration of HA influencing the extent of mineralized matrix formation; specifically, PCL scaffolds containing 2% HA show significant potential for dentinogenesis.","The context describes studies where HA was added to PCL scaffolds, showing increased cell proliferation and differentiation, and highlights that the HA concentration modulates mineralized matrix formation, indicating the importance of dosage for biological outcomes.",medium,D10_C083,D10,Hydroxyapatite and Polycaprolactone Composites as Potential Biomaterials in Biomedical Applications,composite,unseen
OQ0054,What are the comparative effects of incorporating fluoro-hydroxyapatite (FHA) versus hydroxyapatite (HA) into PCL matrix composites on their biocompatibility and support for dental pulp cell functions?,unanswerable,The context does not provide information comparing the effects of FHA versus HA in PCL composites on biocompatibility or dental pulp cell functions.,"While the context mentions incorporation of HA, FHA, and forsterite into PCL, it only provides detailed results for HA and does not discuss comparative effects or data regarding FHA, making the question unanswerable based on the given information.",hard,D10_C083,D10,Hydroxyapatite and Polycaprolactone Composites as Potential Biomaterials in Biomedical Applications,composite,unseen
OQ0055,How do the distinct biodegradation mechanisms of cellulose and lignin influence the overall degradation rate when lignocellulosic fibers are incorporated into polymer composites?,reasoning,"Cellulose degrades via enzymatic hydrolysis by microorganisms, while lignin degrades more slowly through oxidative radical mechanisms by fungi; thus, incorporating lignocellulosic fibers introduces both rapid and slower degrading components, with matrix imperfections from fillers enhancing overall biodegradation rate.","The context explains cellulose’s enzymatic hydrolysis and lignin’s free radical oxidation by fungi, and states that adding lignocellulosic fibers introduces imperfections in polymer matrices that increase degradation rates, requiring synthesis of these points.",hard,D2_C631,D2,Biodegradable Polymers Blends and Biocomposites Trends and Applications,polymer,unseen
OQ0056,What is the role of compatibilization of lignocellulosic fillers in influencing the biodegradability of polymer composites?,unanswerable,The context does not provide information on how compatibilization of lignocellulosic fillers affects the biodegradability of polymer composites.,"Although the context mentions that non-compatibilized fillers create imperfections that increase biodegradability, it does not discuss the effects or role of compatibilized fillers.",medium,D2_C631,D2,Biodegradable Polymers Blends and Biocomposites Trends and Applications,polymer,unseen
OQ0057,How do bacterial interactions within living organisms influence the degradation of ingested microplastics and subsequent release of endocrine-disrupting additives?,reasoning,"Bacteria within organisms can facilitate the degradation of ingested microplastics, potentially enhancing the leaching of endocrine-disrupting additives into the host, thereby affecting organ toxicities.","The context links bacterial presence to polymer degradation susceptibility and chemical additive release, indicating bacteria contribute to microplastic breakdown and additive transmission to organisms.",hard,D2_C313,D2,Biodegradable Polymers Blends and Biocomposites Trends and Applications,polymer,unseen
OQ0058,What specific mechanisms or pathways mediate the transport of microplastic-derived additives from ingestion to endocrine glands such as the pituitary and thyroid in humans?,unanswerable,The context does not provide details on the mechanisms or pathways by which microplastic additives are transported from ingestion sites to endocrine glands.,"While the context mentions endocrine glands as targets of disruption and additive release from microplastics, it lacks information on the biological transport or molecular pathways involved.",hard,D2_C313,D2,Biodegradable Polymers Blends and Biocomposites Trends and Applications,polymer,unseen
OQ0059,How does the use of tree leaves as filler in the biomaterial recipe influence its biodegradability and physical shrinkage compared to sawdust and orange peel fillers?,comparison,The tree leaf-based biomaterial exhibits higher shrinkage than the other recipes and has biodegradability and density properties intermediate between sawdust and orange peel fillers.,"The context indicates that among three recipes, the one using tree leaves has the highest shrinkage but falls between sawdust and orange peel in terms of density, dissolvability, and biodegradability, requiring comparison of these properties.",medium,D13_C030,D13,Biomaterial Recipes for 3D Printing A Cookbook of Sustainable and Extrudable Bio Pastes,polymer|composite,unseen
OQ0060,What is the impact of varying the decay time of tree leaves on the color and performance characteristics of the resulting biomaterial?,unanswerable,The context does not provide specific information on how varying the decay time of tree leaves affects the color or performance characteristics of the biomaterial.,"While the context mentions that the type of tree leaf and decay time impact the recipe, no data or description is given about the effects of decay time on color or performance metrics, making the question unanswerable.",hard,D13_C030,D13,Biomaterial Recipes for 3D Printing A Cookbook of Sustainable and Extrudable Bio Pastes,polymer|composite,unseen
OQ0061,"How do the composite materials of hydroxyapatite, chitosan, and carbon nanotubes synergistically contribute to bone healing compared to using hydroxyapatite alone?",reasoning,"The composite combines hydroxyapatite's osteoconductivity with chitosan's biocompatibility and carbon nanotubes' mechanical strength, potentially enhancing bone healing beyond hydroxyapatite alone.","The context references an in vitro evaluation of the hydroxyapatite, chitosan, and carbon nanotube composite for bone healing, implying a multi-component approach that leverages each material's properties for improved outcomes.",hard,D12_C892,D12,Smart Ways of Biomaterial Designing Synthesis and Characterization,polymer|composite,unseen
OQ0062,Does the context provide detailed mechanisms on how biodegradable biomaterials are modified to improve hemocompatibility in clinical applications?,unanswerable,"No, the context mentions strategies to improve hemocompatibility of biodegradable biomaterials but does not provide detailed mechanisms of modification.","While the context references a source discussing strategies for hemocompatibility, it lacks specific mechanistic details or descriptions of the modifications involved, making the question unanswerable.",medium,D12_C892,D12,Smart Ways of Biomaterial Designing Synthesis and Characterization,polymer|composite,unseen
OQ0063,How do the properties of bio-adhesive materials combined with smart thermo-reversible polymers enhance the effectiveness of intranasal drug delivery systems compared to using solutions alone?,reasoning,"The combination improves mucosal adhesion and controlled drug release due to bio-adhesive properties and thermo-reversibility, overcoming the disadvantages of simple solutions such as rapid clearance and limited residence time.",The context highlights that simple solutions have disadvantages in intranasal delivery and that bio-adhesive materials combined with thermo-reversible polymers are preferred to address these issues by enhancing adhesion and drug retention.,medium,D12_C775,D12,Smart Ways of Biomaterial Designing Synthesis and Characterization,polymer|composite,unseen
OQ0064,"What is the reported effect of incorporating Radix bupleuri root essential oil into ion-activated gellan gum for intranasal delivery, and how does this combination relate to its traditional medicinal uses?",factual,"Incorporation of Radix bupleuri root essential oil into ion-activated gellan gum facilitates intranasal delivery aimed at treating fever, pain, and inflammation associated with influenza, consistent with its traditional medicinal applications.","The context directly mentions that Guo and coworkers used ion-activated gellan gum to deliver Radix bupleuri oil, traditionally used for inflammatory and febrile conditions related to influenza.",easy,D12_C775,D12,Smart Ways of Biomaterial Designing Synthesis and Characterization,polymer|composite,unseen
OQ0065,How does the extracellular matrix of biofilms contribute to antibiotic resistance and chronic infections caused by pathogens such as uropathogenic Escherichia coli and Klebsiella pneumoniae?,reasoning,"The extracellular matrix, comprising 90% of the biofilm mass, protects bacteria from immune defenses like opsonization and phagocytosis and limits antibiotic penetration, facilitating the persistence of drug-resistant pathogens causing chronic infections.","The context explains that the biofilm’s extracellular matrix shields bacteria from host immune responses and antibiotics, enabling exchange of drug-resistance traits and contributing to persistent infections by specific pathogens.",hard,D12_C577,D12,Smart Ways of Biomaterial Designing Synthesis and Characterization,polymer|composite,unseen
OQ0066,Does the context provide specific molecular mechanisms by which mixed biofilms involving Streptococcus mutans enhance virulence in periodontitis?,unanswerable,"No, the context does not detail specific molecular mechanisms of virulence enhancement by mixed biofilms involving Streptococcus mutans in periodontitis.","While the context mentions mixed biofilms in periodontitis involving Streptococcus mutans, it lacks detailed molecular or mechanistic explanations related to virulence enhancement.",medium,D12_C577,D12,Smart Ways of Biomaterial Designing Synthesis and Characterization,polymer|composite,unseen
OQ0067,How does the incorporation of silicon dioxide (SiO2) into hydroxyapatite (HAp)-based composites influence their suitability for load-bearing bone repair compared to bHA-coated Ti/Al alloys?,comparison,"Increasing SiO2 content in HAp composites enhances density, compressive strength (up to 164.82 MPa), and fatigue resistance, making them suitable for load-bearing bone repair, whereas bHA-coated Ti/Al alloys promote bone formation through excellent bioactivity and biodegradability but do not specify mechanical strength comparable to natural bone.","The context indicates that SiO2 addition improves mechanical properties close to natural bone, favoring load-bearing applications, while bHA-coated Ti/Al alloys excel in bioactivity and bone integration but lack detailed mechanical property data, requiring synthesis of mechanical and biological performance aspects.",hard,D8_C019,D8,Application of Hydroxyapatite Composites in Bone Tissue Engineering A Review,ceramic,unseen
OQ0068,Does the context provide information on the long-term degradation kinetics of SiO2-HAp composites in vivo?,unanswerable,"No, the context does not provide any information on the long-term degradation kinetics of SiO2-HAp composites in vivo.","While the context discusses biodegradability and bioactivity of bHA-coated Ti/Al alloys and mechanical properties of SiO2-HAp composites, it lacks any data or discussion regarding the in vivo degradation behavior of SiO2-HAp composites over time.",medium,D8_C019,D8,Application of Hydroxyapatite Composites in Bone Tissue Engineering A Review,ceramic,unseen
OQ0069,"How does the processing method impact the thermal stability and degradation behavior of PHBV, and why is solvent mixing preferred over melt mixing?",reasoning,"PHBV undergoes thermal degradation near or above its melting temperature (~171 °C), so solvent mixing is preferred to avoid this degradation during processing, unlike melt mixing which exposes the polymer to high temperatures.","The context states that melt processing causes thermal degradation of PHBV near its melting point, while solvent mixing avoids high-temperature exposure, preserving polymer stability.",medium,D2_C614,D2,Biodegradable Polymers Blends and Biocomposites Trends and Applications,polymer,unseen
OQ0070,Can the incorporation of lignocellulosic fillers simultaneously improve the biodegradation rate and barrier properties of biodegradable polymers like PBS and PBAT?,unanswerable,"The context confirms lignocellulosic fillers can enhance biodegradation rate but does not provide information on their effect on barrier properties, so this cannot be determined.","While the text mentions lignocellulosic fillers improve biodegradation, it does not specify any impact on oxygen or water vapor barrier properties, leaving this question unanswered.",hard,D2_C614,D2,Biodegradable Polymers Blends and Biocomposites Trends and Applications,polymer,unseen
OQ0071,"How does the implementation of Directive 904/2019 influence the adoption of biopolymers in the European market, considering the role of standards like EN 13432:2002?",reasoning,"Directive 904/2019 bans single-use plastics in the EU, driving demand for alternative materials such as biopolymers; test standards like EN 13432:2002 support this by providing methods to assess biodegradability and compostability, facilitating biopolymers' integration into a circular economy.","The context links the directive banning plastic disposables with the development of test standards that enable evaluation of bioplastics, thus promoting their use within circular economy frameworks.",medium,D2_C863,D2,Biodegradable Polymers Blends and Biocomposites Trends and Applications,polymer,unseen
OQ0072,What are the specific molecular characteristics of biopolymers that distinguish them from petroleum-based polymers in terms of biodegradability and biocompatibility?,unanswerable,The context does not provide detailed molecular characteristics differentiating biopolymers from petroleum-based polymers regarding biodegradability and biocompatibility.,"Although the context mentions that biopolymers are made of monomeric units and are biodegradable and biocompatible, it lacks specific molecular-level descriptions or comparisons to petroleum-based polymers.",hard,D2_C863,D2,Biodegradable Polymers Blends and Biocomposites Trends and Applications,polymer,unseen
OQ0073,How do the properties of chitosan/konjac glucomannan bilayer films contribute to their functionality as wound dressings compared to traditional single-polymer films?,comparison,"Chitosan/konjac glucomannan bilayer films combine the biocompatibility and antimicrobial properties of chitosan with the moisture retention and mechanical strength of konjac glucomannan, enhancing wound healing efficacy compared to single-polymer films.","The context references characterization and in vitro evaluation of chitosan/konjac glucomannan bilayer films as wound dressings (Gomes Neto et al., 2019), implying their composite properties improve performance over single materials.",medium,D12_C156,D12,Smart Ways of Biomaterial Designing Synthesis and Characterization,polymer|composite,unseen
OQ0074,"What are the mechanistic insights into the biodegradation behavior of polycaproamide in biological systems, and how do these insights inform the design of bio-erodible materials for personalized healthcare sensors?",unanswerable,The context does not provide detailed mechanistic insights into polycaproamide biodegradation or its implications for designing bio-erodible materials in personalized healthcare sensors.,"While the context mentions polycaproamide degradation in rabbits and model media (Gumargalieva et al., 1980), it lacks mechanistic details or links to sensor design, making the question unanswerable from the provided information.",hard,D12_C156,D12,Smart Ways of Biomaterial Designing Synthesis and Characterization,polymer|composite,unseen
OQ0075,"How do the changes in lamellar thickness and crystallinity differ between biotic and abiotic degradation of starch-filled LDPE, and what underlying mechanisms explain these differences?",reasoning,"Biotic degradation decreases lamellar thickness and crystallinity due to microbial consumption of polymers for energy, whereas abiotic degradation maintains or increases lamellar thickness and crystallinity because bond breakage leads to polymer rearrangement and higher order.","The context explains that microorganisms metabolize polymers, causing reduced lamellar thickness and crystallinity, while abiotic degradation breaks bonds and allows polymer chains to reorder, increasing crystallinity and lamellar thickness.",hard,D1_C144,D1,Biodegradable Polymers,polymer,seen
OQ0076,Does the context provide detailed information on how the swelling behavior of native starch in LDPE composites affects the mechanical properties during degradation?,unanswerable,"No, the context mentions swelling of native starch in LDPE but does not provide information on its impact on mechanical properties during degradation.","While swelling of starch is noted, the context lacks any discussion or data on mechanical property changes related to this swelling, making the question unanswerable from the provided information.",medium,D1_C144,D1,Biodegradable Polymers,polymer,seen
OQ0077,"How do the Sulforhodamine B assay and dye exclusion assays compare in evaluating cytotoxicity of biomaterials, and what advantages might one have over the other based on their methodological differences?",comparison,"The Sulforhodamine B assay measures total cellular protein as an indicator of cell density, whereas dye exclusion assays assess membrane integrity to determine cell viability; thus, Sulforhodamine B may provide a more quantitative measure of cell proliferation while dye exclusion assays offer rapid viability assessment.","The context references both the Sulforhodamine B assay (Voigt, 2005) and dye exclusion assays (Weisenthal et al., 1983) for cytotoxicity evaluation, indicating their differing biological endpoints—protein content versus membrane integrity—implying distinct advantages in sensitivity and quantification.",medium,D12_C896,D12,Smart Ways of Biomaterial Designing Synthesis and Characterization,polymer|composite,unseen
OQ0078,Does the provided context include detailed protocols for assessing the mutagenic potential of cross-linked biomaterials using the Ames test?,unanswerable,"No, the context mentions the Ames test generally but does not provide detailed protocols or specific application of the Ames test to cross-linked biomaterials.","While the reference to the Ames test (Mathur et al., 2018) is present, the context lacks information on its detailed methodology or its use specifically with cross-linked biomaterials, making the question unanswerable from the given text.",easy,D12_C896,D12,Smart Ways of Biomaterial Designing Synthesis and Characterization,polymer|composite,unseen
OQ0079,"How do the concentrations of airborne polyester microfibres during flocking operations compare to the estimated annual microfibre deposits in ocean ecosystems, and what implications does this have for environmental pollution control strategies?",multi-hop,"Airborne polyester microfibre concentrations during flocking can reach up to 1,000,000 fibres/m³, while approximately 2 million tons of microfibres enter oceans yearly with 1.3 million tons deposited; this indicates industrial emissions significantly contribute to environmental microfibre pollution, highlighting the need for targeted control at manufacturing sites.","The context provides data on airborne fibre concentrations during flocking and separately quantifies annual microfibre ocean deposits, allowing comparison and inference about industrial contributions to environmental contamination.",hard,D2_C259,D2,Biodegradable Polymers Blends and Biocomposites Trends and Applications,polymer,unseen
OQ0080,Does the context provide sufficient information to determine the specific chemical composition differences between microfibres originating from synthetic textiles versus other microplastic sources in ocean shorelines?,unanswerable,"No, the context does not provide detailed chemical composition data distinguishing microfibres from synthetic textiles and other microplastic sources.","While the context quantifies the proportion of microfibres from synthetic textiles and their prevalence on shorelines, it lacks specific chemical characterization or compositional analysis needed to differentiate sources.",medium,D2_C259,D2,Biodegradable Polymers Blends and Biocomposites Trends and Applications,polymer,unseen
OQ0081,"How does the incorporation of pullulan into PHBV films influence the oxygen permeability and biodegradability of the resulting blend, and what mechanism underlies these changes?",reasoning,"Adding pullulan to PHBV films reduces oxygen permeability and increases biodegradability because pullulan's water solubility leads to its rapid removal, exposing more PHBV surface area to degradation.","The context explains that pullulan has very low oxygen permeability and is water soluble, and when blended with PHBV, its removal increases PHBV's exposed surface area, enhancing biodegradability and reducing oxygen permeability.",medium,D1_C178,D1,Biodegradable Polymers,polymer,seen
OQ0082,Can starch be used as a coating material to directly replace pullulan for reducing oxygen permeability in biodegradable food packaging films?,unanswerable,The context does not provide information on starch's effectiveness in reducing oxygen permeability or its suitability as a direct replacement for pullulan in coatings.,"While starch is mentioned as a filler to accelerate degradation in synthetic polymers and as a coating material, there is no data on its oxygen barrier properties or direct comparison with pullulan for this application.",hard,D1_C178,D1,Biodegradable Polymers,polymer,seen
OQ0083,How do the chemical methods for chitin extraction compare to biological methods in terms of process steps and potential impact on the biopolymer's purity and functionality?,comparison,"Chemical methods for chitin extraction involve controlled demineralisation and deproteinisation using chemicals, whereas biological methods use enzymes or microorganisms to achieve these steps, potentially resulting in differences in purity and functional properties.","The context mentions that chitin extraction involves demineralisation and deproteinisation controlled by chemical or biological methods, implying differences in approach and possible effects on the final biopolymer characteristics.",medium,D12_C191,D12,Smart Ways of Biomaterial Designing Synthesis and Characterization,polymer|composite,unseen
OQ0084,What are the specific advantages of using microbial sources like bacterial cellulose over plant-based sources such as hemp fibres in preparing biomass-derived biopolymer blends for enhanced strength and functionality?,unanswerable,The context does not provide detailed advantages or comparative analysis between microbial sources like bacterial cellulose and plant-based sources such as hemp fibres regarding their contribution to the strength and functionality of biopolymer blends.,"While the context mentions microbial sources and hemp fibres being used in blends, it lacks specific information on the comparative benefits or mechanisms by which each source enhances material properties.",hard,D12_C191,D12,Smart Ways of Biomaterial Designing Synthesis and Characterization,polymer|composite,unseen
OQ0085,How do biopolymer-based drug delivery systems potentially improve the clinical efficacy of anticancer phytomedicines compared to conventional dosage forms?,reasoning,"Biopolymer-based systems can enhance the bioavailability and biological half-life of anticancer phytomedicines while reducing side effects, addressing limitations like low solubility and rapid clearance inherent to conventional forms.","The context states that conventional phytomedicines have short half-lives, low solubility, and side effects that limit efficacy, which biopolymer-based delivery systems aim to overcome by improving these pharmacokinetic and safety profiles.",medium,D12_C769,D12,Smart Ways of Biomaterial Designing Synthesis and Characterization,polymer|composite,unseen
OQ0086,"What specific role does nanotechnology play in advancing cancer diagnosis according to the context, and how might this relate to drug delivery strategies?",unanswerable,The context mentions nanotechnology's ability to detect distinct tumor cells but does not provide details on its specific roles in diagnosis or its integration with drug delivery strategies.,"While nanotechnology's competence to identify tumor cells is noted, the context lacks explicit information on its diagnostic mechanisms or how it interfaces with drug delivery approaches, making this question unanswerable from the given text.",hard,D12_C769,D12,Smart Ways of Biomaterial Designing Synthesis and Characterization,polymer|composite,unseen
OQ0087,"How do the biodegradation rates of PCL, PBAT, and PLA compare under composting conditions, and what factors might explain the differences in their degradation times?",comparison,"PCL achieves 100% biodegradation in 67 days, PBAT reaches 81% in 33 days, and PLA biodegrades completely in 150 days under composting conditions; differences likely arise from their distinct polymer structures affecting microbial accessibility and enzymatic breakdown rates.","The context provides specific biodegradation percentages and durations for PCL, PBAT, and PLA under composting; comparing these values and considering polymer structural factors explains the observed differences.",medium,D2_C190,D2,Biodegradable Polymers Blends and Biocomposites Trends and Applications,polymer,unseen
OQ0088,"Can the composting process described ensure complete biodegradation of all polymers mentioned, including their effects on molecular weight, crystallinity, and mechanical properties during degradation?",unanswerable,"The context does not provide comprehensive data on complete biodegradation or detailed effects on molecular weight, crystallinity, and mechanical properties for all polymers during composting.","While the text mentions some polymer degradation results and measurements, it lacks complete information about all polymers' full biodegradation and associated property changes under composting.",hard,D2_C190,D2,Biodegradable Polymers Blends and Biocomposites Trends and Applications,polymer,unseen
OQ0089,How might cisplatin-based chemotherapy influence the mechanical stability and histological integration of dental implants compared to standard cases without chemotherapy?,reasoning,"Cisplatin-based chemotherapy negatively affects osseointegration by impairing bone remodeling, leading to reduced mechanical stability and poorer histological integration of dental implants.","The context reports an in vivo mechanical and histometrical study showing the influence of cisplatin-based chemotherapy on implant osseointegration, indicating chemotherapy disrupts normal bone healing and integration processes.",medium,D5_C067,D5,Titanium Dental Implants An Overview of Applied Nanobiotechnology to Improve Biocompatibility and Prevent Infections,metal,seen
OQ0090,Does the context provide specific evidence on whether women have a higher risk of iatrogenic inferior alveolar nerve injury during dental implant surgery compared to men?,unanswerable,"No, the context mentions a study questioning women's susceptibility but does not provide conclusive evidence or results regarding comparative risk between genders.","While the cited study addresses gender susceptibility to nerve injury, the context lacks detailed findings or data to confirm any difference in risk.",easy,D5_C067,D5,Titanium Dental Implants An Overview of Applied Nanobiotechnology to Improve Biocompatibility and Prevent Infections,metal,seen
OQ0091,How do the changes in nano-hydroxyapatite (nano-HA) particle size from 100 to 50 nanometers influence its effectiveness in enamel remineralization?,reasoning,"Reducing nano-HA particle size from 100 to 50 nanometers enhances its ability to penetrate below the enamel surface, thereby improving remineralization effectiveness.","The context indicates that decreasing particle size increases penetration depth beneath enamel, which is key for effective remineralization, linking particle size to functional performance.",medium,D7_C008,D7,Hydroxyapatite in Oral Care Products A Review,ceramic,seen
OQ0092,Has naturally sourced hydroxyapatite been evaluated for use in oral care products such as dentifrices or oral rinses according to the provided information?,unanswerable,"No, the context states that the use of naturally sourced hydroxyapatite in oral care products has not been investigated.","The context explicitly mentions the lack of investigation into naturally sourced HA for oral care, indicating insufficient information to confirm its evaluation or application.",easy,D7_C008,D7,Hydroxyapatite in Oral Care Products A Review,ceramic,seen
OQ0093,"How does the rate of compression influence the mechanical response of hydrogels in terms of poroelasticity, and what underlying mechanism explains this behavior?",reasoning,"Faster compression rates increase hydrogel stiffness due to higher frictional resistance as water moves through the porous matrix, while slower compression allows softness because water migrates more easily, reducing stress.","The context explains that poroelasticity arises from solvent migration and friction between polymer and water; since this is time-dependent, faster compression traps water causing stiffness, whereas slower compression permits water flow and softness.",medium,D3_C014,D3,Hydrogel,polymer,seen
OQ0094,"Can the sinusoidal shear stress response of hydrogels under dynamic loading be fully explained by poroelasticity alone, or is viscoelasticity also required to model their mechanical behavior?",unanswerable,The context does not provide sufficient information to determine whether poroelasticity alone explains the sinusoidal shear response or if viscoelasticity must also be considered.,"While the context mentions poroelasticity and viscoelasticity as related but distinct phenomena affecting hydrogel mechanics, it does not specify whether poroelasticity alone can model the sinusoidal shear response or if viscoelasticity is also necessary.",hard,D3_C014,D3,Hydrogel,polymer,seen
OQ0095,"How do the presence of specific amino acids like cysteine, glycine, and proline influence the mechanical properties and chemical modification potential of peptide-based hydrogels?",reasoning,"Cysteine provides sites for chemical modifications, glycine imparts flexibility by reducing steric hindrance, and proline contributes rigidity due to its locked conformation, collectively affecting the hydrogel’s mechanical properties and functionalization potential.","The context identifies cysteine as a target for chemical modification, glycine as responsible for flexibility, and proline for rigidity; synthesizing these roles explains their combined impact on hydrogel properties.",medium,D4_C026,D4,Peptide Based Hydrogels Biomaterials From Synthesis to Biomedical Applications,polymer,unseen
OQ0096,"Do peptide-based hydrogels with hydrophilic groups such as amine, carboxylate, and hydroxyl show enhanced capability for delivering hydrophobic drugs?",unanswerable,The context does not provide information about the delivery capacity of peptide-based hydrogels specifically for hydrophobic drugs.,"While the text discusses water retention and delivery of water-soluble medications due to hydrophilic groups, it lacks any information about hydrophobic drug delivery, making the question unanswerable from the provided context.",hard,D4_C026,D4,Peptide Based Hydrogels Biomaterials From Synthesis to Biomedical Applications,polymer,unseen
OQ0097,How might the physicochemical and mucoadhesive properties of Aloe vera-derived natural polymers influence the design of biodegradable polymeric nanoparticles for targeted drug delivery in neurodegenerative diseases?,reasoning,"The mucoadhesive and physicochemical characteristics of Aloe vera polymers can enhance nanoparticle stability and retention at mucosal sites, potentially improving targeted delivery and sustained release of drugs in neurodegenerative disease treatments.",The context provides data on Aloe vera's mucoadhesive strength and physicochemical properties as well as information on biodegradable polymeric nanoparticles; combining these suggests potential advantages in nanoparticle drug delivery systems targeting neurological conditions.,hard,D12_C811,D12,Smart Ways of Biomaterial Designing Synthesis and Characterization,polymer|composite,unseen
OQ0098,What are the comparative advantages of using cellulose microfibers from Gleditsia triacanthos versus polysaccharides from Colocasia esculenta and Opuntia spp. in multifunctional wound dressings with antimicrobial and antioxidant properties?,comparison,"Cellulose microfibers from Gleditsia triacanthos provide structural support and inherent phenolic compounds contributing to antimicrobial and antioxidant effects, whereas polysaccharides from Colocasia esculenta and Opuntia spp. mainly offer thermal stability and rheological benefits but lack detailed antimicrobial properties in the context.","The context details the composition and properties of polysaccharides from Colocasia and Opuntia and highlights the multifunctional wound dressing potential of Gleditsia cellulose microfibers combined with phenolics, allowing a comparative analysis.",medium,D12_C811,D12,Smart Ways of Biomaterial Designing Synthesis and Characterization,polymer|composite,unseen
OQ0099,"How do methacrylic acid modifications influence the properties of cocoa pod husk-filled polypropylene composites compared to unmodified composites, and what implications might this have for their application in biomaterials?",reasoning,"Methacrylic acid modification improves the compatibility and interfacial adhesion between cocoa pod husk fillers and polypropylene, enhancing composite mechanical properties and potentially increasing their suitability for biomaterial applications requiring improved durability.","The context mentions methacrylic acid modification of cocoa pod husk-filled polypropylene composites, implying enhanced composite properties through chemical modification; reasoning about improved filler-matrix interaction leads to better mechanical performance relevant to biomaterials.",medium,D2_C556,D2,Biodegradable Polymers Blends and Biocomposites Trends and Applications,polymer,unseen
OQ0100,"What specific purification techniques are most effective for recovering fermentation-derived lactic acid from agro-industrial wastes, and how do these methods compare in efficiency and selectivity?",unanswerable,The context does not provide detailed information on specific purification techniques or comparative efficiencies for recovering fermentation-derived lactic acid.,"Although the context references reviews on lactic acid production and novel extractants for lactic acid recovery, it lacks explicit details on purification methods or comparative analyses, making the question unanswerable from the provided text.",hard,D2_C556,D2,Biodegradable Polymers Blends and Biocomposites Trends and Applications,polymer,unseen
OQ0101,"How does the incorporation of zirconia in zirconia-toughened alumina (ZTA) improve its mechanical performance compared to 3Y-TZP, and what role does particle distribution play in this enhancement?",reasoning,"ZTA improves mechanical strength, wear resistance, fracture toughness, and aging resistance by optimally distributing 5–30% zirconia particles within an alumina matrix, whereas 3Y-TZP offers excellent strength and fracture toughness as a monophasic zirconia stabilized with 2–3 mol% Y2O3. The particle size and distribution in ZTA optimize these properties without needing additional dopants.","The context states that 3Y-TZP is strong and tough due to stabilization with yttria, while ZTA combines alumina and zirconia to enhance multiple mechanical properties through controlled particle size and distribution, indicating a composite effect beyond the monophasic 3Y-TZP.",hard,D6_C009,D6,A Comprehensive Review Surface Modification Strategies to Enhance Corrosion Resistance of Zirconia Based Biomaterials in Implant Applications,ceramic,unseen
OQ0102,What specific modifications in the microstructure or composition could have potentially prevented the frequent fractures observed in alumina dental implants developed in the 1970s?,unanswerable,The context does not provide details on microstructural or compositional modifications that could have prevented alumina implant fractures.,"While the context notes alumina implants were discontinued due to fractures, it lacks information about potential modifications or strategies to overcome this limitation.",medium,D6_C009,D6,A Comprehensive Review Surface Modification Strategies to Enhance Corrosion Resistance of Zirconia Based Biomaterials in Implant Applications,ceramic,unseen
OQ0103,How does the relative pH of a solution to the isoelectric point (IEP) of a protein influence the strength and stability of electrostatic complexes formed with polysaccharides?,reasoning,"When the solution pH is below the protein's IEP, proteins carry positive charges that strongly interact with negatively charged polysaccharides, forming stable electrostatic complexes. At pH near the IEP, protein net charge is zero, leading to poor solubility and weak complexation. Above the IEP, proteins have negative charges, reducing favorable electrostatic interactions with polysaccharides.","The context explains three scenarios correlating solution pH relative to protein IEP with protein charge states and their interaction potential with negatively charged polysaccharides, influencing complex strength and stability.",medium,D12_C375,D12,Smart Ways of Biomaterial Designing Synthesis and Characterization,polymer|composite,unseen
OQ0104,Can the context determine the effect of ionic strength variations on the morphology and mechanical properties of protein-polysaccharide complexes?,unanswerable,"No, the context mentions ionic strength as a factor influencing interactions but does not provide details on how it affects the morphology or mechanical properties of protein-polysaccharide complexes.","While ionic strength is listed among several influencing factors, the context lacks specific information or experimental results connecting ionic strength changes to morphological or mechanical outcomes.",hard,D12_C375,D12,Smart Ways of Biomaterial Designing Synthesis and Characterization,polymer|composite,unseen
OQ0105,How can the economic viability of PHA production be improved by modifying the choice of carbon sources and what are the environmental implications of current extraction methods?,reasoning,"Using industrial byproducts like wastewaters, agricultural feedstocks, waste plant oils, and kitchen wastes can significantly reduce PHA production costs; however, the current extraction process involves chemical digestion and solvent extraction, which contributes to about 50% of total costs and causes environmental and socio-economic issues.","The context states that conventional carbon sources are expensive and unstable in price, while industrial byproducts offer cost reduction. It also highlights that extraction is costly and environmentally problematic due to chemical and solvent use.",hard,D2_C452,D2,Biodegradable Polymers Blends and Biocomposites Trends and Applications,polymer,unseen
OQ0106,Does the context provide detailed mechanisms by which PHAs release insecticides into the soil under specific environmental conditions?,unanswerable,"No, the context mentions PHAs releasing insecticides in soil under certain conditions but does not detail the mechanisms involved.","While the context references PHA as an insecticide carrier and its release in soil, it lacks any mechanistic explanation or specific environmental triggers for this release.",medium,D2_C452,D2,Biodegradable Polymers Blends and Biocomposites Trends and Applications,polymer,unseen
OQ0107,"How do the sources and quantities of microplastic contamination differ between honey, German beer, and sugar according to the studies mentioned?",comparison,"Honey contained about 174 fibers and 8 fragments per kilogram, sugar had about 217 fibers and 32 fragments per kilogram, while German beer showed up to 109 microplastic fragments per liter, with contamination sources attributed mainly to atmospheric deposition and brewing materials.","The context provides quantitative data for fibers and fragments in honey and sugar, and microplastic fragments in beer, along with suggested contamination origins for beer, allowing comparison of contamination levels and sources across the three matrices.",medium,D2_C273,D2,Biodegradable Polymers Blends and Biocomposites Trends and Applications,polymer,unseen
OQ0108,Does the context provide any analytical methods used to confirm the plastic nature of microfibers and fragments found in honey and sugar samples?,unanswerable,No analytical methods were reported in the context to confirm whether the particles found in honey and sugar were plastic.,"The context explicitly states that no methods were used to determine if the particles were plastic, indicating insufficient information on analytical confirmation techniques.",easy,D2_C273,D2,Biodegradable Polymers Blends and Biocomposites Trends and Applications,polymer,unseen
OQ0109,How do the inherent thixotropic properties of sodium alginate compare to those of other polysaccharides like guar gum and xanthan gum in biomedical applications?,comparison,"Sodium alginate inherently exhibits biocompatibility, gelling ability, and low toxicity making it widely used in biomedical applications, whereas guar gum and xanthan gum require modifications to introduce or enhance thixotropic behavior for similar uses.","The context highlights sodium alginate as inherently biocompatible and used in drug delivery and tissue engineering, while other polysaccharides are mentioned as candidates for modification to gain thixotropic properties, implying a difference in their native rheological behavior.",medium,D12_C905,D12,Smart Ways of Biomaterial Designing Synthesis and Characterization,polymer|composite,unseen
OQ0110,"What specific molecular modifications are necessary to introduce thixotropic behavior into plant polysaccharides like guar gum, and how do these modifications influence their biomedical applicability?",unanswerable,The context does not specify the exact molecular modifications required for guar gum nor their impact on biomedical applications.,"While the context states that some polysaccharides are modified to introduce thixotropic properties, it does not provide details on the types of modifications or their effects, making the question unanswerable from the given information.",hard,D12_C905,D12,Smart Ways of Biomaterial Designing Synthesis and Characterization,polymer|composite,unseen
OQ0111,How does embedding the herbicide MCPA into PBAT/PLA mulch films influence their effectiveness against broadleaf weeds compared to using PBAT/PLA blends without such additives?,comparison,Embedding MCPA into PBAT/PLA mulch films enhances their control against broadleaf weed species beyond the effect of PBAT/PLA blends without the herbicide.,"The context mentions that PBAT/PLA mulch films embedded with MCPA provide effective control against broadleaf weeds, implying an improved herbicidal activity compared to plain PBAT/PLA blends.",medium,D2_C726,D2,Biodegradable Polymers Blends and Biocomposites Trends and Applications,polymer,unseen
OQ0112,"What are the degradation behaviors of PBAT/PLA biodegradable polymers under real and simulated composting conditions, and how might these behaviors impact their use in agricultural mulch films?",unanswerable,The context does not provide specific details on the degradation behaviors of PBAT/PLA polymers under composting conditions or their implications for agricultural mulch film use.,"Although degradation of biodegradable polymers in composting is mentioned, no explicit information on PBAT/PLA degradation behaviors or their impact on mulch film applications is provided.",hard,D2_C726,D2,Biodegradable Polymers Blends and Biocomposites Trends and Applications,polymer,unseen
OQ0113,"How does the two-step desolvation method improve the purity and stability of gelatin nanoparticles compared to single-step synthesis, and what role does acetone play in this process?",reasoning,"The two-step desolvation method improves purity by additional use of acetone, which aids in further partitioning and repeated centrifugation to remove impurities, thereby preventing particle agglomeration and enhancing nanoparticle stability.","The context indicates that the two-step approach includes extra acetone use and repeated centrifugation steps, which contribute to higher purity and control over particle formation, unlike the single-step protocol.",medium,D12_C392,D12,Smart Ways of Biomaterial Designing Synthesis and Characterization,polymer|composite,unseen
OQ0114,"What are the specific conditions or parameters that influence the liquid-liquid phase separation during the coacervation-based synthesis of gelatin nanoparticles, and how do alcohol and salts facilitate this process?",unanswerable,"The context does not provide detailed conditions or parameters influencing phase separation, nor does it specify the mechanisms by which alcohol and salts facilitate coacervation in gelatin nanoparticle synthesis.","While the context mentions that alcohol and salts promote coacervation and phase separation occurs between immiscible liquid phases, it lacks quantitative or procedural details on conditions or mechanisms, making this question unanswerable from the given text.",hard,D12_C392,D12,Smart Ways of Biomaterial Designing Synthesis and Characterization,polymer|composite,unseen
OQ0115,How does the choice between chemical and physical crosslinking methods influence the mechanical strength and swelling behavior of hydrogels in biomedical applications?,reasoning,"Chemical crosslinking generally creates stronger and more stable hydrogel networks, enhancing mechanical strength and controlling swelling, whereas physical crosslinking results in reversible, weaker networks with potentially higher swelling due to less stable bonds.","The context states that gelation mechanisms vary with crosslinking type and polymer choice, affecting mechanical strength and swelling; thus, chemical crosslinking's covalent bonds provide stronger networks compared to physical crosslinking's non-covalent interactions.",medium,D12_C481,D12,Smart Ways of Biomaterial Designing Synthesis and Characterization,polymer|composite,unseen
OQ0116,Can scanning electron microscopy (SEM) and transmission electron microscopy (TEM) provide quantitative data on the equilibrium swelling ratio of hydrogels?,unanswerable,"No, the context does not provide information indicating that SEM or TEM can measure equilibrium swelling ratios quantitatively.","While the context mentions SEM and TEM for characterizing hydrogel network structures, it does not describe their use in quantifying swelling behavior, which typically requires different measurement techniques.",medium,D12_C481,D12,Smart Ways of Biomaterial Designing Synthesis and Characterization,polymer|composite,unseen
OQ0117,"How do the types and sizes of microplastics detected vary between sediment and water samples according to the studies summarized, and what analytical techniques were commonly employed to identify them?",multi-hop,"Sediment samples contained microplastics sized around 0.3 mm to 2 mm, including polymers like PET, PVC, PE, NYL, HDPE, LDPE, PP, and PS, whereas water samples showed particles mainly between 0.3 mm and 5 mm, including PE, PET, PVC, and PP. ATR-FTIR and FTIR-ATR were the primary analytical methods used for identification.","The context provides sizes and polymer types found in sediment and water from multiple studies, along with the analytical techniques used, requiring synthesis across different entries.",hard,D2_C947,D2,Biodegradable Polymers Blends and Biocomposites Trends and Applications,polymer,unseen
OQ0118,Does the provided context specify the mechanisms driving the accumulation of microplastics in deep-sea sediments?,unanswerable,"No, the context mentions that the buildup of microplastics in deep-sea sediments is poorly known and does not specify mechanisms driving their accumulation.","The context explicitly states the knowledge gap about microplastic buildup in deep-sea sediments, indicating insufficient information on mechanisms.",medium,D2_C947,D2,Biodegradable Polymers Blends and Biocomposites Trends and Applications,polymer,unseen
OQ0119,"How does varying the hydroxyapatite (HA) ratio in HA/PCL composites influence both the drug release capacity and mechanical properties, and why is the 0.4% HA ratio considered optimal?",reasoning,"Increasing HA ratio from 0.1% to 0.4% enhances drug release capacity from low to 78%, while also improving mechanical strength and fiber structure; 0.4% HA is optimal as it balances controlled drug release with superior mechanical and structural properties.","The context indicates that 0.1% HA composites release drug quickly but with low total capacity, whereas 0.4% HA composites achieve the highest release and mechanical strength, demonstrating how HA ratio affects multiple properties.",medium,D10_C099,D10,Hydroxyapatite and Polycaprolactone Composites as Potential Biomaterials in Biomedical Applications,composite,unseen
OQ0120,Does the context provide specific details on how different production methods quantitatively affect encapsulation efficiency and drug release profiles in HA/PCL composites?,unanswerable,"No, the context mentions that production methods influence release profiles and encapsulation efficiency but does not provide quantitative or specific details on these effects.","While the context notes an impact of production methods on drug release and encapsulation, it lacks explicit data or comparative analysis on how different methods quantitatively alter these parameters.",medium,D10_C099,D10,Hydroxyapatite and Polycaprolactone Composites as Potential Biomaterials in Biomedical Applications,composite,unseen
OQ0121,"How do sulfonated PBAT copolyesters improve gas barrier properties compared to traditional biodegradable polyesters, and what implications might this have for sustainable packaging applications?",reasoning,"Sulfonation of PBAT copolyesters introduces polar groups that enhance intermolecular interactions, thereby reducing gas permeability while maintaining biodegradability, which improves their suitability as sustainable packaging materials with better barrier performance.","The context mentions sulfonated PBAT copolyesters having improved gas barrier properties and water dispersibility, implying chemical modification enhances performance relevant to packaging, linking material structure to application benefits.",hard,D2_C662,D2,Biodegradable Polymers Blends and Biocomposites Trends and Applications,polymer,unseen
OQ0122,Does the provided context specify the comparative biodegradation rates of polyglycolic acid versus polylactic acid homopolymers in surgical applications?,unanswerable,"No, the context does not provide comparative biodegradation rates of polyglycolic acid and polylactic acid homopolymers for surgical use.","While the context references biodegradable polymers including polyglycolic and polylactic acids, it lacks specific data or comparisons on their biodegradation rates in surgical contexts, making the question unanswerable from the given text.",medium,D2_C662,D2,Biodegradable Polymers Blends and Biocomposites Trends and Applications,polymer,unseen
OQ0123,How does the sequential delivery of bioactive substances by multilayer injectable hydrogels improve the wound healing process compared to single-stage delivery systems?,reasoning,"Sequential delivery targets specific wound healing stages with appropriate bioactive substances, enhancing overall healing efficacy compared to single-stage systems that may not address the temporal needs of each healing phase.","The context mentions multilayer injectable hydrogels designed to sequentially release bioactive substances tailored for each wound healing stage, implying improved healing by matching delivery timing to biological requirements.",hard,D12_C165,D12,Smart Ways of Biomaterial Designing Synthesis and Characterization,polymer|composite,unseen
OQ0124,Does the context provide information on the comparative biodegradation rates between poly-β-hydroxybutyrate (PHB) homopolymers and PHB-hydroxyvalerate copolymers in biomedical applications?,unanswerable,"No, the context references the biodegradation of PHB homopolymers and their copolymers but does not provide comparative data on their biodegradation rates.","Although the context cites a study on biodegradation of PHB homopolymers and copolymers, it lacks specific comparative information on their degradation rates or biomedical implications.",medium,D12_C165,D12,Smart Ways of Biomaterial Designing Synthesis and Characterization,polymer|composite,unseen
OQ0125,How does the incorporation of maleic anhydride grafted poly(lactic acid) influence the compatibility and properties of poly(lactic acid)/poly(butylene adipate-co-terephthalate) blends?,reasoning,"Maleic anhydride grafted poly(lactic acid) acts as a compatibilizer improving the interfacial adhesion between PLA and PBAT phases, thereby enhancing blend homogeneity and mechanical properties.","The context mentions the use of maleic anhydride grafted PLA as a compatibilizer in PLA/PBAT blends, implying it improves compatibility and composite properties by modifying interfacial interactions.",medium,D2_C105,D2,Biodegradable Polymers Blends and Biocomposites Trends and Applications,polymer,unseen
OQ0126,What are the mechanisms by which surface-modified nanocellulose enhances its suitability for biomedical engineering and nanomedicine applications compared to unmodified nanocellulose?,unanswerable,The context does not provide specific mechanisms explaining how surface modification improves nanocellulose's suitability for biomedical uses.,"Although surface-modified nanocellulose is noted for biomedical and nanomedicine applications, the detailed mechanisms of enhancement are not described in the provided text.",hard,D2_C105,D2,Biodegradable Polymers Blends and Biocomposites Trends and Applications,polymer,unseen
OQ0127,How do variations in alkyl substituent chain length affect the mechanical properties and biodegradability of bacterial polyesters produced as copolymers with PHB?,reasoning,"Longer alkyl substituents (x = 3–6) in bacterial polyesters reduce crystallinity and Tg, resulting in thermoplastic elastomers with improved strength, toughness, and inherent biodegradability compared to the more brittle PHB with shorter alkyl groups.","The context explains that copolymers with longer alkyl chains have lower crystallinity and Tg, yielding materials that are less brittle and function as thermoplastic elastomers, while maintaining biodegradability, contrasting with the brittle nature of pure PHB.",medium,D1_C035,D1,Biodegradable Polymers,polymer,seen
OQ0128,"What specific mechanical improvements were achieved in PHB copolymers produced via large-scale controlled fermentation using diverse carbon sources, and how do these improvements compare to pure PHB?",unanswerable,The context does not specify the exact mechanical improvements or quantitative comparisons achieved in PHB copolymers produced through controlled fermentation with various carbon sources.,"While the context mentions that a material with better mechanical properties than PHB was obtained by feeding bacteria different carbon sources, it lacks detailed information about the nature or extent of these mechanical enhancements.",hard,D1_C035,D1,Biodegradable Polymers,polymer,seen
OQ0129,How do variations in solvent system and cooling rate during thermally induced phase separation influence the mechanical and biological properties of polymeric scaffolds?,reasoning,"Changes in solvent system and cooling rate affect phase separation dynamics, which determine pore size and distribution, thereby influencing scaffold porosity and mechanical strength, as well as cellular interactions critical for biological performance.","The context notes that solvent system and cooling parameters impact mechanical, biological, and structural properties by controlling phase separation and pore formation in TIPS scaffolds, implying their modulation alters scaffold functionality.",medium,D10_C047,D10,Hydroxyapatite and Polycaprolactone Composites as Potential Biomaterials in Biomedical Applications,composite,unseen
OQ0130,What is the effect of hydroxyapatite (HA) concentration on the porosity and potential tissue regeneration efficacy of PCL/HA composite scaffolds produced via TIPS?,unanswerable,The context mentions that HA amount affects porosity but does not provide specific effects on porosity values or tissue regeneration efficacy for PCL/HA composites.,"Although HA concentration is identified as a parameter influencing porosity, the context lacks detailed quantitative or qualitative data linking HA levels to porosity changes or regeneration outcomes, making this question unanswerable from the given information.",hard,D10_C047,D10,Hydroxyapatite and Polycaprolactone Composites as Potential Biomaterials in Biomedical Applications,composite,unseen
OQ0131,"How do variations in pH, ion strength, and temperature collectively influence the structural stability and activity of human enzymes, and why might these enzymes become irreversibly inactivated under extreme changes?",reasoning,"Human enzymes are optimized for a narrow range of pH (6–8), ion strength (~0.15 M), and temperature (35–40°C); deviations disrupt their three-dimensional structure, leading to loss of activity and possible irreversible denaturation due to destabilization of molecular interactions.","The context explains that enzymes have an optimal environment for activity and structure, and slight changes can cause total inactivity or irreversible damage, implying that these physical factors maintain enzyme conformation essential for function.",medium,D1_C070,D1,Biodegradable Polymers,polymer,seen
OQ0132,Is there information in the context regarding the specific mechanisms by which enzymes active in extreme environments resist denaturation by organic solvents or high salt concentrations?,unanswerable,"No, the context mentions enzymes active in extreme environments but does not provide details on the mechanisms enabling their resistance to organic solvents or high salt concentrations.","While the context notes the existence of enzymes active in harsh conditions, it lacks any mechanistic explanation or molecular details on their stability in such environments.",hard,D1_C070,D1,Biodegradable Polymers,polymer,seen
OQ0133,How does the integration of a custom heater system around the nozzle influence the printability and drying process of biomaterials in extrusion-based 3D printing?,reasoning,"The custom heater partially dries the biomaterial as it is extruded, improving layer stability and preventing deformation during printing, thereby enhancing printability.","The context describes a custom heater fitted around the nozzle that partially dries the extruded biomaterial, which implies it controls drying rate to maintain the shape and flow properties needed for successful printing.",medium,D13_C012,D13,Biomaterial Recipes for 3D Printing A Cookbook of Sustainable and Extrudable Bio Pastes,polymer|composite,unseen
OQ0134,"What specific rheological properties must be optimized to ensure that biomaterials can flow properly through the Eazao Zero extruder during 3D printing, and how are these properties related to the material's deformation under force?",unanswerable,The context does not specify which rheological properties are optimized or how they relate quantitatively to deformation under force for the Eazao Zero extruder.,"While the context mentions that rheology is critical and that it relates to flow and deformation under applied force, it does not detail which specific properties (e.g., viscosity, yield stress) are optimized or their relationship to extrusion performance.",hard,D13_C012,D13,Biomaterial Recipes for 3D Printing A Cookbook of Sustainable and Extrudable Bio Pastes,polymer|composite,unseen
OQ0135,"How do the thermal and mechanical properties of PLA and PCL influence their suitability for packaging applications, and what are the implications for their biodegradation rates?",reasoning,"PLA is brittle with low crystallinity, thermal instability, and slow biodegradation, limiting its use where flexibility and rapid degradation are needed; PCL is ductile with moderate crystallinity and low melting temperature, which may enhance processing but could affect thermal resistance in packaging.","The context states PLA's brittleness, low crystallinity, thermal instability, and slow biodegradation, while PCL is ductile with moderate crystallinity and low melting point, linking these properties directly to performance and degradation in packaging.",hard,D2_C612,D2,Biodegradable Polymers Blends and Biocomposites Trends and Applications,polymer,unseen
OQ0136,What specific modifications or composite strategies are described to overcome the brittleness and slow biodegradation of neat PLA in bioplastic applications?,unanswerable,The context does not provide any details on modifications or composite strategies to improve PLA's brittleness and biodegradation.,"While the context mentions PLA's drawbacks, it does not discuss any methods or composite formulations to address these limitations, making this information unavailable.",medium,D2_C612,D2,Biodegradable Polymers Blends and Biocomposites Trends and Applications,polymer,unseen
OQ0137,"How might the occupational exposure to vinyl and polyvinyl chloride workers influence the risk of pulmonary diseases in the 21st century, considering the changing landscape of occupational lung diseases?",reasoning,"Occupational exposure to vinyl and polyvinyl chloride increases mortality risks linked to lung diseases, and these risks are evolving with new challenges in the 21st century pulmonary occupational disease landscape.","The context connects historical evidence of mortality among vinyl and PVC workers with the evolving challenges in occupational lung diseases, implying a link between such exposures and pulmonary risks.",medium,D2_C339,D2,Biodegradable Polymers Blends and Biocomposites Trends and Applications,polymer,unseen
OQ0138,"What specific mechanisms underlie the uptake, elimination, and accumulation of microplastics in mussels, and how do these processes impact their physiological functions?",unanswerable,"The context does not provide detailed mechanisms of microplastic uptake, elimination, or accumulation in mussels nor their physiological impacts.","While the context references studies on microplastic uptake and accumulation in mussels, it lacks mechanistic details and physiological consequences, rendering the question unanswerable from the provided text.",hard,D2_C339,D2,Biodegradable Polymers Blends and Biocomposites Trends and Applications,polymer,unseen
OQ0139,"How do the mechanical properties of zirconia bio-ceramics, such as hardness and fracture roughness, influence their suitability for use as orthopedic implants compared to metallic implants?",reasoning,"Zirconia bio-ceramics exhibit high hardness (up to 2200 HVN) and variable fracture roughness (4–15 MPam^1/2), which contribute to their mechanical stability and resistance to wear, making them suitable for orthopedic implants; these properties differ from metals and affect implant longevity and integration.","The context provides hardness and fracture roughness values of zirconia materials and mentions their use in orthopedic implants, implying that these mechanical properties contribute to implant performance and differentiate zirconia from metallic alternatives.",medium,D6_C013,D6,A Comprehensive Review Surface Modification Strategies to Enhance Corrosion Resistance of Zirconia Based Biomaterials in Implant Applications,ceramic,unseen
OQ0140,What are the specific effects of surface modifications on the biological response and mechanical stability of zirconia implants as discussed in the context?,unanswerable,The context does not provide specific information on the effects of surface modifications on biological response or mechanical stability of zirconia implants.,"While the context mentions that the impact of surface modifications was underexplored until recently and that current efforts focus on optimizing zirconia surfaces, it lacks detailed data or conclusions on the specific effects of these modifications.",hard,D6_C013,D6,A Comprehensive Review Surface Modification Strategies to Enhance Corrosion Resistance of Zirconia Based Biomaterials in Implant Applications,ceramic,unseen
OQ0141,How does the application of carbon nanotube coatings influence the biological performance of dental zirconia compared to uncoated zirconia fibers?,reasoning,Carbon nanotube coatings on dental zirconia enhance its biological effects by potentially improving cellular interactions and biocompatibility compared to uncoated zirconia fibers.,"The context mentions an in vitro evaluation of carbon nanotube-coated dental zirconia, implying improved biological effects relative to uncoated fibers, which requires connecting coating properties to biological outcomes.",medium,D6_C100,D6,A Comprehensive Review Surface Modification Strategies to Enhance Corrosion Resistance of Zirconia Based Biomaterials in Implant Applications,ceramic,unseen
OQ0142,"What is the impact of fluoride ions on the corrosion resistance of beta-titanium alloys used in dental implants, and how does this compare to the corrosion behavior of mild steel in acidic environments?",comparison,"Fluoride ions influence the electrochemical behavior of beta-titanium alloys by potentially affecting their corrosion resistance in dental applications, whereas mild steel shows promising corrosion resistance in hydrochloric acid when treated with environmentally friendly inhibitors; however, direct comparative data between the two materials in similar conditions is not provided.","The context references fluoride ion effects on beta-Ti alloy corrosion and separately discusses mild steel corrosion resistance with inhibitors, but lacks direct comparative analysis, requiring synthesis of separate corrosion behavior data.",hard,D6_C100,D6,A Comprehensive Review Surface Modification Strategies to Enhance Corrosion Resistance of Zirconia Based Biomaterials in Implant Applications,ceramic,unseen
OQ0143,"How has the proportion of biodegradable bioplastics in global production capacity changed between 2012 and 2019, and what might this imply for the future market trends?",reasoning,"The proportion of biodegradable bioplastics increased from 38.3% in 2012 to 55.5% in 2019, indicating a growing market shift towards biodegradable options, which suggests continued expansion in this segment.","The context provides specific percentages of biodegradable versus non-biodegradable bioplastics in 2012 and 2019, showing a clear increase in biodegradable bioplastics' share, implying that future market trends favor biodegradable materials.",medium,D2_C747,D2,Biodegradable Polymers Blends and Biocomposites Trends and Applications,polymer,unseen
OQ0144,"What is the expected competition level between bioplastic feedstock production and food/feed agriculture on arable land, and how does this impact sustainability considerations?",factual,"Bioplastic feedstock is expected to have minimal competition with food and feed agriculture, currently occupying only 0.02% of total arable land, which supports sustainability by limiting land-use conflicts.","The context explicitly states the low percentage of arable land used for bioplastic feedstock, indicating low competition and positive sustainability implications.",easy,D2_C747,D2,Biodegradable Polymers Blends and Biocomposites Trends and Applications,polymer,unseen
OQ0145,How do the biodegradability characteristics of lignocellulosic-based composites compare to those of biobased poly(butylene adipate-co-terephthalate) composites under natural environmental conditions?,comparison,"Lignocellulosic-based composites exhibit biodegradability and compostability influenced by their natural fiber content, while biobased poly(butylene adipate-co-terephthalate) composites show biodegradability linked to both the polymer matrix and bioethanol co-products; both degrade under natural conditions but mechanisms and rates differ due to material composition.","The context references studies on biodegradability of lignocellulosic composites and biobased PBAT composites, highlighting their respective environmental degradability and composite constituents, enabling a comparative analysis.",hard,D2_C227,D2,Biodegradable Polymers Blends and Biocomposites Trends and Applications,polymer,unseen
OQ0146,"What enzymatic pathways facilitate the degradation of chitin derivatives in human therapeutic applications, and how might these pathways influence the design of synthetic biopolymer composites?",unanswerable,The context does not provide specific details on enzymatic pathways involved in chitin derivative degradation or their influence on synthetic biopolymer composite design.,"Although the context mentions human enzymatic activities related to chitin derivatives, it lacks detailed information on the enzymatic mechanisms or their implications for synthetic biopolymer design.",hard,D2_C227,D2,Biodegradable Polymers Blends and Biocomposites Trends and Applications,polymer,unseen
OQ0147,How do clinical risk factors identified in retrospective studies influence the failure rates of zirconia-based dental restorations over extended periods?,reasoning,"Clinical risk factors such as mechanical stress, occlusal overload, and material flaws identified in retrospective studies contribute significantly to failure rates of zirconia-based restorations over periods up to 9 years by promoting fractures and degradation.","The context references a 9-year retrospective study analyzing failure causes in zirconia restorations, linking clinical risk factors to failures; understanding these factors requires integrating clinical outcomes and material behavior over time.",medium,D5_C065,D5,Titanium Dental Implants An Overview of Applied Nanobiotechnology to Improve Biocompatibility and Prevent Infections,metal,seen
OQ0148,What are the comparative long-term success outcomes between mini implant-retained complete overdentures and zirconia screw-retained implant-supported prostheses based on the studies cited?,unanswerable,The context does not provide direct comparative data or outcomes between mini implant-retained overdentures and zirconia screw-retained implant-supported prostheses.,"While the context mentions systematic reviews and retrospective studies on both mini implants for overdentures and zirconia screw-retained prostheses separately, it lacks any comparative analysis or direct outcome comparison between these two implant types.",hard,D5_C065,D5,Titanium Dental Implants An Overview of Applied Nanobiotechnology to Improve Biocompatibility and Prevent Infections,metal,seen
OQ0149,"How do printability, usability, and sustainability collectively influence the development of biomaterial recipes for paste extrusion 3D printing, and why must these qualities be balanced?",reasoning,Printability ensures the material can be effectively extruded and shaped; usability relates to ease of handling and processing; sustainability addresses environmental impact. Balancing these ensures the biomaterial is functional for 3D printing while being environmentally responsible and practical to use.,"The context highlights these three qualities as key goals in biomaterial recipe development, implying their combined consideration is essential for successful and responsible fabrication.",medium,D13_C002,D13,Biomaterial Recipes for 3D Printing A Cookbook of Sustainable and Extrudable Bio Pastes,polymer|composite,unseen
OQ0150,"What specific properties or modifications enable sawdust, orange peels, and tree leaves to serve as effective biomaterial ingredients in paste extrusion 3D printing, and how do these compare in terms of sustainability and printability?",unanswerable,"The context does not provide detailed properties, modifications, or comparative analysis of sawdust, orange peels, and tree leaves regarding their printability or sustainability.","While the context mentions these materials as examples, it lacks specific information on their properties or how they compare, making the question unanswerable from the provided text.",hard,D13_C002,D13,Biomaterial Recipes for 3D Printing A Cookbook of Sustainable and Extrudable Bio Pastes,polymer|composite,unseen
OQ0151,How do the properties of a biomaterial such as molecular weight and degradation rate influence the type and severity of immune response following implantation?,reasoning,"Higher molecular weight and slower degradation rates can prolong immune activation, potentially leading to chronic inflammation, whereas lower molecular weight and faster degradation may reduce immune stimulation and favor acute responses.","The context states that immune responses depend on factors including molecular weight and degradation rate of biomaterials, which influence whether the response is acute or chronic by affecting the duration and intensity of immune cell activation.",medium,D12_C730,D12,Smart Ways of Biomaterial Designing Synthesis and Characterization,polymer|composite,unseen
OQ0152,What are the specific advantages and limitations of in vitro models for studying macrophage interactions with biomaterials compared to in vivo models?,unanswerable,The context does not provide detailed advantages and disadvantages of in vitro versus in vivo models for macrophage interrogation of biomaterials.,"While the context mentions that Table 2 summarizes advantages and disadvantages of in vitro and in vivo models, the actual comparative details are not included, making it impossible to answer from the provided text.",hard,D12_C730,D12,Smart Ways of Biomaterial Designing Synthesis and Characterization,polymer|composite,unseen
OQ0153,How do the shapes and sizes of polyethylene (PE) wear particles influence the type of cellular response observed in tissues surrounding plastic prosthetic implants?,reasoning,"PE particles ranging from 0.5 to 50 μm in size, appearing as granule or spear shapes, provoke non-immunological foreign body responses characterized by macrophage aggravation and formation of foreign body granulations.","The context mentions that PE particles of specific sizes and shapes induce particular cellular responses, including macrophage activation and foreign body granulations, linking particle morphology to biological effects.",medium,D2_C301,D2,Biodegradable Polymers Blends and Biocomposites Trends and Applications,polymer,unseen
OQ0154,Does the context provide information on the long-term systemic distribution of microplastic particles derived from prosthetic implant wear after crossing the gastrointestinal epithelium?,unanswerable,"No, the context does not provide details on the long-term systemic distribution of microplastic particles after crossing the gastrointestinal epithelium.","While the context discusses local tissue responses and the presence of wear particles in joint capsules and surrounding tissues, it lacks information on systemic distribution or fate after crossing gastrointestinal barriers.",hard,D2_C301,D2,Biodegradable Polymers Blends and Biocomposites Trends and Applications,polymer,unseen
OQ0155,"How do the mechanical deformation behaviors of polymers, metals, and ceramics influence their suitability for load-bearing biomaterial applications?",reasoning,"Polymers exhibit very high plastic deformation, metals show high ductility, and ceramics are brittle with low deformation; thus, metals are generally more suitable for load-bearing applications due to their combination of strength and ductility, whereas ceramics' brittleness limits their use under stress, and polymers' high plasticity may reduce structural stability under load.","The context details mechanical deformation properties—polymers are very plastic, metals ductile, and ceramics brittle—which influence how each material handles mechanical stress, affecting their application in load-bearing situations.",medium,D12_C070,D12,Smart Ways of Biomaterial Designing Synthesis and Characterization,polymer|composite,unseen
OQ0156,"What specific types of chemical bonds contribute to the thermal and chemical stability differences observed among polymers, metals, and ceramics in biomaterials?",unanswerable,"The context does not specify how the different chemical bonds (covalent, metallic, ionic) directly relate to the observed thermal and chemical stability differences among polymers, metals, and ceramics.","While the context lists the types of bonds present in each material class and their relative stability, it does not explicitly connect the bond types to the thermal and chemical stability differences, making the question unanswerable based on the provided information.",hard,D12_C070,D12,Smart Ways of Biomaterial Designing Synthesis and Characterization,polymer|composite,unseen
OQ0157,"How do environmental conditions influence the biodegradability of polymers, and what mechanisms underlie this effect according to the context?",reasoning,"Environmental conditions affect the biodegradability of polymers by influencing microbial enzyme activity and polymer degradation rates, as factors like temperature and moisture modulate enzymatic breakdown and polymer chain scission.","The context mentions environmental conditions impacting biodegradable polymers (51, 54–55) and microbial enzymes (29), implying that environmental factors regulate enzymatic degradation pathways essential for polymer breakdown.",medium,D2_C1035,D2,Biodegradable Polymers Blends and Biocomposites Trends and Applications,polymer,unseen
OQ0158,"What are the currently established end-of-life (EoL) treatment options for bioplastics, and how do these compare to the treatment of fossil-based biodegradable polymers?",unanswerable,The context does not provide detailed information comparing end-of-life treatment options for bioplastics and fossil-based biodegradable polymers.,"While the context references end-of-life options for bioplastics (222, 223) and fossil-based biodegradable polymers (240), it lacks explicit comparative details or descriptions of treatment methods for each, making the question unanswerable from the given information.",hard,D2_C1035,D2,Biodegradable Polymers Blends and Biocomposites Trends and Applications,polymer,unseen
OQ0159,"How do the structural differences between polyurethanes and polyesters influence their biodegradability, and what microbial strategies could potentially enhance polyurethane degradation?",reasoning,"Polyurethanes are less biodegradable than polyesters due to strong urethane linkages compared to ester groups; fungi and soil bacteria can hydrolyze ester groups in polyester-containing polyurethanes, and advancing enzyme activity understanding and gene editing could improve microorganism selectivity to enhance polyurethane biorecycling.","The context contrasts the chemical linkages in polyurethanes and polyesters affecting biodegradability and notes microbial hydrolysis of ester groups, suggesting biotechnological interventions to boost degradation.",hard,D2_C815,D2,Biodegradable Polymers Blends and Biocomposites Trends and Applications,polymer,unseen
OQ0160,"Is there evidence in the context regarding the complete biodegradation of high molecular weight polyolefins by microbial strains such as waxworm bacteria or Pseudomonas, and what limitations are noted?",factual,"The context indicates that waxworm bacteria and Pseudomonas strains can partially biodegrade polyethylene films (5%–20%) over one to two months, but complete biodegradation of high molecular weight polyolefins is not reported due to their high molecular weight and lack of breakable functional groups.",The passage specifies partial biodegradation percentages and highlights molecular weight and chemical structure as barriers to full polyolefin degradation.,medium,D2_C815,D2,Biodegradable Polymers Blends and Biocomposites Trends and Applications,polymer,unseen
OQ0161,"How do methylcellulose and xanthan gum synergistically contribute to the shear-thinning behavior of the biomaterial paste, considering their different biological origins?",reasoning,"Methylcellulose, derived from plant cellulose, provides a polymeric network that swells in water, while xanthan gum, from fermented sugar, imparts viscosity and stabilizes the network; together, they create a cohesive paste exhibiting shear-thinning by aligning and disentangling polymer chains under shear.","The context mentions methylcellulose and xanthan gum as bio-based binders from distinct sources forming a cohesive paste with shear-thinning flow, implying their combined molecular interactions under shear influence rheological behavior.",hard,D13_C020,D13,Biomaterial Recipes for 3D Printing A Cookbook of Sustainable and Extrudable Bio Pastes,polymer|composite,unseen
OQ0162,Can adding vinegar as a liquid ingredient in the biomaterial paste formulation enhance its mechanical strength and printability?,unanswerable,The context only states vinegar was used as a preservative and does not provide information on its effects on mechanical strength or printability.,"While vinegar is mentioned as a liquid ingredient for preservation, the context lacks data or discussion regarding its impact on mechanical or printing properties, making the question unanswerable from the given information.",medium,D13_C020,D13,Biomaterial Recipes for 3D Printing A Cookbook of Sustainable and Extrudable Bio Pastes,polymer|composite,unseen
OQ0163,How do the different surgical methods such as microfracture and autologous chondrocyte implantation (ACI) compare in their reliance on biomaterial properties to facilitate cartilage repair?,comparison,"Microfracture relies on natural bone marrow stimulation without implanted biomaterials, whereas ACI uses biomaterials to support chondrocyte implantation and cartilage regeneration.","The context lists surgical methods including microfracture and ACI but implies that ACI involves biomaterial use for cell implantation, while microfracture is a marrow stimulation technique, indicating differences in biomaterial dependence.",medium,D12_C690,D12,Smart Ways of Biomaterial Designing Synthesis and Characterization,polymer|composite,unseen
OQ0164,What are the specific immune responses triggered by synthetic polymeric implants compared to natural biomaterial implants?,unanswerable,The context does not provide detailed information on the distinct immune responses elicited by synthetic versus natural polymeric implants.,"While the context mentions host immune response to polymeric implants generally, it lacks specific comparative details on immune reactions to synthetic versus natural biomaterials.",hard,D12_C690,D12,Smart Ways of Biomaterial Designing Synthesis and Characterization,polymer|composite,unseen
OQ0165,"How does air plasma treatment influence the mechanical properties of bioactive composites used in medical applications, and what implications might this have for scaffold design in tissue engineering?",reasoning,"Air plasma treatment improves mechanical properties of bioactive composites by modifying surface characteristics, enhancing composite preparation and performance; this suggests treated scaffolds could have better mechanical stability and bioactivity in tissue engineering.","The context mentions Mehboob et al. (2016) studied air plasma treatment effects on mechanical properties of bioactive composites, implying surface modification leads to enhanced mechanical behavior, which is critical for scaffold functionality.",medium,D12_C349,D12,Smart Ways of Biomaterial Designing Synthesis and Characterization,polymer|composite,unseen
OQ0166,"What are the comparative advantages of electrospun collagen nanofibers versus PLGA/gelatin nanofibers in supporting tissue engineering applications, particularly regarding fiber orientation and material composition?",comparison,Collagen nanofibers provide natural extracellular matrix cues while PLGA/gelatin fibers offer tunable mechanical properties and can be fabricated with controlled orientation; aligned PLGA/gelatin fibers may better direct cell growth compared to randomly-oriented collagen fibers.,"Matthews et al. (2002) describe electrospun collagen nanofibers, while Meng et al. (2010) discuss PLGA/gelatin nanofibers with controlled orientation, indicating differences in material composition and fiber alignment affect scaffold functionality.",hard,D12_C349,D12,Smart Ways of Biomaterial Designing Synthesis and Characterization,polymer|composite,unseen
OQ0167,How does the incorporation of TiN in Ti/HA implants improve their mechanical performance compared to traditional Ti/HA implants?,reasoning,"TiN serves as an alternative to Ti in Ti/HA implants to mitigate the mechanical limitations of HA, enhancing the implant's mechanical strength while retaining biocompatibility.","The context indicates that Ti/HA implants allow tissue growth but suffer from limited mechanical strength due to HA; TiN is introduced to overcome these mechanical drawbacks, implying improved implant durability.",medium,D9_C011,D9,A Review on Bio Composite Materials,composite,seen
OQ0168,"What is the effect of increasing HA content to 40% in composite materials used for joint implants on their mechanical properties, and how does this influence their suitability for cartilage replacement?",comparison,"Composites with 40% HA show excellent torsional modulus but reduced mechanical strength, which may limit their effectiveness in load-bearing cartilage replacement despite improved stiffness.","The context states that adding 40% HA improves torsional modulus but compromises mechanical strength, indicating a trade-off affecting the implant's functional suitability in joint applications.",medium,D9_C011,D9,A Review on Bio Composite Materials,composite,seen
OQ0169,How do the mechanical stability requirements of biopolymers influence their potential to replace conventional petroleum-based plastics in single-use applications?,reasoning,"Biopolymers must match the mechanical strength and material performance of petroleum-based plastics to be viable replacements in single-use applications, ensuring functional equivalence while also enabling biodegradation to non-toxic by-products.","The context emphasizes that for biopolymers to be successfully applied, they need to be as effective as conventional plastics in mechanical properties, linking material performance with ecological benefits.",medium,D2_C708,D2,Biodegradable Polymers Blends and Biocomposites Trends and Applications,polymer,unseen
OQ0170,"What are the predicted trends in global biopolymer production for packaging applications from 2007 to 2011, and how might these trends impact the management of plastic waste?",factual,"Global biopolymer production for packaging was predicted to increase from 260 to 1500 kilotons between 2007 and 2011, potentially reducing plastic waste by substituting non-biodegradable plastics with biodegradable alternatives.","The context provides specific production forecasts by the European Commission, linking increased biopolymer production to their role in addressing plastic pollution.",easy,D2_C708,D2,Biodegradable Polymers Blends and Biocomposites Trends and Applications,polymer,unseen
OQ0171,How does the presence of hydroxyl ions (OH−) in hydroxyapatite influence its role in biomineralization compared to other calcium phosphate minerals lacking these ions?,reasoning,"Hydroxyl ions in hydroxyapatite affect its chemical properties and play a crucial role in biomineralization, enhancing its ability to integrate and repair bone compared to calcium phosphate minerals without hydroxyl ions.","The context states that hydroxyl ions not only affect chemical properties but are important in biomineralization, implying their presence contributes to hydroxyapatite's superior bone repair capabilities.",medium,D8_C006,D8,Application of Hydroxyapatite Composites in Bone Tissue Engineering A Review,ceramic,unseen
OQ0172,Does the context provide detailed information on the mechanical strength differences between hydroxyapatite-based scaffolds and prosthetic implants?,unanswerable,"No, the context does not provide detailed information on mechanical strength differences between hydroxyapatite-based scaffolds and prosthetic implants.","While the context mentions hydroxyapatite's use in implants and scaffolds, it lacks any comparative data or discussion about mechanical strength properties.",easy,D8_C006,D8,Application of Hydroxyapatite Composites in Bone Tissue Engineering A Review,ceramic,unseen
OQ0173,"How do the functional properties of biopolymers influence their potential to replace traditional synthetic polymers in packaging applications, considering current obstacles?",reasoning,"Biopolymers’ flexibility, mechanical strength, and thermal stability enable them to function similarly or better than synthetic polymers in packaging, but higher manufacturing costs and resource competition currently limit their widespread replacement.","The context highlights biopolymers’ functional characteristics that can match synthetic polymers and their use in packaging, but also mentions obstacles like cost and resource limitations that affect their competitiveness.",hard,D12_C465,D12,Smart Ways of Biomaterial Designing Synthesis and Characterization,polymer|composite,unseen
OQ0174,Does the context provide detailed strategies or examples of governmental policies that effectively promote the use of biopolymers over traditional plastics?,unanswerable,"No, the context does not include specific strategies or examples of governmental policies promoting biopolymers; it only generally mentions that policies exist to encourage sustainable materials and plastic waste reduction.","While regulatory support is briefly mentioned, the context lacks detailed information on specific policies or their implementation, making this question unanswerable based on the provided text.",medium,D12_C465,D12,Smart Ways of Biomaterial Designing Synthesis and Characterization,polymer|composite,unseen
OQ0175,How does the modified electrocodeposition technique influence the adhesion and composite structure of fluoridated hydroxyapatite/zirconia coatings compared to plasma-sprayed zirconia coatings on implant materials?,comparison,"The modified electrocodeposition technique enables the formation of fluoridated hydroxyapatite/zirconia nano-composite coatings with enhanced structural integration, while plasma spraying produces highly adhesive but primarily zirconia-based coatings on Ti and CoCrMo implants.","The context describes the use of a modified electrocodeposition method to deposit fluoridated hydroxyapatite/zirconia nano-composites and separately mentions plasma spraying for zirconia coatings with strong adhesion, indicating differences in coating composition and deposition methods affecting adhesion and composite structure.",hard,D6_C114,D6,A Comprehensive Review Surface Modification Strategies to Enhance Corrosion Resistance of Zirconia Based Biomaterials in Implant Applications,ceramic,unseen
OQ0176,What specific effects does acid treatment have on the surface properties and osteogenic potential of dental zirconia as reported in the context?,unanswerable,The context does not provide detailed information on the specific effects of acid treatment on the surface properties or osteogenic potential of dental zirconia.,"Although acid treatment of dental zirconia is mentioned, the provided context lacks detailed results or descriptions of its impact on surface characteristics or biological performance, rendering this question unanswerable from the given text.",medium,D6_C114,D6,A Comprehensive Review Surface Modification Strategies to Enhance Corrosion Resistance of Zirconia Based Biomaterials in Implant Applications,ceramic,unseen
OQ0177,How has the COVID-19 pandemic differentially affected demand for various types of packaging within the supply chain?,reasoning,"The pandemic caused demand for non-essential packaging to drop sharply, while demand for essential packaging like e-commerce shipping increased significantly.","The context explains that sectors providing essential services saw increased packaging demand, whereas non-essential packaging demand decreased due to pandemic-related disruptions.",medium,D2_C762,D2,Biodegradable Polymers Blends and Biocomposites Trends and Applications,polymer,unseen
OQ0178,What specific strategies have companies employed to adapt their sales models in response to supply chain interruptions caused by COVID-19?,unanswerable,The context does not provide any information on specific strategies companies used to adapt their sales models amid supply chain interruptions.,"While the context mentions that COVID-19 disrupted marketing and supply chains, it does not detail any particular strategies or adaptations undertaken by companies.",hard,D2_C762,D2,Biodegradable Polymers Blends and Biocomposites Trends and Applications,polymer,unseen
OQ0179,"How does the energy efficiency of producing biodegradable polymer monomers from biobased raw materials compare to producing petro-based polymer monomers, and what underlying processes contribute to this difference?",reasoning,"Producing biodegradable polymer monomers from biobased raw materials is generally more energy-efficient and less expensive than producing petro-based polymer monomers because biobased monomers are obtained via fermentation, a less energy-intensive process than oil refining used for petro-based monomers.","The context contrasts farming and fermentation (biobased processes) with oil drilling and refinery operations (petro-based processes), highlighting that biobased raw material extraction and conversion consume less energy and cost less.",medium,D2_C907,D2,Biodegradable Polymers Blends and Biocomposites Trends and Applications,polymer,unseen
OQ0180,"What are the specific challenges associated with the production of biopolymers that could impact their large-scale adoption, and how do these challenges compare to those of petro-based polymers?",unanswerable,The context does not specify the particular challenges of biopolymer production or compare them explicitly to challenges of petro-based polymers.,"While the context notes that biopolymer production has challenges, it does not detail what they are or provide a comparative analysis with petro-based polymer production, leaving the question unanswered.",hard,D2_C907,D2,Biodegradable Polymers Blends and Biocomposites Trends and Applications,polymer,unseen
OQ0181,How does the nanoscale size of hydroxyapatite particles enhance their effectiveness in managing dental biofilms compared to micro-sized hydroxyapatite?,reasoning,"Nano-sized hydroxyapatite particles can directly interact with bacterial membranes because they are smaller than microorganisms, enhancing biofilm management, unlike micro-sized particles that are too large for such interaction.","The context explains that interaction with microorganisms requires particle sizes smaller than the bacteria, and nano-HA, being 20–50 nm, meets this criterion, enabling direct membrane interaction and improved biofilm control compared to micro-HA.",medium,D7_C013,D7,Hydroxyapatite in Oral Care Products A Review,ceramic,seen
OQ0182,"What are the specific mechanisms by which hydroxyapatite-based toothpastes reduce dental sensitivity and promote remineralisation, and how do they compare to fluoride-based compounds in these functions?",unanswerable,The context does not provide detailed mechanisms comparing hydroxyapatite-based toothpastes to fluoride compounds in reducing sensitivity or promoting remineralisation.,"While the context mentions that nano-HA matches nano-sized enamel defects and may reduce sensitivity and improve remineralisation, it does not elaborate on the mechanisms or directly compare these effects to those of fluoride-based compounds.",hard,D7_C013,D7,Hydroxyapatite in Oral Care Products A Review,ceramic,seen
OQ0183,How might targeting presenilins and apolipoprotein E with phytomedicines influence the progression of Alzheimer’s disease in relation to β-amyloid and tau protein pathologies?,reasoning,"Inhibiting presenilins and apolipoprotein E with phytomedicines could reduce β-amyloid accumulation and potentially mitigate tau protein hyperphosphorylation, thereby slowing Alzheimer’s progression.","The context links presenilins and apolipoprotein E gene mutations to Alzheimer’s pathogenesis, involving β-amyloid and tau protein accumulation; phytomedicines targeting these proteins may modulate these pathological features.",hard,D12_C777,D12,Smart Ways of Biomaterial Designing Synthesis and Characterization,polymer|composite,unseen
OQ0184,"What are the specific mechanisms by which cholinergic system dysfunction contributes to Alzheimer’s cognitive decline, and how are these mechanisms addressed in current phytomedicine approaches?",unanswerable,The context does not provide specific mechanisms linking cholinergic dysfunction to cognitive decline nor details on how phytomedicines address these mechanisms.,"While cholinergic dysfunction is mentioned as characteristic of Alzheimer’s, the text lacks mechanistic explanations or information on phytomedicine interventions targeting this system.",hard,D12_C777,D12,Smart Ways of Biomaterial Designing Synthesis and Characterization,polymer|composite,unseen
OQ0185,"How do the plant-based extracts used in chitosan-based wound dressings differ in their potential bioactive contributions, and what implications might these differences have on the choice of extract for specific wound healing applications?",reasoning,"Different plant extracts such as Acacia, Gleditsia triacanthos, Sophora gibbosa, and Agrimonia eupatoria L. provide diverse bioactive compounds which could influence antimicrobial, anti-inflammatory, or regenerative properties in wound dressings; thus, selecting an extract depends on the desired therapeutic effect in wound healing.","The context lists various chitosan-based wound dressings combined with distinct plant extracts, implying that each extract introduces unique bioactivities. Understanding these differences enables reasoning about their functional implications in wound management.",hard,D12_C771,D12,Smart Ways of Biomaterial Designing Synthesis and Characterization,polymer|composite,unseen
OQ0186,What are the comparative advantages of using chitosan-poly(ethylene oxide) blends versus chitosan-poly(vinyl alcohol) blends when combined with plant extracts for wound dressing applications?,comparison,"The context indicates chitosan-poly(ethylene oxide) blends are combined with Lawsonia inermis and Thymus vulgaris for implants, whereas chitosan-poly(vinyl alcohol) blends with Agrimonia eupatoria L. are used for wound dressings, suggesting differences in mechanical properties and biological compatibility tailored to application type, but specific comparative advantages are not detailed.","By analyzing the materials and their associated applications mentioned, one can infer differences in usage; however, the context lacks explicit comparative data on their advantages, limiting precise conclusions.",medium,D12_C771,D12,Smart Ways of Biomaterial Designing Synthesis and Characterization,polymer|composite,unseen
OQ0187,How does coating medical implants with zirconium oxide or nitride influence their biocompatibility and longevity compared to uncoated implants?,reasoning,"Coating implants with zirconium oxide or nitride enhances their interaction with biological tissues, reducing negative reactions and thereby improving biocompatibility and potentially extending implant longevity.","The context explains that the coating process improves tissue compatibility and reduces adverse reactions, which are key factors influencing implant longevity.",medium,D6_C043,D6,A Comprehensive Review Surface Modification Strategies to Enhance Corrosion Resistance of Zirconia Based Biomaterials in Implant Applications,ceramic,unseen
OQ0188,Does the context provide detailed comparative data on the peri-implant bone density outcomes between zirconia and titanium implants in the maxillae of mini pigs?,unanswerable,"No, the context mentions that both zirconia and titanium implants showed bone-to-implant contact and peri-implant bone density formation but does not provide detailed comparative data on bone density outcomes.","While the study by Gahlert et al. (2012) is cited for comparing osseointegration, the context only states general findings without specific quantitative or comparative details on peri-implant bone density.",medium,D6_C043,D6,A Comprehensive Review Surface Modification Strategies to Enhance Corrosion Resistance of Zirconia Based Biomaterials in Implant Applications,ceramic,unseen
OQ0189,How does the in situ polymerization method influence filler dispersion and what are its primary limitations in producing polymer composites?,reasoning,"In situ polymerization enhances filler dispersion by promoting strong interactions between filler and polymer matrix, leading to improved composite properties; however, it is limited by solvent use and prolonged processing times.","The context explains that in situ polymerization results in better filler dispersion due to high interactions, but also mentions drawbacks including solvent usage and long processing durations.",medium,D2_C629,D2,Biodegradable Polymers Blends and Biocomposites Trends and Applications,polymer,unseen
OQ0190,Can the text determine the specific chemical agents used in surface treatments to improve interfacial adhesion between polymer matrices and fillers?,unanswerable,"No, the context does not specify any chemical agents used for surface treatments to enhance interfacial adhesion.","While the context notes that surface treatments can improve adhesion, it does not provide details on the specific chemicals or methods employed.",easy,D2_C629,D2,Biodegradable Polymers Blends and Biocomposites Trends and Applications,polymer,unseen
OQ0191,"How does the grafting of cellulose with amylose alter the polymer's properties without significantly affecting its main chain, and what advantages might this confer for biomaterial applications?",reasoning,"Grafting introduces new side chains of amylose onto cellulose, adding new properties associated with these side chains while keeping the cellulose main chain intact, which preserves the original polymer backbone stability and mechanical properties. This allows for enhanced functionality without compromising structural integrity, beneficial for tailoring biomaterials with specific features.","The context states that grafting leaves the main polymer chain intact and adds side chain properties, implying modification without drastic changes to the main chain, which supports a reasoning-based understanding of polymer modification and its effects.",hard,D12_C135,D12,Smart Ways of Biomaterial Designing Synthesis and Characterization,polymer|composite,unseen
OQ0192,Are the immunological properties of dialdehyde cellulose derivatives sufficiently characterized to support their safe use in physiological environments?,unanswerable,The context does not provide detailed information on the immunological properties of dialdehyde cellulose derivatives or their safety profiles in physiological environments.,"Although the context mentions concerns on immunological properties of polysaccharide derivatives generally, it does not specify data or conclusions about dialdehyde cellulose derivatives' immunogenicity or safety, making this unanswerable.",medium,D12_C135,D12,Smart Ways of Biomaterial Designing Synthesis and Characterization,polymer|composite,unseen
OQ0193,How does modifying the polymer concentration in peptide-based hydrogels influence their mechanical properties and potential biomedical applications?,reasoning,"Increasing polymer concentration raises the Young's modulus, shear modulus, and storage modulus, enhancing stiffness and mechanical strength, which can improve their suitability as medical dressings or actuators.","The context states that changing polymer concentration affects mechanical moduli, and peptide-based hydrogels are noted for their use as medical dressings that require both stiffness and flexibility, linking composition to application.",medium,D3_C009,D3,Hydrogel,polymer,seen
OQ0194,Can the described hydrogel micropump operate using biochemical stimuli such as pH changes or glucose concentration variations instead of electrical voltage?,unanswerable,The context does not provide information on the hydrogel micropump being actuated by biochemical stimuli like pH or glucose; it only mentions operation via applied voltage.,"While the text describes hydrogels responsive to pH and glucose and separately describes a voltage-actuated micropump, it does not link the micropump's actuation mechanism to biochemical stimuli, making this question unanswerable from the given context.",hard,D3_C009,D3,Hydrogel,polymer,seen
