question,answer,contexts,faithfulness,answer_relevancy
What process defines biodegradation of polymers?,D,"['chemical degradation of materials (i.e., polymers) deferred by the action of microorganisms such as bacteria, fungi, and algae. The most common definition of a biodegradable polymer is “a degrad- able polymer wherein the primary degradation mechanism was through the action of metabolism by microorganisms.” Biodegradation is considered as a type of deg - radation that involved biological activity and major mechanism of loss for most chemicals released into the environment (Gautam, Bassi, and Yanful, 2007). The most important organisms in biodegradation are fungi, bacteria, and algae (Eubeler, Bernhard, and Knepper, 2010). In contrast to the abiotic process, biotic breakdown starts at the surface of the material. The first step depolymerises the molecule mainly by extracellular enzymes. When broken -down parts were small enough for uptake by microorganisms’ mineralisation occurred within the organisms in the second step. Microorganisms were involved in the degradation and deteriora- tion of both synthetic and natural polymers (Gu, 2003; Albertsson, Andersson, and Karlsson, 1987). During degradation, exoenzymes from microorganisms break down complex polymers, yielding short chains or smaller molecules, for example, oligomers, dimers, and monomers, were'
 'the degradation and deteriora- tion of both synthetic and natural polymers (Gu, 2003; Albertsson, Andersson, and Karlsson, 1987). During degradation, exoenzymes from microorganisms break down complex polymers, yielding short chains or smaller molecules, for example, oligomers, dimers, and monomers, were smaller enough (water soluble) to pass the semi-perme- able outer bacterial membranes and then to be utilised as carbon and energy sources. Biodegradability of polymers is affected by two main factors, namely, exposure con- ditions and characteristic features of polymers. Exposure conditions could further be categorised as abiotic and biotic factors. The main chain scission from photodegra- dation reduced the average molecular weight, which provides greater accessibility to the polymer chain by moisture and microorganisms (Göpferich, 1996). In the case of 29Bioplastics, Biodegradable Polymers and Biocomposites: An Overview aliphatic aromatic polyesters, photodegradation could result in both main chain scis- sion and cross-linking (Fukuda and Osawa, 1991; Schnabel, 1982). PE, PP, and polyethylene terephthalate (PET) degrade through the mechanisms of photo-, thermal, and biodegradation. The three polymers degrade at different rates and different pathways. Under normal conditions, photo - and thermal'
 'ethylene glycol and aromatic terephthalic acid, which increases the rigidity of the polymer chain and decreases its susceptibility to biodeg- radation (Tokiwa et al., 2009). As defined by established standards, polymer biodegradation undergoes two phases: primary degradation and mineralisation (ultimate biodegradation). The primary degradation is significantly associated with biodeterioration in physical properties, such as discoloration, embrittlement, and fragmentation. This primary degradation can occur when microorganisms’ starving conditions secrete extracel - lular enzymes to break down the longer chains into smaller molecular or oligomers. This disintegration process is sometimes referred to as primary degradation. The second phase is the ultimate biodegradation (bioassimilation) conversion of polymer low molecular fragments/compounds into CO 2, water, production of new microbial cell biomass (aerobic conditions), CH 4, CO2, and production of new microbial cell biomass in the case of anaerobic conditions (Figure 2.7). Polymer degradation, in general, is influenced by both abiotic and biotic factors, whereby the term “abiotic” describes parameters like mechanical stress, light or tem- perature, and “biotic” the involvement of naturally occurring microorganisms like bacteria, fungi, and algae (Kyrikou and Briassoulis, 2007). Traditional'
 'ultimate biodegradation (bioassimilation) conversion of polymer low molecular fragments/compounds into CO 2, water, production of new microbial cell biomass (aerobic conditions), CH 4, CO2, and production of new microbial cell biomass in the case of anaerobic conditions. The process of polymer degradation relies on a combination of various envi - ronmental abiotic and biotic factors and mechanisms. Most common environmen - tal abiotic factors include heat, UV radiation, oxygen, water, mechanical stress, and pH, and greatly influence the polymer disintegration/fragmentation (primary degradation) followed by microbial assimilation (mineralisation) of primary degraded low -molecular-weight compounds influenced by biotic factors such as bacteria, fungi, and algae. The primary and ultimate biodegradation must occur at a specific time with a specific rate for the exclusion of plastic waste in the environ - ment. Apart from that, the biodegradation of plastics can be affected by various physical and chemical properties of the plastic materials and their products, for example, lack of active functional group of polymers, high hydrophobic nature of materials, high molecular weight of polymers, physical form (films, pellets, pow - der or fibres),']",,0.0
Which organisms play a central role in polymer biodegradation?,C,"['40 h of sunlamp exposure. However, after 650 h of exposure, the samples that originally had M w = 618 700 and Mn = 45 000 had photolytic products with Mw = 15 000 and Mn = 7300. 6. MODE OF BIODEGRADATION The biological environment, i.e. the biological surroundings in which polymers are present, includes the biological agents responsible for the deterioration of polymeric sub- stances. Biological agents such as bacteria, fungi and their enzymes consume a substance as a food source so that its original form disappears. Under appropriate conditions of moisture, temperature, and oxygen availability, biodegradation is a relatively rapid process. 6.1. Microorganisms Two types of microorganisms are of particular interest in the biodegradation of natural and synthetic polymers: bacteria and fungi. 6.1.1. Fungi Eumycetes, or true fungi, are microorganisms of particular importance in causing the degradation of materials. Fungi are nucleated, spore-forming, nonchlorophyllous organisms, 1293BIODEGRADABLE POLYMERS which reproduce both sexually and asexually; most of them possess ®lamentous, somatic structures, and cell walls of chitin and/or cellulose. More than 80 000 species are known. True fungi are present'
 ""on biodegradation processes. Most of the observed differences can be attributed to the limit of detecting the changes during degradation, or, even more often, the differences in morphology and hydro- philicity±hydrophobicity of polymer samples of varying molecular weight. Microorganisms produce both exoenzymes [degrading polymers from terminal groups (inwards)] and endo- enzymes (degrading polymers randomly along the chain). One might expect a large mole- cular effect on the rate of degradation in the ease of exoenzymes and a relatively small Fig. 4. Pathways for polymer biodegradation. 1292 R. CHANDRA and R. RUSTGI molecular weight effect in the case of endoenzymes. Plastics remain relatively immune to microbial attack as long as their molecular weight remains high. Many plastics, such as PE, PP and PS do not support microbial growth. Low molecular weight hydrocarbons, however, can be degraded by microbes. They are taken in by microbial cells, `activated' by attachment to coenzyme-A, and converted to cellular metabolites within the microbial cell, as shown in Fig. 4. However, these processes do not function well (if at all) in an extracellular environ- ment, and the""
 'chemical degradation of materials (i.e., polymers) deferred by the action of microorganisms such as bacteria, fungi, and algae. The most common definition of a biodegradable polymer is “a degrad- able polymer wherein the primary degradation mechanism was through the action of metabolism by microorganisms.” Biodegradation is considered as a type of deg - radation that involved biological activity and major mechanism of loss for most chemicals released into the environment (Gautam, Bassi, and Yanful, 2007). The most important organisms in biodegradation are fungi, bacteria, and algae (Eubeler, Bernhard, and Knepper, 2010). In contrast to the abiotic process, biotic breakdown starts at the surface of the material. The first step depolymerises the molecule mainly by extracellular enzymes. When broken -down parts were small enough for uptake by microorganisms’ mineralisation occurred within the organisms in the second step. Microorganisms were involved in the degradation and deteriora- tion of both synthetic and natural polymers (Gu, 2003; Albertsson, Andersson, and Karlsson, 1987). During degradation, exoenzymes from microorganisms break down complex polymers, yielding short chains or smaller molecules, for example, oligomers, dimers, and monomers, were'
 'cereus , Coryneformesbacterium , Bacillus sp., Mycobacterium , Nocardia, Corynebacterium, Candida, and Pseudomonas ) and Actinomycetales (Streptomycetaceae). Their activity on the polymer was studied by growth tests on solid agar medium for a definite period. The changes in molecular weight, struc- ture, crystallinity, density, weight loss, mechanical, optical, or dielectric properties were also measured (Weiland, Daro, and David, 1995; Volke‐Sepúlveda et al., 2002; Yamada-Onodera et al., 2001; Orhan and Büyükgüngör, 2000; Saha, Zatloukal, and Saha, 2003; Pinchuk, Von Plessen, and Kreibig, 2004). Composting is a natural process by which organic material is decomposed into a soil-like substance, called humus, a soil conditioner. Decomposition is mainly per - formed by microorganisms (mesophilic and thermophilic), including bacteria, fungi, 51Bioplastics, Biodegradable Polymers and Biocomposites: An Overview TABLE 2.3 Overview of Biodegradation Results of Biodegradable Polymer in Different Environmental Conditions (Muniyasamy and John, 2017) Polymer materials Results Condition Reference PCL 100% biodegradable after 67 days Compost Hoshino et al. (2007) PBAT (Ecoflex) 81% biodegradation after 33 days Compost Hoshino et al. (2007) PLA (Nature works) 100% biodegradation after 150 days Compost Hoshino et al.']",,0.0
Which polymer structure factor most affects biodegradation rate?,A,"['Secondly, biodegradation is also influenced by polymer properties such as the type of a polymer, crystallinity, molecular weight, morphology, tacticity, and so forth, all of which have a bearing on the type of biodegradation behaviour that will take place. For example, polymers derived from biomass feedstock like PHA, PLA, and lignan-based polyutherane harvested from straw, grape pornance, and plants, respec- tively, tend to biodegrade faster than polymers derived from fossil fuels like PE, PET, and so forth. This is because, in naturally occurring types of polymers, microbes can use their existing enzymes to break the polymer chain at specific locations and use it as a source of energy. Additionally, biodegradable polyesters, such as PLA have ester bonds that are susceptible to chemical degradation involving water via a hydrolysis process, resulting in a faster biodegradation process. Finally, the success or failure of biodegradation of polymers is determined by abiotic (physicochemical conditions) Factors affecting Biodegradation Anaerobic/aerobic biodegradation conditions Properties of polymer Abiotic Biotic Functional Groups Molecular Weight Flexibility Crystallinity Morphology Crosslinking Blend Additives Tacticity Hydrophobicity Enzymes bioavailabilitypH Organic carbon content Moisture Nitrogen'
 ""on biodegradation processes. Most of the observed differences can be attributed to the limit of detecting the changes during degradation, or, even more often, the differences in morphology and hydro- philicity±hydrophobicity of polymer samples of varying molecular weight. Microorganisms produce both exoenzymes [degrading polymers from terminal groups (inwards)] and endo- enzymes (degrading polymers randomly along the chain). One might expect a large mole- cular effect on the rate of degradation in the ease of exoenzymes and a relatively small Fig. 4. Pathways for polymer biodegradation. 1292 R. CHANDRA and R. RUSTGI molecular weight effect in the case of endoenzymes. Plastics remain relatively immune to microbial attack as long as their molecular weight remains high. Many plastics, such as PE, PP and PS do not support microbial growth. Low molecular weight hydrocarbons, however, can be degraded by microbes. They are taken in by microbial cells, `activated' by attachment to coenzyme-A, and converted to cellular metabolites within the microbial cell, as shown in Fig. 4. However, these processes do not function well (if at all) in an extracellular environ- ment, and the""
 'of biodegradation of polymers is determined by abiotic (physicochemical conditions) Factors affecting Biodegradation Anaerobic/aerobic biodegradation conditions Properties of polymer Abiotic Biotic Functional Groups Molecular Weight Flexibility Crystallinity Morphology Crosslinking Blend Additives Tacticity Hydrophobicity Enzymes bioavailabilitypH Organic carbon content Moisture Nitrogen content Volatile solids Heat Enzyme activity and population Life span of enzymes FIGURE 9.5 Factors affecting biodegradation process. 209End‑of‑life Options of Biobased Plastic Materials and biotic (i.e. enzymatic nature) degradation setting. Concretely, biotic and abiotic factors act synergistically to decompose organic matter. For example, macronutrients are important for the cellular metabolisms of microorganisms, and thus, the macro - nutrient (including nitrogen, potassium, phosphorus, oxygen, or hydrogen) controls microbial growth. Another abiotic factor that is synergistic with abiotic factors is temperature; the bioavailability, hydrocarbon distribution, solubility, and diffusion rates increase with increasing temperature and therefore increase the biodegrada- tion rate. While the pH variable determines the type of microorganism that will be responsible for polymer assimilation, ultimately breaking it down to CO 2, water, etc. Interestingly, at low pH values, the group of microorganisms that are metabolically active are called acidophilic'
 'structure 1289 5.2. Effect of polymer morphology 1290 5.3. Effects of radiation and chemical treatments 1291 5.4. Effect of molecular weight 1292 6. Mode of biodegradation 1293 6.1. Microorganisms 1292 6.1.1. Fungi 1292 6.1.2. Bacteria 1294 6.2. Enzymes 1294 6.2.1. Physical factors affecting the activity of enzymes 1295 6.2.2. Enzyme mechanisms 1295 6.2.2.1. Biological oxidation 1295 6.2.2.2. Biological hydrolysis 1296 1. INTRODUCTION Biodegradable polymers are a newly emerging ®eld. A vast number of biodegradable polymers have been synthesized recently and some microorganisms and enzymes capable of degrading them have been identi®ed. In developing countries, environmental pollution by synthetic polymers has assumed dangerous proportions. As a result, attempts have been made to solve these problems be including biodegradability into polymers in everyday use through slight modi®cations of their structures. Biodegradation is a natural process by which organic chemicals in the environment are converted to simpler compounds, mineralized and redistributed through elemental cycles such as the carbon, nitrogen and sulphur cycles. Biodegradation can only occur within the biosphere as microorganisms play a central role in the biodegradation process. A number of standards']",,0.0
Which application is common for biodegradable polymers in medicine?,C,"['and achieved excellent results. The development of hybrid arti®cial skins is also another important target in biomedical engineering. Here, synthetic polymers and cell cultures are combined to form a synthetic± biological composite. In this case, a biodegradable polymer may be required as the template for growing cells and tissue cultures in vivo. 10.1.6. Drug delivery systems A new dimension for the use of polymeric materials as drug delivery devices involves incorporation of biodegradability into the system. A number of degradable polymers are potentially useful for this purpose, including a variety of synthetic and natural substances. The use of intentionally degradable polymers in medicine has been brought into prominence with new innovations in drug delivery systems. The limitations of conventional methods of 1321BIODEGRADABLE POLYMERS drug delivery, by tablet or injection for example, are well known. As a dose is applied, the plasma levels will be raised but these will be rapidly decreased as the drug is metabolized and will soon be below therapeutic levels. The next dose takes the plasma level high again and a cyclical pattern may be established, with'
 'occurring around the world. The two major applications of biopolymers are the biomedical fields and the eco- logical field (Manavitehrani et al., 2016). Typically, biopolymers are used in four main sections (i) medical disposable products like catheters, syringes, blood bags, etc.; (ii) materials supporting surgical operation, including adhesives, sealants, and sutures; (iii) prostheses for tissue replacements like dental implants, intraocu - lar lenses, breast implant, and finally, (iv) permanent or temporary artificial organs assists such as artificial heart, artificial kidney, vascular graft. The applications of biopolymers in the ecological field cover a variety of industries such as agricultural and forestry, fisheries, packaging, and toiletry. Table 9.1 details the applications of biopolymers in different ecological industries. The concentrated application areas are those where plastic is used once and then thrown away like in packaging or in toiletries and daily necessities like refuge bags, cups, margarine containers and so forth. These single -use plastic contributes the most to plastic pollution, burdening the landfills and the incineration processes. For biopolymers to be successfully applied in the ecological or any other industry, their product'
 '& Thielemans, 2009). This polymer has potential application in the bio - medical field as a tissue engineering scaffold material due to its biodegradability in 182 Biodegradable Polymers, Blends and Biocomposites physiological conditions (Williams et al., 2005). It is unique among other biodegrad- able polymers because of its relatively low melting temperature (Table 8.1). PBS is a biodegradable polymer produced by the polymerization of succinic acid and 1,4 -butanediol. Though it may be made from petroleum resources, it has also been shown that it can be synthesized entirely from biomass waste products (Tachibana et al., 2010). Because of its biodegradability and ability to be processed into sheets and films, PBS is applied as a biodegradable packaging/bagging material and in mulch films, mechanical properties are summatized in Table 8.2. PGA is a biodegradable polyester, which is synthesized by the polymerization of glycolic acid and has received wide use as a suture in biomedical applications (Gilding & Reed, 1979) due to its capability to form fibres. PGA biodegrades in physiological conditions with non-toxic byproducts, making it especially suitable for use in surgery'
 'Alexandre & Dubois, 2000, Ahmed & Varshney, 2011, Baiardo et al., 2003, Arakawa et al., 2006, Castro -Aguirre et al., 2016). PLA is widely used in biomedical applications due to its biocompatibility and the ability to be reab - sorbed safely by the body. Due to the versatility of PLA and other biodegradable polymer compounds, they are rapidly replacing the use of other materials such as ceramics, metals and alloys in this field (Song et al., 2018). The use of PLA in various biomedical applications has been studied, including for use in drug delivery (Baimark & Srisa-Ard, 2012, Maji et al., 2015) and implants and scaffolds (Amnael Orozco-Díaz et al., 2020, Chen et al., 2006, Leiggener et al., 2006, Llorens et al., 2015, Nazhat et al., 2001). Commercially available products based on biodegradable polymer technology are mainly made from PLA produced by companies such as Conmed, DePuy, Arthrex, Linvatec and Innovasive Devices (Song et al., 2018), with product offerings largely confined to soft tissue engineering (resorbable sutures) and bioresorbable implants. Several reviews on the use of PLA in biomedical applica-']",,0.0
What is a key property of titanium enabling its use in implants?,C,"['successful osseointegration of titanium implants and the main surface treatments applied for the development of biomimetic surfaces used in these implants. 2. Titanium and Its Alloys Titanium is the ninth most abundant metal and it was discovered by William Gregory in 1791. It presents itself in its pure form as a silver metal with unique physical-chemical characteristics, such as low density (4506 g/cm 3) and high strength (590 MPa) [ 11]. Ti- tanium can quickly react with oxygen and this provides resistance to corrosion on the metal’s surface because of the formation of an oxide layer on the metal’s surface. Studies with this metal are developed for the most diverse themes, such as applications in sports, pigments, jewelry, marine equipment, aerospace, and medical industries [12]. Concerning the dental industry, titanium and its alloys are known to be non-toxic and even more bio- compatible than chromium-cobalt and stainless steel [13]. In addition, they are compatible with computed tomography (CT) and magnetic resonance imaging (MRI). These titanium biomaterials are the basis for the manufacture of prostheses and dental implants. Due to the'
 'more bio- compatible than chromium-cobalt and stainless steel [13]. In addition, they are compatible with computed tomography (CT) and magnetic resonance imaging (MRI). These titanium biomaterials are the basis for the manufacture of prostheses and dental implants. Due to the different properties observed in titanium forms, it has been veriﬁed that titanium oxide (TiO2) is the most reported in studies related to dental implants. TiO 2 is formed by the high capacity of titanium metal to react with air forming hydroxyl and hydroxide groups, which gives it a high capacity for resisting corrosion. This oxide layer confers titanium, and its biocompatibility. TiO2 can be found in three different crystalline forms in ambient conditions: anatase, brookite, and rutile. The phase transitions are possible by performing heat treatment at the end of the synthesis. While brookite (that is arranged in orthorhombic geometry) is the most difﬁcult to obtain, rutile and anatase (both presenting octahedral geometry) are easily formed [14]. The difference found between the rutile and anatase phases is due to distortions between the octahedral formed by TiO6. To obtain these structures,'
 'are available as implant biomaterials. Of these, four are grades of commercially pure titanium (CPTi) (Grade I, Grade II, Grade III, and Grade IV), which is 98–99.6% pure titanium, and two Materials 2022, 15, 3150 3 of 17 are titanium alloys (Ti-6Al-4V and Ti-6Al-4V—Extra Low Interstitial alloys). These grades differ in resistance to corrosion, strength, and ductility [17]. An ideal material for the fabrication of dental implants should be biocompatible and have adequate strength, toughness, and corrosion and fracture resistance. These properties are usually related to the oxygen residuals in the metal. Grade IV CpTi presents the highest oxygen content (0.4%) and consequently, excellent mechanical strength, which is why it is the most widely used type of titanium for dental implants [11]. Titanium alloys emerged with the interest of reducing device manufacturing costs and were considered a potential metallic material in the biomedical industry. The alloying elements added to titanium are largely divided into alphas ( α) stabilizers, such as alu- minum, oxygen, nitrogen, and carbon, and betas (β) stabilizers, such as vanadium, iron, nickel, and cobalt. Therefore, dental titanium'
 'Fe is the most common element used to replace the β-stabilizing element because of its low cost and strongness. However, it has been reported that high temperatures promote the formation of intermetallic compounds, such as TiFe or Ti 2Fe, which have a negative inﬂuence on the ductility and mechanical properties of alloys [21,22]. The surface of titanium implants is important because of their inﬂuence on inter- action with the bone. The surface of the main materials used as dental implants (CpTi and Ti-6Al-4V) is composed of the oxide TiO2, which allows high resistance to corrosion with a clinical success rate of up to 99% [ 23,24]. Although aluminum remains the most important and commonly used α stabilizer, it was reported that it makes working and machining titanium alloys difﬁcult [25]. The use of Ti-6Al-4V has been reported to have good biological acceptance [26,27]. However, small quantities of aluminum and vanadium are eventually released, which may induce an inﬂammatory process. Aluminum inhibits bone mineralization, leading to bone malformation and vanadium is cytotoxic and may induce allergic reactions [28,29]. This is why']",,0.8693985640756866
Which property makes titanium biocompatible?,C,"['more bio- compatible than chromium-cobalt and stainless steel [13]. In addition, they are compatible with computed tomography (CT) and magnetic resonance imaging (MRI). These titanium biomaterials are the basis for the manufacture of prostheses and dental implants. Due to the different properties observed in titanium forms, it has been veriﬁed that titanium oxide (TiO2) is the most reported in studies related to dental implants. TiO 2 is formed by the high capacity of titanium metal to react with air forming hydroxyl and hydroxide groups, which gives it a high capacity for resisting corrosion. This oxide layer confers titanium, and its biocompatibility. TiO2 can be found in three different crystalline forms in ambient conditions: anatase, brookite, and rutile. The phase transitions are possible by performing heat treatment at the end of the synthesis. While brookite (that is arranged in orthorhombic geometry) is the most difﬁcult to obtain, rutile and anatase (both presenting octahedral geometry) are easily formed [14]. The difference found between the rutile and anatase phases is due to distortions between the octahedral formed by TiO6. To obtain these structures,'
 'successful osseointegration of titanium implants and the main surface treatments applied for the development of biomimetic surfaces used in these implants. 2. Titanium and Its Alloys Titanium is the ninth most abundant metal and it was discovered by William Gregory in 1791. It presents itself in its pure form as a silver metal with unique physical-chemical characteristics, such as low density (4506 g/cm 3) and high strength (590 MPa) [ 11]. Ti- tanium can quickly react with oxygen and this provides resistance to corrosion on the metal’s surface because of the formation of an oxide layer on the metal’s surface. Studies with this metal are developed for the most diverse themes, such as applications in sports, pigments, jewelry, marine equipment, aerospace, and medical industries [12]. Concerning the dental industry, titanium and its alloys are known to be non-toxic and even more bio- compatible than chromium-cobalt and stainless steel [13]. In addition, they are compatible with computed tomography (CT) and magnetic resonance imaging (MRI). These titanium biomaterials are the basis for the manufacture of prostheses and dental implants. Due to the'
 'L.; Huang, X.; Zhang, A.; Qiao, H.; Chang, X.; Lin, H.; et al. Surface Modiﬁcation of Titanium Implants by Silk Fibroin/Ag Co-Functionalized Strontium Titanate Nanotubes for Inhibition of Bacterial-Associated Infection and Enhancement of in Vivo Osseointegration. Surf. Coat. Technol. 2021, 405, 126700. [CrossRef] 95. Li, B.; Hao, J.; Min, Y.; Xin, S.; Guo, L.; He, F.; Liang, C.; Wang, H.; Li, H. Biological Properties of Nanostructured Ti Incorporated with Ca, P and Ag by Electrochemical Method. Mater. Sci. Eng. C 2015, 51, 80–86. [CrossRef] 96. Santos-Coquillat, A.; Gonzalez Tenorio, R.; Mohedano, M.; Martinez-Campos, E.; Arrabal, R.; Matykina, E. Tailoring of Antibacte- rial and Osteogenic Properties of Ti6Al4V by Plasma Electrolytic Oxidation. Appl. Surf. Sci. 2018, 454, 157–172. [CrossRef] 97. Kaseem, M.; Choe, H.C. The Effect of In-Situ Reactive Incorporation of MoOx on the Corrosion Behavior of Ti-6Al-4 V Alloy Coated via Micro-Arc Oxidation Coating. Corros. Sci. 2021, 192, 109764. [CrossRef] 98. Kaseem, M.; Choe, H.C. Electrochemical and Bioactive Characteristics of the Porous Surface Formed on Ti-XNb Alloys via Plasma Electrolytic Oxidation. Surf. Coat. Technol. 2019, 378, 125027. [CrossRef] 99. Santos-Coquillat,'
 'procedure (Dlugon et al. 2017) Fig. 4 Comparison of the visual appeal between titanium and zirconia abutments in dental implants, adapted from reference Oliva et al. (2010) with permission Fig. 5 Osseointegration versus bio-integration, adapted from reference Andreiotelli et al. (2009a, b) with permission Page 8 of 25Srinivasan et al. J Mater. Sci: Mater Eng. (2025) 20:76 Potentiodynamic polarization studies revealed that coatings on titanium greatly enhanced corrosion resist - ance in Ringer’s solution after 1 h of immersion. The cor- rosion potential shifted positively, and the current density decreased by approximately two orders of magnitude. Among the coatings, 1Si-Zr-Ti demonstrated notable changes in Tafel slopes, with anodic reactions being pre - dominant. This was attributed to the minimized contact between titanium and the electrolyte, which increased charge-transfer resistance and slowed down the corro - sion process (Fig. 7). New titanium alloys, such as Ti-Zr-Pd and Ti-Sn-Pd, exhibit superior cytocompatibility compared to Ti-6 Al-4 V ELI, with Ti-15Zr4 Nb2 Ta-0.2Pd and Ti-15Sn4 Nb2 Ta-0.2Pd showing the best performance in L929 and MC3 T3-E1 cell tests. These alloys also demonstrate enhanced']",,0.8539608848050655
What biological process allows implants to integrate with bone?,C,"['bone tissue” [41]. In this way, a sequence of biological events is involved in osseointegration. After the insertion of the endosseous implant, immune and inﬂammatory responses occur, followed by angiogenesis and osteogenesis. In this process, physicochemical characteristics of the implant, such as topography and hydrophilicity, will allow the anchorage of blood proteins, forming interaction sites for cells through cell receptors called integrins. Then, cells, such as neutrophils, occupy the implant surface, and after 2 to 4 days, monocytes and macrophages arrive [42]. Such steps are essential for homeostasis thanks to the release of cytokines and growth factors which will induce collagen matrix deposition and initial bone tissue formation [43] (Figure 1). In addition, for osseointegration to be effective, the implant must have other speciﬁc characteristics such as adequate geometry, maximum contact between the implant and the tooth, roughness, usually in the range of 1.5 µm, the physical health of the host, and, more recently, changes in the surface of the implants [44]. These modiﬁcations can range from structural modiﬁcations on the implant surface to bioactiva- tion with molecules capable of'
 'biological events is involved in osseointegration. After the insertion of the endosseous implant, immune and inflammatory responses occur, fol- lowed by angiogenesis and osteogenesis. In this process, physicochemical characteristics of the implant, such as topography and hydrophilicity, will allow the anchor age of blood proteins, forming interaction sites for cells through cell receptors called integrins. Then, cells, such as neutrophils, occupy the implant surface, and after 2 to 4 days, mono- cytes and macrophages arrive [42]. Such steps are essential for homeostasis thanks to the release of cytokines and growth factors which will induce collagen matrix deposition and initial bone tissue formation [43] (Figure 1). In addition, for osseointegration to b e effective, the implant must have other specific characteristics such as adequate geome- try, maximum contact between the implant and the tooth, roughness, usually in the range of 1.5 µm, the physical health of the host, and, more recently, changes in the s ur- face of the implants [44]. These modifications can range from structural modifications on the implant surface to bioactivation with molecules capable of accelerating the osseoin-'
 'are aestheti cally pleasing, a lack of adhesion and immunologic reactions have been reported [16,36–38]. 3. Osseointegration Process and Complications Associated with Dental Implants Since the discovery of the phenomenon of osseointegration by P.I Branemark in 1952 based on some observations of experiments on rabbit fibia, titanium prostheses have been the object of study by several research groups in the world [39]. The osseoin- tegration phenomenon can be broadly defined as a functional contact with sufficient stability between the prosthesis and the bone [40]. Especially for dental implants, the American Academy of Dental Implants, defined osseointegration in 1986 as “ Contact es- tablished without the interposition of non-bone tissue between normal remodeled bone and an im- plant entailing a sustained transfer and distribution of load from the implant to within the bone tissue” [41]. In this way, a sequence of biological events is involved in osseointegration. After the insertion of the endosseous implant, immune and inflammatory responses occur, fol- lowed by angiogenesis and osteogenesis. In this process, physicochemical characteristics of the implant, such as topography and hydrophilicity, will allow the'
 'as metals do. Although they are aesthetically pleasing, a lack of adhesion and immunologic reactions have been reported [16,36–38]. Materials 2022, 15, 3150 4 of 17 3. Osseointegration Process and Complications Associated with Dental Implants Since the discovery of the phenomenon of osseointegration by P .I Branemark in 1952 based on some observations of experiments on rabbit ﬁbia, titanium prostheses have been the object of study by several research groups in the world [39]. The osseointegration phenomenon can be broadly deﬁned as a functional contact with sufﬁcient stability between the prosthesis and the bone [40]. Especially for dental implants, the American Academy of Dental Implants, deﬁned osseointegration in 1986 as “ Contact established without the interposition of non-bone tissue between normal remodeled bone and an implant entailing a sustained transfer and distribution of load from the implant to within the bone tissue” [41]. In this way, a sequence of biological events is involved in osseointegration. After the insertion of the endosseous implant, immune and inﬂammatory responses occur, followed by angiogenesis and osteogenesis. In this process, physicochemical characteristics of the implant,']",,0.714177860039333
Why are surface modifications applied to titanium implants?,E,"['are made through some techniques, in which mechanical, chemical, electrochemical and layer addition methods stand out [6]. The surface modiﬁcations change the physicochemical properties, from morphology, wettability, and roughness, as well as confer new properties, such as antibacterial action and interaction with the cell environment [87]. Materials 2022, 15, 3150 9 of 17 4.2.1. Mechanical Method Mechanical treatments mainly modify the morphology of the implant surface and thus alter the roughness. Rougher surfaces provide greater adaptability of the implant to the environment. The most common mechanical methods are blasting and polishing, which use external forces to modify the metallic surface [88]. Granato et al., (2019) evaluated the effect of the chemical, blasting, and polishing treatment on the surface of the commercially pure Ti (grade II) and Ti-6Al-4V alloy (grade V), two titanium alloys used on dental implants, compared to the machined surface without treatment. The treatments presented similar results in the topography of both alloys, with improvement in the osseointegration during the ﬁrst period of evaluation time [89]. 4.2.2. Chemical Methods Among the chemical methods, which also change the morphology,'
 'are already found with nanostructured surface modiﬁcations, such as SLActive® (Straumann, Basel, Switzerland), which is reported to induce a faster response to osseointegration, and HAnane Surface® (Promimic, Gothenburg, Sweden), which brings the titanium coating with nanohydroxyapatite and can stimulate the performance of osteoblasts and promote bone growth [9]. Surface bioactivation with biomolecules is also the subject of major investigations to ensure the long-term success of implants. When implanted, biomolecules from the blood or produced by the cells of the host tissue are initially adhered to the metal to later initiate the cellular anchoring itself [ 10]. Therefore, the bioactivation of materials with molecules that have biological properties can not only help cell adhesion, but also regulate their activity on the implant surface, inducing cell proliferation, migration and differentiation. In this context, this review discusses the different aspects involved in the successful osseointegration of titanium implants and the main surface treatments applied for the development of biomimetic surfaces used in these implants. 2. Titanium and Its Alloys Titanium is the ninth most abundant metal and it was discovered by William Gregory'
 'and Surfaces. Prog. Mater. Sci. 2013, 58, 261–326. [CrossRef] 107. Le Guéhennec, L.; Soueidan, A.; Layrolle, P .; Amouriq, Y. Surface Treatments of Titanium Dental Implants for Rapid Osseointe- gration. Dent. Mater. 2007, 23, 844–854. [CrossRef] 108. Hanawa, T. A Comprehensive Review of Techniques for Biofunctionalization of Titanium. J Periodontal Implant. Sci. 2011, 41, 263–272. [CrossRef] [PubMed] 109. Smeets, R.; Stadlinger, B.; Schwarz, F.; Beck-Broichsitter, B.; Jung, O.; Precht, C.; Kloss, F.; Gröbe, A.; Heiland, M.; Ebker, T. Impact of Dental Implant Surface Modiﬁcations on Osseointegration. Biomed. Res. Int. 2016, 2016, 6285620. [CrossRef] 110. Sartori, M.; Giavaresi, G.; Parrilli, A.; Ferrari, A.; Aldini, N.N.; Morra, M.; Cassinelli, C.; Bollati, D.; Fini, M. Collagen Type I Coating Stimulates Bone Regeneration and Osteointegration of Titanium Implants in the Osteopenic Rat. Int. Orthop. 2015, 39, 2041–2052. [CrossRef] [PubMed] 111. Chen, S.; Guo, Y.; Liu, R.; Wu, S.; Fang, J.; Huang, B.; Li, Z.; Chen, Z.; Chen, Z. Tuning Surface Properties of Bone Biomaterials to Manipulate Osteoblastic Cell Adhesion and the Signaling Pathways for the Enhancement of Early Osseointegration. Colloids Surf. B Biointerfaces 2018,'
 'hydrothermal method and explored the structure, composition, and morphology of the synthesized material. The material was deposited on titanium for 15 min on microwave radiation exposition, with a rutile phase formation and a super hydrophilic surface. The increase in surface area and high hydrophilicity improved the adhesion of the protein albumin on the implant surface. In another study, Wei and coworkers (2020) produced nanoﬁbers of the poly (lactic-co-glycolic acid) (PLGA) loaded with the anti- inﬂammatory aspirin coatings on titanium by electrospinning. The aspirin was released from nanoﬁbers for up to 60 days, avoiding peri-implant aseptic inﬂammation and the coatings promoting the osseointegration ability of the titanium implants, demonstrated with in vivo tests [86]. To achieve such morphological changes, some techniques were employed, which are addressed in the next topics. 4.2. Surface Modiﬁcation Techniques (Methods) The surface modiﬁcations on dental implants are made through some techniques, in which mechanical, chemical, electrochemical and layer addition methods stand out [6]. The surface modiﬁcations change the physicochemical properties, from morphology, wettability, and roughness, as well as confer new properties, such as antibacterial action and']",,0.0
Which factor can cause titanium alloy complications?,D,"['Fe is the most common element used to replace the β-stabilizing element because of its low cost and strongness. However, it has been reported that high temperatures promote the formation of intermetallic compounds, such as TiFe or Ti 2Fe, which have a negative inﬂuence on the ductility and mechanical properties of alloys [21,22]. The surface of titanium implants is important because of their inﬂuence on inter- action with the bone. The surface of the main materials used as dental implants (CpTi and Ti-6Al-4V) is composed of the oxide TiO2, which allows high resistance to corrosion with a clinical success rate of up to 99% [ 23,24]. Although aluminum remains the most important and commonly used α stabilizer, it was reported that it makes working and machining titanium alloys difﬁcult [25]. The use of Ti-6Al-4V has been reported to have good biological acceptance [26,27]. However, small quantities of aluminum and vanadium are eventually released, which may induce an inﬂammatory process. Aluminum inhibits bone mineralization, leading to bone malformation and vanadium is cytotoxic and may induce allergic reactions [28,29]. This is why'
 'Fujisawa, K.; Ijii, M.; Yamashita, Y. Development of Low-Cost High-Strength Ti-Fe-O-N Alloy Series.Nippon. Steel Tech. Rep. 2002, 85, 107–112. 21. Fujii, H.; Takahashi, K. Development of High Performance Ti-Fe-Al Alloy Series.Nippon Steel Tech. Rep. Overseas 2002, 85, 113–117. 22. Fujii, H.; Maeda, T. Titanium Alloys Developed by Nippon Steel & Sumitomo Metal Corporation. Nippon Steel Sumitomo Met. Tech. Rep. 2014, 106, 16–21. 23. Kania, A.; Szindler, M.M.; Szindler, M. Structure and Corrosion Behavior of TiO2 Thin Films Deposited by ALD on a Biomedical Magnesium Alloy. Coatings 2021, 11, 70. [CrossRef] 24. Prando, D.; Brenna, A.; Diamanti, M.V .; Beretta, S.; Bolzoni, F.; Ormellese, M.; Pedeferri, M.P . Corrosion of Titanium: Part 2: Effects of Surface Treatments. J. Appl. Biomater. Funct. Mater. 2018, 16, 3–13. [CrossRef] 25. Leyens, C.; Peters, M. Titanium and Titanium Alloys: Fundamentals and Applications ; Wiley-VCH: Weinheim, Germany, 2003; ISBN 9783527602117. 26. Dallago, M.; Fontanari, V .; Torresani, E.; Leoni, M.; Pederzolli, C.; Potrich, C.; Benedetti, M.Fatigue and Biological Properties of Ti-6Al-4V ELI Cellular Structures with Variously Arranged Cubic Cells Made by Selective Laser Melting; Elsevier: Amsterdam,'
 'in the biomedical industry. The alloying elements added to titanium are largely divided into alphas ( α) stabilizers, such as alu- minum, oxygen, nitrogen, and carbon, and betas (β) stabilizers, such as vanadium, iron, nickel, and cobalt. Therefore, dental titanium alloys exist in three structural forms: α, β, or a combination of the two (α-β) [18]. The α-β combination alloy (Ti-6Al-4V) is the most used in dental applications [ 11]. It consists of 6% aluminum and 4% vanadium, and is highly strong and resistant to corrosion. Aluminum is an α-phase stabilizer. It increases the strength of the alloy and decreases its density. On the other hand, vanadium is a β-phase stabilizer [19]. Beta stabilizing elements are expensive when compared to α stabilizers [20]. Thus, replacing the common β stabilizers for cheaper substitutes is the current industry demand. On this matter, Fe is the most common element used to replace the β-stabilizing element because of its low cost and strongness. However, it has been reported that high temperatures promote the formation of intermetallic compounds, such as TiFe or Ti 2Fe, which'
 'Data.Part. Fibre Toxicol. 2013, 10, 15. [CrossRef] 14. Chen, X.; Mao, S.S. Titanium Dioxide Nanomaterials: Synthesis, Properties, Modiﬁcations, and Applications. Chem. Rev. 2007, 107, 2891–2959. [CrossRef] 15. Dambournet, D.; Belharouak, I.; Amine, K. Tailored Preparation Methods of TiO 2 Anatase, Rutile, Brookite: Mechanism of Formation and Electrochemical Properties. Chem. Mater. 2010, 22, 1173–1179. [CrossRef] 16. Saini, M. Implant Biomaterials: A Comprehensive Review. World J. Clin. Cases 2015, 3, 52. [CrossRef] 17. Osman, R.B.; Swain, M.V . A Critical Review of Dental Implant Materials with an Emphasis on Titanium versus Zirconia.Materials 2015, 8, 932–958. [CrossRef] 18. Bodunrin, M.O.; Chown, L.H.; Omotoyinbo, J.A. Development of Low-Cost Titanium Alloys: A Chronicle of Challenges and Opportunities. Mater. Today Proc. 2021, 38, 564–569. [CrossRef] 19. Kolli, R.P .; Devaraj, A. A Review of Metastable Beta Titanium Alloys. Metals 2018, 8, 506. [CrossRef] 20. Fujii, H.; Fujisawa, K.; Ijii, M.; Yamashita, Y. Development of Low-Cost High-Strength Ti-Fe-O-N Alloy Series.Nippon. Steel Tech. Rep. 2002, 85, 107–112. 21. Fujii, H.; Takahashi, K. Development of High Performance Ti-Fe-Al Alloy Series.Nippon Steel Tech. Rep. Overseas 2002, 85, 113–117. 22. Fujii,']",,0.0
Which property is essential for an ideal implant material?,A,"['glass play vital role in this area. Evolution of functionally graded material application is enormous in human implant, its tailoring of elastic modulus make it to get characteristics closer to natural bone. Ti/HA FGM implant exposed good mechanical strength and bio compatibility, it ensures bone restoration also. Porous implant structures behaves like a natural bone, it allows fluid motion and has a good elastic stability closer to natural bone. Vitro and vivo tests show the successful enhancement in bio compatibility, that facilitates the patient for long term comfort in post surgical procedure. Fatigue and stress shielding effects are not considered and significant research works have not been carried out to improve those parameters. ICCSSS 2020 IOP Conf. Series: Materials Science and Engineering 1084 (2021) 012127 IOP Publishing doi:10.1088/1757-899X/1084/1/012127 7 Traditional manufacturing techniques may have limited the fabrication of implant to meet design requirements, but the evolution of powder metallurgy techniques promis e the making of successful implants and compromising the limitations of material effects. Evaluation of composite and functionally graded materials are complicated than traditional material especially in the field'
 'as mechanical loading, chemical interactions with saliva and food, and microbial activity, which may affect their lon - gevity differently. The analogy may oversimplify the com- plexity of material behavior in biomedical applications. Zirconia: a durable and biocompatible material for implant applications Dental implants have gained significant popularity as a method for replacing missing teeth. In the USA, their usage has risen from 0.7% in 1999–2000 to 5.7% in 2015– 2016, with projections suggesting that the prevalence could reach 23% by 2026 Elani HW et al. (2018). Accord - ing to Howe et al. (2019), titanium remains the mate - rial of choice for implants due to its high survival rate: 96.4% over 10 years. Sicilia et al. (2008) and Ioannidis et al. (2017) have discussed that titanium has limitations, such as allergic reactions, titanium deposits, mucosal discoloration, and aesthetic concerns. Andreiotelli et al. (2009a, b) have led to a search for alternative materials. Aluminum oxide was the first ceramic implant material, showing osseointegration but lacking in fracture tough - ness. This led to long-term survival rates of 65–92%. Despite'
 'deleterious effect on the surround- ing tissue. However, despite the description of several inherent advantages of the material, without adequate surface treatment, it ends up having a low integration with the bone and gingival tissue, which may lead to dental implant failures. These failures occur due to Materials 2022, 15, 3150. https://doi.org/10.3390/ma15093150 https://www.mdpi.com/journal/materials Materials 2022, 15, 3150 2 of 17 poor osseointegration, affecting the stability of the implant in the bone, which can lead to the establishment of infections and inﬂammatory processes in the peri-implant space [ 7]. To reduce such problems, different surface treatments are investigated to promote better osseointegration and prevent the formation of harmful bacterial bioﬁlms. Nanotechnology has generated positive impacts in dentistry, being able to produce surfaces with a spe- ciﬁc topography and chemical composition to improve the biocompatible characteristics of materials [ 8]. Commercial implants are already found with nanostructured surface modiﬁcations, such as SLActive® (Straumann, Basel, Switzerland), which is reported to induce a faster response to osseointegration, and HAnane Surface® (Promimic, Gothenburg, Sweden), which brings the titanium coating with nanohydroxyapatite and can stimulate the'
 'Implant Biomaterials. J. Am. Dent. Assoc. 1990, 121, 716–719. [CrossRef] 103. Mueller, C.K.; Solcher, P .; Peisker, A.; Mtsariashvilli, M.; Schlegel, K.A.; Hildebrand, G.; Rost, J.; Liefeith, K.; Chen, J.; Schultze- Mosgau, S. Analysis of the Inﬂuence of the Macro- and Microstructure of Dental Zirconium Implants on Osseointegration: A Minipig Study. Oral Surg. Oral Med. Oral Pathol. Oral Radiol. 2013, 116, e1–e8. [CrossRef] 104. Rasouli, R.; Barhoum, A.; Uludag, H. A Review of Nanostructured Surfaces and Materials for Dental Implants: Surface Coating, Patterning and Functionalization for Improved Performance. Biomater. Sci. 2018, 6, 1312–1338. [CrossRef] 105. Kunrath, M.F.; Murad ás, T.C.; Penha, N.; Campos, M.M. Innovative Surfaces and Alloys for Dental Implants: What about Biointerface-Safety Concerns? Dent. Mater. 2021, 37, 1447–1462. [CrossRef] 106. Bauer, S.; Schmuki, P .; von der Mark, K.; Park, J. Engineering Biocompatible Implant Surfaces: Part I: Materials and Surfaces. Prog. Mater. Sci. 2013, 58, 261–326. [CrossRef] 107. Le Guéhennec, L.; Soueidan, A.; Layrolle, P .; Amouriq, Y. Surface Treatments of Titanium Dental Implants for Rapid Osseointe- gration. Dent. Mater. 2007, 23, 844–854. [CrossRef] 108. Hanawa, T. A']",,0.0
Why is hydroxyapatite widely used in bone engineering?,C,"['repair bone and cartilage than other biomaterials [12]. Whether prosthetic implants, scaffolds, or artificial bone cement, as a biocompatible mineral with a composition similar to that of bone minerals, it constitutes the primary mineral constituent of cancellous and cortical mature bone [13]. It is highly attractive due to its excellent osteoconductive properties [14]. Hydroxyapatite has a hexagonal structure with a space group of P6 3/m and lattice constants of a = b = 9.42 Å and c = 6.88 Å. In this crystal structure, PO43− forms a hexagonal close-packed arrangement, while calcium ions (Ca2+) occupy the interstitial sites within this structure. Hydroxyl ions (OH−) are located in specific channels within the crystal lattice. This orderly arrangement endows hydroxyapatite crystals with a certain stability and unique physicochemical properties [ 15]. Through imitating the structure of natural bone, hydroxyapatite coatings can enhance the growth of bone cells on the surface of implants. Such coatings are characterized mainly by their low porosity, strong adhesion, high crystallinity, and chemical purity [16]. Although HAp can be applied as the original composition in bone tissue engineering,'
 'review articles on various bone scaﬀolds in bone tissue engineering, these articles lack a comprehensive discussion and clinical application of multiple hydroxyapatite com- posites. Therefore, against this backdrop, this article systematically introduces the latest advancements in hydroxyapatite composites used for bone tissue engineering (as shown in Figure 1). The research strategy involved systematically searching peer-reviewed arti- cles from databases so that high-quality st udies were examined by applying these inclu- sion and exclusion criteria, thereby providing a detailed analysis of the topic, exploring its innovative points, and outlining future development directions. Figure 1. Literature review framework diagram. 2. HAp Composites Classiﬁcation HAp has great potential in the biomedical ﬁeld. It is especially useful in bone tissue engineering, drug delivery, and biosensing. As a sca ﬀold material for bone tissue engi- neering, HAp has good biocompatibility (as shown in Table 1). It can help cells stick, grow, and change. This supports the formation of new bone tissue [17]. Scaﬀold materials represented by HAp composites in tissue-engineered bone exhibit strong osteogenic capacity [24]. Advances in manufacturing technology and materials sci- ence have'
 'Magnaterra, G.; Rahdar, A.; Verné, E.; Baino, F. Hydroxyapatite for Biomedical Applications: A Short Overview. Ceramics 2021, 4, 542–563. [CrossRef] 19. Poddar, D.; Singh, A.; Rao, P .; Mohanty, S.; Jain, P . Modified-Hydroxyapatite-Chitosan Hybrid Composite Interfacial Coating on 3D Polymeric Scaffolds for Bone Tissue Engineering. Macromol. Biosci. 2023, 23, e2300243. 20. Alkaron, W.; Almansoori, A.; Balázsi, K.; Balázsi, C. Hydroxyapatite-Based Natural Biopolymer Composite for Tissue Regenera- tion. Materials 2024, 17, 4117. [CrossRef] 21. Yang, R.; Chen, B.; Zhang, X.; Bao, Z.; Yan, Q.; Luan, S. Degradable Nanohydroxyapatite-Reinforced Superglue for Rapid Bone Fixation and Promoted Osteogenesis. ACS Nano 2024, 18, 8517–8530. 22. Cowan, C.M.; Soo, C.; Ting, K.; Wu, B. Evolving concepts in bone tissue engineering. Curr. T op. Dev. Biol. 2005, 66, 239–285. [PubMed] 23. Salah, M.; Tayebi, L.; Moharamzadeh, K.; Naini, F.B. Three-dimensional bio-printing and bone tissue engineering: Technical innovations and potential applications in maxillofacial reconstructive surgery. Maxillofac. Plast. Reconstr. Surg. 2020, 42, 18. 24. Dec, P .; Modrzejewski, A.; Pawlik, A. Existing and Novel Biomaterials for Bone Tissue Engineering.Int. J. Mol. Sci. 2022, 24, 529. [CrossRef] 25.'
 'J. Calcium to phosphate ratio measurements in calcium phosphates using LIBS. J. Phys. Conf. Ser. 2018, 1027, 012015. 14. Tzavellas, A.-N.; Katrilaka, C.; Karipidou, N.; Kanari, M.; Pitou, M.; Koliakos, G.; Cheva, A.; Choli-Papadopoulou, T.; Aggeli, A.; Tsiridis, E. The “Forgotten” Hydroxyapatite Crystals in Regenerative Bone Tissue Engineering: A Critical Review. Crystals 2024, 14, 448. [CrossRef] 15. Kribaa, O.K.; Labidi, C.E.; Djouama, H.; Laacher, L. Coupled experimental and theoretical study of hydroxyapatite ceramics. Bioinspired Biomim. Nanobiomater. 2023, 12, 104–114. 16. Delpierre, A.; Savard, G.; Renaud, M.; Rochefort, G.Y. Tissue Engineering Strategies Applied in Bone Regeneration and Bone Repair. Bioengineering 2023, 10, 644. [CrossRef] 17. Mondal, S.; Park, S.; Choi, J.; Vu, T.T.H.; Doan, V .H.M.; Vo, T.T.; Lee, B.; Oh, J. Hydroxyapatite: A journey from biomaterials to advanced functional materials. Adv. Colloid Interface Sci. 2023, 321, 103013. 18. Fiume, E.; Magnaterra, G.; Rahdar, A.; Verné, E.; Baino, F. Hydroxyapatite for Biomedical Applications: A Short Overview. Ceramics 2021, 4, 542–563. [CrossRef] 19. Poddar, D.; Singh, A.; Rao, P .; Mohanty, S.; Jain, P . Modified-Hydroxyapatite-Chitosan Hybrid Composite Interfacial Coating on 3D']",,0.8101175960981682
What is a limitation of pure hydroxyapatite?,C,"['repair bone and cartilage than other biomaterials [12]. Whether prosthetic implants, scaffolds, or artificial bone cement, as a biocompatible mineral with a composition similar to that of bone minerals, it constitutes the primary mineral constituent of cancellous and cortical mature bone [13]. It is highly attractive due to its excellent osteoconductive properties [14]. Hydroxyapatite has a hexagonal structure with a space group of P6 3/m and lattice constants of a = b = 9.42 Å and c = 6.88 Å. In this crystal structure, PO43− forms a hexagonal close-packed arrangement, while calcium ions (Ca2+) occupy the interstitial sites within this structure. Hydroxyl ions (OH−) are located in specific channels within the crystal lattice. This orderly arrangement endows hydroxyapatite crystals with a certain stability and unique physicochemical properties [ 15]. Through imitating the structure of natural bone, hydroxyapatite coatings can enhance the growth of bone cells on the surface of implants. Such coatings are characterized mainly by their low porosity, strong adhesion, high crystallinity, and chemical purity [16]. Although HAp can be applied as the original composition in bone tissue engineering,'
 'K. S.; Janas, V . F . Synthesis, Characterization, and Dispersion Properties of Hydroxyapatite Prepared by Mechanochemical-Hydrothermal Methods. J. Mater. Chem. 2004, 14, 2425–2432. DOI: 10.1039/B315095J. [28] Bulina, N. V .; Vinokurova, O. B.; Prosanov, I. Y .; Vorobyev, A. M.; Gerasimov, K. B.; Borodulina, I. A.; Pryadko, A.; Botvin, V . V .; Surmeneva, M. A.; Surmenev, R. A.; et al. Mechanochemical Synthesis of Strontium- and Magnesium-Substituted and Cosubstituted Hydroxyapatite Powders for a Variety of Biomedical Applications. Ceram. Int. 2022, 48, 35217–35226. DOI: 10.1016/j.ceramint.2022.08.123. [29] Guo, X.; Y an, H.; Zhao, S.; Li, Z.; Li, Y .; Liang, X. Effect of Calcining Temperature on Particle Size of Hydroxyapatite Synthesized by Solid-State Reaction at Room Temperature. Adv. Powder Technol. 2013, 24, 1034–1038. DOI: 10.1016/j. apt.2013.03.002. [30] Khalid, H.; Chaudhry, A. A. Basics of Hydroxyapatite-Structure, Synthesis, Properties, and Clinical Applications. In Handbook of Ionic Substituted Hydroxyapatite Woodhead Publishing Series in Biomaterials; Khan, A.S., Chaudhry, A. A., Eds.; Elsevier Ltd.: Duxford, United Kingdom, 2019, pp 85–115. DOI: 10.1016/ B978-0-08-102834-6.00004-5 [31] Rodriguez-Lugo, V .; Karthik, T.V .K.; Mendoza-Anaya, D.; Rubio-Rosas, E.; Villasensor Ceron,'
 'R.A.; Surmeneva, M.A. A critical review of decades of research on calcium phosphate–based coatings: How far are we from their widespread clinical application? Curr. Opin. Biomed. Eng. 2019, 10, 35–44. [CrossRef] 8. Habibah, T.U.; Amlani, D.V .; Brizuela, M. Hydroxyapatite Dental Material. InStatPearls; StatPearls Publishing: Treasure Island, FL, USA, 2020. 9. Domingo, C.; Arcís, R.; López-Macipe, A.; Osorio, R.; Rodríguez-Clemente, R.; Murtra, J.; Fanovich, M.; Toledano, M. Dental composites reinforced with hydroxyapatite: Mechanical behavior and absorption/elution characteristics. J. Biomed. Mater. Res. J. Soc. Biomater. Jpn. Soc. Biomater. Aust. Soc. Biomater. Korean Soc. Biomater. 2001, 56, 297–305. [CrossRef] 10. Meyer, F.; Amaechi, B.T.; Fabritius, H.-O.; Enax, J. Overview of calcium phosphates used in biomimetic oral care.Open Dent. J. 2018, 12, 406. [CrossRef] 11. Pepla, E.; Besharat, L.K.; Palaia, G.; Tenore, G.; Migliau, G. Nano-hydroxyapatite and its applications in preventive, restorative and regenerative dentistry: A review of literature. Annali di Stomatologia 2014, 5, 108. [CrossRef] 12. Pu’ad, N.A.S.M.; Koshy, P .; Abdullah, H.Z.; Idris, M.I.; Lee, T.C. Syntheses of hydroxyapatite from natural sources.Heliyon 2019, 5, e01588. 13. Ratnayake, J.T.B.; Gould, M.L.; Shavandi,'
 'J. Calcium to phosphate ratio measurements in calcium phosphates using LIBS. J. Phys. Conf. Ser. 2018, 1027, 012015. 14. Tzavellas, A.-N.; Katrilaka, C.; Karipidou, N.; Kanari, M.; Pitou, M.; Koliakos, G.; Cheva, A.; Choli-Papadopoulou, T.; Aggeli, A.; Tsiridis, E. The “Forgotten” Hydroxyapatite Crystals in Regenerative Bone Tissue Engineering: A Critical Review. Crystals 2024, 14, 448. [CrossRef] 15. Kribaa, O.K.; Labidi, C.E.; Djouama, H.; Laacher, L. Coupled experimental and theoretical study of hydroxyapatite ceramics. Bioinspired Biomim. Nanobiomater. 2023, 12, 104–114. 16. Delpierre, A.; Savard, G.; Renaud, M.; Rochefort, G.Y. Tissue Engineering Strategies Applied in Bone Regeneration and Bone Repair. Bioengineering 2023, 10, 644. [CrossRef] 17. Mondal, S.; Park, S.; Choi, J.; Vu, T.T.H.; Doan, V .H.M.; Vo, T.T.; Lee, B.; Oh, J. Hydroxyapatite: A journey from biomaterials to advanced functional materials. Adv. Colloid Interface Sci. 2023, 321, 103013. 18. Fiume, E.; Magnaterra, G.; Rahdar, A.; Verné, E.; Baino, F. Hydroxyapatite for Biomedical Applications: A Short Overview. Ceramics 2021, 4, 542–563. [CrossRef] 19. Poddar, D.; Singh, A.; Rao, P .; Mohanty, S.; Jain, P . Modified-Hydroxyapatite-Chitosan Hybrid Composite Interfacial Coating on 3D']",,0.7268989885517491
Why are hydroxyapatite composites used instead of pure HA?,C,"['uniformity of composites, HAp- based inorganic composites hold great promise for applications in orthopedics, catalysis, and energy storage [31]. Hydroxyapatite-coated titanium-aluminum alloy (bHA-coated Ti/Al alloy) has shown a remarkable ability to promote bone formation in in vivo studies. Ninety days after surgery, the coated alloy was completely absorbed within the original bone, indicating its good bioactivity and biodegradability. In terms of osteogenesis, it exhibited excellent biocompatibility and bioactivity, effectively promoting the formation of new bone and facilitating integration between new and old bone tissue, primarily due to its excellent bone conduction properties [32]. The combination of silicon dioxide (SiO2) with HAp significantly enhances the proper- ties of the composite material. Studies have shown that as the SiO2 content increases, both the density and compressive strength of the composite material after sintering at 900 ◦C are significantly improved. A composite with 40% SiO 2 content can achieve a compres- sive strength of 164.82 MPa, which is close to that of natural bone, making it suitable for load-bearing bone repair, and it also exhibits enhanced fatigue resistance. Some researchers have found that'
 'composites show significant advantages in the field of bone repair, they also have some limitations. The following analysis will discuss the current development status of hydroxyapatite composites from four aspects: design and preparation of HAp composites, biocompatibility, mechanical and vascularization properties, and clinical applications. 3.1. Preparation of Hydroxyapatite Composites HAp can be synthesized via diverse synthetic routes. A representative protocol involves mechanochemical synthesis, where the controlled crystallization of HAp in an alkaline colloidal system is synergistically combined with cellulose fibers, enabling the fabrication of composite scaffolds with precisely tunable HAp loadings (26–86 wt%). This protocol achieves exceptional compositional control, demonstrating HAp mass fractions spanning 26–86 wt% with preserved structural integrity [80]. HAp can be combined with polysaccharides derived from biomaterials to form com- posites with special applications in the biomedical field. The study involves the synthesis of nanocomposites of natural polysaccharides such as sodium alginate, chitosan, and pectin [81]. Porous hydroxyapatite–chitosan composite microspheres can be prepared by the hydrothermal method. Porous hydroxyapatite–chitosan composite microspheres were prepared by the hydrothermal method using an aqueous solution that contained chitosan, calcium nitrate, and'
 'nano-HA has been shown to be clinically unsuitable due to high water uptake, high refractive index and hence light scattering [9]. Therefore, no signiﬁcantly improved properties compared to conventional composites with regard to tooth mechanical properties and bioﬁlm protection [9]. However, there is suggestive more promise with smaller HA particles and increasing total ﬁller amount [9]. The external layer of human teeth, the enamel, is composed of 97% inorganic compo- nent, and the dentine is composed of 70% inorganic component; these inorganic phases are mainly made up of HA [ 10,11]. In the past 50 years, calcium phosphate for daily oral care has been thoroughly researched, especially in preventative dentistry. HA can be extracted from various natural resources such as bovine, ovine, porcine bone and marine structures [12–16]. Trace elements such as zinc, sodium, magnesium and carbonate present in some natural sources of HA have been found to mimic the apatite produced from human bone and inﬂuence the physical properties of HA such as crystal structure, morphology and solubility, and also the thermal stability [4]. Naturally sourced HA can also'
 'bone can serve as a substitute for autogenous bone. Studies have found that although its clinical outcomes (such as pain relief and neurological recovery) are similar to those of autogenous bone, it is associated with a higher risk of cage subsidence and postoperative dysphagia [115]. The supply of allogeneic bone is limited, and long-term follow-up has revealed that its bone integration rate is relatively slow. In some cases, bone resorption or graft failure occurs, necessitating secondary surgical intervention [116]. HAp composites have a wide range of applications J. Funct. Biomater. 2025, 16, 127 15 of 20 in clinical orthopedics, dentistry, and bone tissue engineering due to their unique physico- chemical properties and biocompatibility. Biomaterials such as HA composites have some defects, such as processing complexity and inhomogeneity of mechanical properties, which may affect the effectiveness of the materials for spinal fusion applications. 4. Conclusions Hydroxyapatite composites represent a transformative advancement in bone tissue engineering, combining inherent bioactivity with engineered multifunctionality. By in- tegrating inorganic reinforcements such as silica and carbon nanotubes, these materials achieve mechanical properties surpassing pure hydroxyapatite, with']",,0.9062060620736331
What is the role of scaffolds in bone tissue engineering?,A,"['the natural process of regeneration occurring in the body and incorporate three essential components: scaffolds, cells, and biophysical instructive signals (e.g., growth factors and physical stimuli) [4]. Combining these three elements, BTE demonstrates highly promising results, and this multifactorial approach must be considered in an integrated manner for each specific tissue and its physiopathological condition when working to repair or improve the function of injured tissues [5,6]. Bioactive scaffolds provide a biomimetic 3D architecture that closely mimics the extracellular matrix (ECM) of native bone tissue. Engineered with precisely tuned physical– chemical properties and bioactivity, these scaffolds establish a regenerative niche that orchestrates cellular processes—from adhesion to terminal differentiation—through spa- tiotemporal control of biochemical cues [7]. These scaffolds can be made of biocompatible J. Funct. Biomater. 2025, 16, 127 https://doi.org/10.3390/jfb16040127 J. Funct. Biomater. 2025, 16, 127 2 of 20 materials that gradually degrade after implantation while promoting the formation of new bone tissue. In vivo results of ceramic-based scaffolds used in some studies have shown that they promote bone mineralization and collagen deposition while reducing inflammatory responses [2]. In addition, the'
 'E.M. Scaffold Fabrication Techniques of Biomaterials for Bone Tissue Engineering: A Critical Review. Bioengineering 2022, 9, 728. [CrossRef] J. Funct. Biomater. 2025, 16, 127 16 of 20 5. Costa, J.B.; Pereira, H.; Espregueira-Mendes, J.; Khang, G.; Oliveira, J.M.; Reis, R.L. Tissue engineering in orthopaedic sports medicine: Current concepts. J. ISAKOS 2017, 2, 60–66. 6. Huang, B.; Li, S.; Dai, S.; Lu, X.; Wang, P .; Li, X.; Zhao, Z.; Wang, Q.; Li, N.; Wen, J.; et al. Ti3C2Tx MXene-Decorated 3D-Printed Ceramic Scaffolds for Enhancing Osteogenesis by Spatiotemporally Orchestrating Inflammatory and Bone Repair Responses. Adv. Sci. 2024, 11, e2400229. 7. Kang, M.; Lee, C.-S.; Lee, M. Bioactive Scaffolds Integrated with Liposomal or Extracellular Vesicles for Bone Regeneration. Bioengineering 2021, 8, 137. [CrossRef] 8. He, S.; Fang, J.; Zhong, C.; Wang, M.; Ren, F. Spatiotemporal Delivery of pBMP2 and pVEGF by a Core-Sheath Structured Fiber-Hydrogel Gene-Activated Matrix Loaded with Peptide-Modified Nanoparticles for Critical-Sized Bone Defect Repair. Adv. Health Mater. 2022, 11, e2201096. 9. Tsiklin, I.L.; Shabunin, A.V .; Kolsanov, A.V .; Volova, L.T. In Vivo Bone Tissue Engineering Strategies: Advances and Prospects.'
 'gradually degrade after implantation while promoting the formation of new bone tissue. In vivo results of ceramic-based scaffolds used in some studies have shown that they promote bone mineralization and collagen deposition while reducing inflammatory responses [2]. In addition, the admixture of growth factors, such as bone vascular endothelial growth factor (VEGF) or morphogenetic protein (BMP), stimulates osteoblast recruitment, angiogenesis, and tissue regeneration [ 8]. Stem cells, including induced pluripotent stem cells (iPSCs) or mesenchymal stem cells (MSCs), possess the ability to self-renew and differentiate into diverse osteoblastic cell types, rendering them a highly useful resource for bone tissue engineering [9]. Scaffolds are important components of bone tissue engineering structures. Hydroxya- patite (HAp), as a bioactive material, is regarded as a highly appealing ceramic material for the replacement and regeneration of bone and hard tissues [10]. HAp, with the chemical formula Ca10(PO4)6(OH)2, is a calcium phosphate crystal and a type of apatite. The the- oretical atomic ratio of calcium to phosphorus is 1.67, and the theoretical weight ratio of calcium to phosphorus is 2.16. It is composed of elements such'
 'bone substitution engineering [20]. We explored Scopus, PubMed, and Web of Science using specific keywords related to “Scaffold”, “Biomaterial Composites”, “Osteogenesis”, “Biocompatibility”, “Bone repair”, “Bioactive ceramics”. Priority was given to articles published in the past five years to capture the latest progress. Studies specifically focused on scaffold modifications for bone tissue regeneration were encompassed by the inclusion criteria, while research unrelated to bone or solely focusing on other tissue engineering areas was excluded. Although this is J. Funct. Biomater. 2025, 16, 127 3 of 20 a narrative review aiming to provide references for the development of next-generation biomaterials for bone tissue engineering, it ensures that only relevant studies of tissue engi- neering applied to bone regeneration and repair showing great potential in tackling issues associated with bone diseases are included [21]. Designing a structure that can accurately replicate the mechanical, structural, and osteoinductive properties of the bone extracellular matrix is still a challenge at present [ 22]. The ultimate goal of tissue engineering meth- ods applied to bone repair and regeneration is to successfully translate them into clinical practice [23].']",,0.0
Which factor improves bone regeneration in composites?,E,"['composites, which exhibit easy-to-handle rheological properties, injectability, and good vascularization and bone regeneration capa- bilities in bone regeneration [106]. A study utilized a rat calvarial defect model, featuring a 5 mm diameter full-thickness defect on the right side of the parietal bone, to assess the bio- logical functionality of bone repair materials. The results indicate that magnesium-doped nano-hydroxyapatite (Mg-nHAp) can synchronously activate the osteogenic differenti- ation of bone marrow mesenchymal stem cells and the tubular formation capability of endothelial cells by regulating the energy band structure of the crystal surface. The unique ion-release characteristics of this composite material establish a bidirectional regulatory net- work for osteogenesis and angiogenesis in the defect microenvironment. By coordinating the spatiotemporal expression pattern of the Runx2/VEGF signaling pathway, it achieves coupled development of mineralization deposition and neovascular network during bone tissue regeneration, confirming the multi-target regulatory advantages of ion-modified bioceramics in bone defect repair [107]. The design and optimization of composites can improve the mechanical properties of scaffolds and promote vascularization, thereby more effectively facilitating bone regeneration and repair. 3.4. Clinical Applications of Hydroxyapatite Composites'
 'stiffness of implant. Matrix porosity allows osteoblasts at vicinity of implantation, the studies are being carried out to enhance and optimise the properties without sacrificing of composite implant. Alpha -TCP and ployammide attr act researchers to compose composite for implant with good strength; which can be achieved by adding fibres [41]. TCP with 8% glutaraldehyde cross-linked gelatin implant produce less toxicity in vivo test during osteoblasts. The excess amount of gelatine p roduced toxic effect while releasing residuals [42]. Bio active glass, PMMA, PLA and 9% of antibiotic reduce inflammatory effects [43]. The PE matrix with 35% bio glass reinforcement composite implant was developed close to the properties of natural bone, but bonding between the matrix and reinforcement was weak. The HA and PE composite also had lower strength in bonding between matrix and reinforcement, the experimental results shown that good biocompatibility with nearby tissue in minimum time period afte r implant without any infection [37]. The carbon fibre reinforced composite material used to make fixation in bio medical applications, vitro and vivo experiments shown promising results with high mechanical'
 'regulatory advantages of ion-modified bioceramics in bone defect repair [107]. The design and optimization of composites can improve the mechanical properties of scaffolds and promote vascularization, thereby more effectively facilitating bone regeneration and repair. 3.4. Clinical Applications of Hydroxyapatite Composites The team confirmed that the 3D printed craniomaxillofacial implants made from nHAp@PLDLLA composites are safe and effective, promote bone regeneration, and are biocompatible. In the case of prefrontal bone reconstruction, the implant partially degraded and fused with the new bone within 6 months; in the case of mandibular reconstruction, the implant facilitated the formation of new bone for successful dental implants; and in the case of cleft palate treatment, the implant restored oral function and esthetics. The 6-month observation showed significant efficacy, shortening the operation time and acceler- J. Funct. Biomater. 2025, 16, 127 14 of 20 ating the patient’s recovery time [108]. The combination of HAp with platelet-rich fibrin (PRF) has shown positive results in bone defect repair and accelerated healing [ 109]. A study investigating the efficacy of a combination of hydroxyapatite/biphasic tricalcium phosphate grafting material (HAp/TCP) with'
 'regeneration but also facilitate new bone formation and vascularization. Additionally, the challenges faced by HAp composites, such as material property optimization and improvement of preparation techniques, are discussed. The paper also summarizes the applications of HAp composites in bone defect repair, dental implants, spinal fusion, and other fields. Keywords: scaffold; biomaterial composites; osteogenesis; bone repair; biocompatibility; bioactive ceramics 1. Introduction The field of regenerative medicine grapples with significant challenges in bone regen- eration and repair. Whether arising from fractures, bone diseases, or traumatic injuries, the repair of damaged bone tissue urgently requires innovative solutions. Bone tissue engineering (BTE) has emerged as a promising approach to address these clinical demands through the development of novel strategies for bone regeneration that could revolutionize the current paradigm of tissue defect repair [1–3]. Tissue engineering strategies for bone regeneration typically employ methods that imitate the natural process of regeneration occurring in the body and incorporate three essential components: scaffolds, cells, and biophysical instructive signals (e.g., growth factors and physical stimuli) [4]. Combining these three elements, BTE demonstrates highly promising results, and this multifactorial approach']",,0.0
What is a key advantage of composite biomaterials?,D,"['by inherit heterogeneous properties of composite material. Tailoring of material properties is not possible in traditional materials, but composite materials give opportunity to tailor material properties. Normally composite materials consist of two or more material combination, so it exhibits excellent specific properties in medical implants as required; it is more flexible in design than traditional material due to optimizing specific properties. Various combination of composite material is in practise in biomedical applications, the distinctive features of bio c omposite material is presented in this paper. Abstract Composite material constitute of different materials to have better characteristics than traditional materials. Material properties such as physical, chemical and mechanical properties can be tailored in composite material based on requirements. This advantage extends the composite material applications in the field of human implants. Traditional metals or ceramics have certain limitations after the implantation in human body, because of its inheriting properties with biological tissue. These limitations can be eradicated by the composite material; it makes composites to fabricate implant for biomedical applications. The new research works enhance the composite materials to mimic the'
 'in human body, because of its inheriting properties with biological tissue. These limitations can be eradicated by the composite material; it makes composites to fabricate implant for biomedical applications. The new research works enhance the composite materials to mimic the natural bone, biological functions and tissue characteristics. Human tissue and bone are naturally graded from the core side, functionally graded material (FGM) implant overcome some limitations of composite materials. FGM implants elastic modulus can be tailored as like a composite material, its biological functions similar with natural one. Other biological parameters such as corrosion, wear resistance and fracture toughness are considered when designing the implant. This article discusses composite material advantage and limitations of both composite and FGM implants. ICCSSS 2020 IOP Conf. Series: Materials Science and Engineering 1084 (2021) 012127 IOP Publishing doi:10.1088/1757-899X/1084/1/012127 2 II IN THE FIELD OF DENTISTRY Enamel and dentine are important hard tissue in teeth, which is made up of natural composite materials like collagen and hydroxyapatite (HA). Mainly three types of composite mate rials used in the field of dentistry, polymeric based composites, metal'
 'composites combining both inorganic and organic mate rials (as shown in Figure 2). Inorganic materials are en- hanced through composite technology; when combined with ceramic materials, their hardness and wear resistance are improved [26]. When combined with bioactive glass materials, the osteogenic inductivity and biocompatibility are further enhanced. Further- more, by precisely adjusting the composition of polymers or bioactive glasses, the degra- dation rate of the composites can be accurately controlled to match the growth rate of new bone tissue [27]. Organic polymer material composite: When combined with polymers, it not only improves their mechanical properti es and processability but also enables them to better withstand mechanical loads and be fabr icated into various implants [28,29]. In application ﬁelds, HAp composites can eﬀectively promote the regeneration and healing of bone tissue in bone defect repair. As drug carriers, they can achieve targeted drug re- lease and sustained long-term release, thereby improving drug eﬃcacy and reducing side eﬀects. Additionally, they can be used to prepare biosensors for detecting changes in bio- molecule concentrations. Overall, HAp composites demonstrate great application poten- tial'
 'controlled to match the growth rate of new bone tissue [27]. Organic polymer material composite: When combined with polymers, it not only improves their mechanical properties and processability but also enables them to better withstand mechanical loads and be fabricated into various implants [ 28,29]. In application fields, HAp composites can effectively promote the regeneration and healing of bone tissue in bone defect repair. As drug carriers, they can achieve targeted drug release and sustained long-term release, thereby improving drug efficacy and reducing side effects. Additionally, they can be used to prepare biosensors for detecting changes in biomolecule concentrations. Overall, HAp composites demonstrate great application potential in the biomedical field, effectively addressing challenges in bone defect repair, drug carriers, and biosensors. J. Funct. Biomater. 2025, 16, x FOR PEER REVIEW 4 of 19 materials, composites with organic materials, and multicomponent composites combining both inorganic and organic mate rials (as shown in Figure 2). Inorganic materials are en- hanced through composite technology; when combined with ceramic materials, their hardness and wear resistance are improved [26]. When combined with bioactive glass materials,']",,0.0
Which application is NOT supported by biodegradable polymer context?,E,"['Implementation of biodegradable plastics is hampered by the lack of mechanical strength and ductility of many biodegradable polymers, as well as the high costs and complicated synthesis processes required to produce many biodegradable polymers. 1.3 BIOPOLYMER SYNTHESIS AND APPLICATIONS Biodegradable polymers from renewable sources are used in various fields, including biomedical applications, food packaging and agricultural films (Song et al., 2018, Auras et al., 2004). Since the 1990s, more emphasis has been placed on developing biodegradable polymers for all purposes and engineering applications, rather than simply focusing on biodegradability (Nakajima et al., 2017). The application of biodegradable polymers is often hampered by restrictive pro - cessing conditions, and once processed, the materials often exhibit poor mechanical as well as thermal and electrical properties (La Mantia & Morreale, 2011). The high cost of biodegradable polymer production is of course a very important factor and one of the key reasons why conventional plastics are still preferred. Composites must be used where characteristics of individual biodegradable poly- mers alone simply cannot meet the demands required of the final product. Fillers can also be'
 'commercial use of biopolymer films due to their poor mechanical properties and high sensitivity to moisture (Cabedo et al., 2006). Biobased non-biodegradable polymers possess char- acteristics like those of fossil -based polymers (e.g., biobased and fossil-based poly- ethylene, PE). The major difference in this category is the source of the monomer. On the other hand, biobased biodegradable polymers consist of synthetic and naturally occurring biopolymers, such as cellulose and starch. Saha, Zatloukal, and Saha (2003) explained ways to reach the goal via the modi - fication of polymer with starch, cellulose, protein and other water -soluble materi- als. An investigation on the modification of metallocene -based linear -low-density polyethylene (mLLDPE) with HP was reported. It was interesting to note that HP easily blends with mLLDPE, but like other biopolymers, it also reduces the original mechanical properties of the mLLDPE. However, not all biodegradable polymers are biobased, as others can be obtained from fossil fuels. For example, biobased poly(ethylene terephthalate) (PET) is derived from renewable resources but is not biodegradable, whereas poly( 𝜖-caprolactone) (PCL) is petroleum -based, but it is 100%'
 'on the polymer environment and desired application. The combination FIGURE 2.7 Diagrammatic representation of the chemistry of biodegradation (Luckachan and Pillai, 2011). 50 Biodegradable Polymers, Blends and Biocomposites of different environmental factors such as sunlight, heat, oxygen, humidity, and microorganisms have synergistic effects on the degradation rate of starch- filled low-density polyethylene (LDPE). Natural polymers are susceptible to microbial attack, and they are often derived from agricultural products (such as starch, proteins, cellulose, and plant oils). They are the major resources for the development of many renewable and biodegradable polymers for industrial applications due to increased environmental concerns and diminished petrochemical resources (Le Corre, Bras, and Dufresne, 2010) (Table 2.3). Many of the biodegradation studies of biobased polymers have focused on the microbial enzymes and molecular size level, which is related to different molecular weights, copolymer content, thickness, size particles, etc., and identifying the influ - ence on the degradation and biodegradation behaviours under natural environmental conditions. Biodegradation studies of biobased polyesters such as PLA, PHA, TPS, PBAT, PBS(A), and PCL under controlled composting conditions in accordance with ISO and'
 'polymer matrix systems such as PGA and poly(lactic acid) PLA or their copolymers generally proceeds in a homogeneous manner with 1287BIODEGRADABLE POLYMERS a progressive loosening or swelling of the matrix. 124 This changes the properties and release rate of the device. It is more desirable to have a matrix that can erode heterogeneously, e.g. by surface erosion, so that a near-zero-order release rate might be obtained if the diffusion release is small. 125 A hydrophobic polymer, yet one degradable by hydrolysis, is ideal for this purpose. Polyanhydrides show promising properties. Poly(amide-enamine)s have also been designed and synthesized for this purpose and have been found to be susceptible to hydrolysis and biodegradation, both by fungi and enzymes. 126 4. POLYMERS WITH CARBON BACKBONES Vinyl polymers, with few exceptions, are generally not susceptible to hydrolysis. Their biodegradation, if it occurs at all, requires an oxidation process, and most of the biodegrad- able vinyl polymers contain an easily oxidisable functional group. Approaches to improve the biodegradability of vinyl polymers often include the addition of catalysts to promote their oxidation or photooxidation, or both.']",0.0,0.0
Which process contributes to osseointegration after implantation?,B,"['bone tissue” [41]. In this way, a sequence of biological events is involved in osseointegration. After the insertion of the endosseous implant, immune and inﬂammatory responses occur, followed by angiogenesis and osteogenesis. In this process, physicochemical characteristics of the implant, such as topography and hydrophilicity, will allow the anchorage of blood proteins, forming interaction sites for cells through cell receptors called integrins. Then, cells, such as neutrophils, occupy the implant surface, and after 2 to 4 days, monocytes and macrophages arrive [42]. Such steps are essential for homeostasis thanks to the release of cytokines and growth factors which will induce collagen matrix deposition and initial bone tissue formation [43] (Figure 1). In addition, for osseointegration to be effective, the implant must have other speciﬁc characteristics such as adequate geometry, maximum contact between the implant and the tooth, roughness, usually in the range of 1.5 µm, the physical health of the host, and, more recently, changes in the surface of the implants [44]. These modiﬁcations can range from structural modiﬁcations on the implant surface to bioactiva- tion with molecules capable of'
 'biological events is involved in osseointegration. After the insertion of the endosseous implant, immune and inflammatory responses occur, fol- lowed by angiogenesis and osteogenesis. In this process, physicochemical characteristics of the implant, such as topography and hydrophilicity, will allow the anchor age of blood proteins, forming interaction sites for cells through cell receptors called integrins. Then, cells, such as neutrophils, occupy the implant surface, and after 2 to 4 days, mono- cytes and macrophages arrive [42]. Such steps are essential for homeostasis thanks to the release of cytokines and growth factors which will induce collagen matrix deposition and initial bone tissue formation [43] (Figure 1). In addition, for osseointegration to b e effective, the implant must have other specific characteristics such as adequate geome- try, maximum contact between the implant and the tooth, roughness, usually in the range of 1.5 µm, the physical health of the host, and, more recently, changes in the s ur- face of the implants [44]. These modifications can range from structural modifications on the implant surface to bioactivation with molecules capable of accelerating the osseoin-'
 'are aestheti cally pleasing, a lack of adhesion and immunologic reactions have been reported [16,36–38]. 3. Osseointegration Process and Complications Associated with Dental Implants Since the discovery of the phenomenon of osseointegration by P.I Branemark in 1952 based on some observations of experiments on rabbit fibia, titanium prostheses have been the object of study by several research groups in the world [39]. The osseoin- tegration phenomenon can be broadly defined as a functional contact with sufficient stability between the prosthesis and the bone [40]. Especially for dental implants, the American Academy of Dental Implants, defined osseointegration in 1986 as “ Contact es- tablished without the interposition of non-bone tissue between normal remodeled bone and an im- plant entailing a sustained transfer and distribution of load from the implant to within the bone tissue” [41]. In this way, a sequence of biological events is involved in osseointegration. After the insertion of the endosseous implant, immune and inflammatory responses occur, fol- lowed by angiogenesis and osteogenesis. In this process, physicochemical characteristics of the implant, such as topography and hydrophilicity, will allow the'
 'as metals do. Although they are aesthetically pleasing, a lack of adhesion and immunologic reactions have been reported [16,36–38]. Materials 2022, 15, 3150 4 of 17 3. Osseointegration Process and Complications Associated with Dental Implants Since the discovery of the phenomenon of osseointegration by P .I Branemark in 1952 based on some observations of experiments on rabbit ﬁbia, titanium prostheses have been the object of study by several research groups in the world [39]. The osseointegration phenomenon can be broadly deﬁned as a functional contact with sufﬁcient stability between the prosthesis and the bone [40]. Especially for dental implants, the American Academy of Dental Implants, deﬁned osseointegration in 1986 as “ Contact established without the interposition of non-bone tissue between normal remodeled bone and an implant entailing a sustained transfer and distribution of load from the implant to within the bone tissue” [41]. In this way, a sequence of biological events is involved in osseointegration. After the insertion of the endosseous implant, immune and inﬂammatory responses occur, followed by angiogenesis and osteogenesis. In this process, physicochemical characteristics of the implant,']",,0.0
What is the function of extracellular matrix mimicry in scaffolds?,C,"['the natural process of regeneration occurring in the body and incorporate three essential components: scaffolds, cells, and biophysical instructive signals (e.g., growth factors and physical stimuli) [4]. Combining these three elements, BTE demonstrates highly promising results, and this multifactorial approach must be considered in an integrated manner for each specific tissue and its physiopathological condition when working to repair or improve the function of injured tissues [5,6]. Bioactive scaffolds provide a biomimetic 3D architecture that closely mimics the extracellular matrix (ECM) of native bone tissue. Engineered with precisely tuned physical– chemical properties and bioactivity, these scaffolds establish a regenerative niche that orchestrates cellular processes—from adhesion to terminal differentiation—through spa- tiotemporal control of biochemical cues [7]. These scaffolds can be made of biocompatible J. Funct. Biomater. 2025, 16, 127 https://doi.org/10.3390/jfb16040127 J. Funct. Biomater. 2025, 16, 127 2 of 20 materials that gradually degrade after implantation while promoting the formation of new bone tissue. In vivo results of ceramic-based scaffolds used in some studies have shown that they promote bone mineralization and collagen deposition while reducing inflammatory responses [2]. In addition, the'
 'scaffold has good biocompatibility. In vivo tests in rabbit back muscles have shown that the biomimetic scaffold formed new bone faster than conventional CaP scaffolds, indicating the improved osteoinductive capacity of the biomimetic scaffold [26]. HAp is a kind of bioceramic material. It has good biocompatibility and osteocon- ductivity. It can help form new bone tissue. With 3D and 4D printing, HAp can be combined with other materials like polymers and natural biomaterials. This makes mul- tifunctional composite scaffolds. Combining these materials improves the mechanical properties of the scaffolds. It also makes them more bioactive and better at delivering drugs [62]. Three-dimensional and four-dimensional printing technologies are used in bone tissue engineering. They can carry drugs well. These drugs help repair bones. Mak- ing personalized scaffolds fits the damaged bone better. This helps to restore the bone’s function and appearance. Three-dimensional printing can make scaffolds with many holes. These structures copy the natural bone environment. This helps cells to stick, grow, and change [63]. Further, 4D printing technology adds the time dimension. It lets scaffolds react to outside signals and'
 'E.M. Scaffold Fabrication Techniques of Biomaterials for Bone Tissue Engineering: A Critical Review. Bioengineering 2022, 9, 728. [CrossRef] J. Funct. Biomater. 2025, 16, 127 16 of 20 5. Costa, J.B.; Pereira, H.; Espregueira-Mendes, J.; Khang, G.; Oliveira, J.M.; Reis, R.L. Tissue engineering in orthopaedic sports medicine: Current concepts. J. ISAKOS 2017, 2, 60–66. 6. Huang, B.; Li, S.; Dai, S.; Lu, X.; Wang, P .; Li, X.; Zhao, Z.; Wang, Q.; Li, N.; Wen, J.; et al. Ti3C2Tx MXene-Decorated 3D-Printed Ceramic Scaffolds for Enhancing Osteogenesis by Spatiotemporally Orchestrating Inflammatory and Bone Repair Responses. Adv. Sci. 2024, 11, e2400229. 7. Kang, M.; Lee, C.-S.; Lee, M. Bioactive Scaffolds Integrated with Liposomal or Extracellular Vesicles for Bone Regeneration. Bioengineering 2021, 8, 137. [CrossRef] 8. He, S.; Fang, J.; Zhong, C.; Wang, M.; Ren, F. Spatiotemporal Delivery of pBMP2 and pVEGF by a Core-Sheath Structured Fiber-Hydrogel Gene-Activated Matrix Loaded with Peptide-Modified Nanoparticles for Critical-Sized Bone Defect Repair. Adv. Health Mater. 2022, 11, e2201096. 9. Tsiklin, I.L.; Shabunin, A.V .; Kolsanov, A.V .; Volova, L.T. In Vivo Bone Tissue Engineering Strategies: Advances and Prospects.'
 'with both reactions initiated simultaneously. During the co-precipitation process, the formed collagen fibrils are presumed to serve as templates for the precipitation of HAp crystallites. The mineralization of the collagen matrix significantly improves the mechanical properties of the scaffold, as the HAp crystallites within the collagen fibers restrict the deformation of the collagen fiber network. The resulting COL/HAp biomimetic scaffold resembles the microstructure of natural bone [28]. The damage to autologous bone is minimized, and the mechanical compatibility is optimal J. Funct. Biomater. 2025, 16, 127 7 of 20 when the elastic modulus of tissue-engineered bone is similar to that of natural bone, which has a compressive strength ranging from 2 to 230 MPa and an elastic modulus ranging from 0.05 to 30 GPa [45]. Some researchers have developed a Col/HAp composite material containing 70% HAp. This material has a compressive strength of 158 MPa and a Young’s modulus of 24 GPa, with properties close to those of cancellous bone [ 46]. Song et al. prepared an electrospun nanofiber mesh of polyvinyl alcohol-collagen-hydroxyapatite (PVA-Col-HAp) as a biomimetic bone-like extracellular matrix']",,0.0
Which statement cannot be answered from the provided documents?,F,"['the sustainability of different materials, as the data may not be available or may be unreliable. This can also lead to incorrect conclusions FIGURE 13.2 Life cycle analysis: stages involved. 275Life Cycle Assessment (LCA) Study of Bioplastic Biopolymers being drawn from the LCA (Bishop et al., 2021; Bjørn et al., 2018; Curran, 2014; Hottle et al., 2013; Wittmaier et al., 2009). Additionally, LCA can be subject to bias, as the results of the analysis may be influ- enced by the specific assumptions and methodologies used. For example, if the LCA is conducted using a certain set of assumptions regarding the environmental impact of a material, the results may not reflect the true sustainability of the material in question. This can lead to inaccurate conclusions being drawn from the LCA, which can have a significant impact on resource allocation decisions. While LCA is a useful tool for evaluating the overall sustainability of different materials, it is important to be aware of its limitations and weaknesses. Careful consideration must be given to defining the boundary conditions, ensuring the availability of accurate data,'
 'has not been obtained. If any copyright material has not been acknowledged please write and let us know so we may rectify in any future reprint. With the exception of Chapters 5, 6 and 11, no part of this book may be reprinted or reproduced or utilised in any form or by any electronic, mechanical, or other means, now known or hereafter invented, including photocopying and recording, or in any information storage or retrieval system, without permission in writing from the publishers. Chapters 5, 6 and 11 of this book are freely available as a downloadable Open Access PDF at http://www.taylorfrancis.com under a Creative Commons (Attribution‑Non Commercial‑No Derivatives (CC ‑BY‑NC‑ND)) 4.0 license. Any third party material in this book is not included in the OA Creative Commons license, unless indicated otherwise in a credit line to the material. Please direct any permissions enquiries to the original rightsholder. Funded by the Scheme for Promotion of Academic and Research Collaboration (SPARC) (Project No. SPARC/2018‑2019/P485/SL; Dated: 15 March 2019), Ministry of Education, Government of India. Trademark notice: Product or corporate names may be'
 'Generation, MFs and MNPs Pollution observed to be a high- concentration source of DEHPs amongst newborn infants (Green et al., 2005). In view that BPA is also an additive in PVC manufacturing, PVC is suspected to be a probable contributor to high BPA volumes detected in babies (Calafat et al., 2009). The attempts to determine associations between adverse human health issues and polymer additives can give rise to several difficulties. Considering the frequent pro - duction pattern, the classified industrial specifications, and the polymer application and its additives thereof makes exposure studies quite distressing. The evolution of technology, statistical approaches and methodologies may potentially assist in unrav- elling the mystery between these chemicals and their adverse effects on humans. However, even with the most statistically significant variations of hormones cred- ited to occupational and environmental exposures, the definite degree to which hor - monal variation occurs is regarded as mild observable abnormality symptoms. This then substantiates why further information is needed on biological techniques that may have impact on polymer-based additives, particularly those at low-dose chronic exposures. 3.3.6 m icro'
 'plain LDPE ®lms. The results also indicated a temperature dependence of permeability based on the Arrhenius equation. Albertsson et al. 279 studied the degradation product pattern and morphology changes as a means to differentiate between physical/chemical (abiotic) and biological (biotic) aged degradable polyethylene. Comparisons were made between LDPE, LDPE + 7.7% starch and LDPE + 20% (starch + prooxidant). Prooxidized samples were subjected to aqueous sterile and aqueous biotic (Arthrobacter paraff®neus) environments at ambient temperatures for 15 months, and thermooxidation at 95/H11034C in water. Carboxylic acids were identi®ed in the abiotically degraded samples in contrast to the biotic environment, where assimilation of lower molecular weight products, especially carboxylic acids, had taken place as determined by gas chromatography and gas chromatography±mass spectrometry. Several hydrocarbons (C±C) were also present in these samples. This is in agreement with the proposed biodegra- dation mechanism of LDPE. The morphology changes, as monitored by X-ray diffraction (XRD) and SEM, were different in the two environments. A decrease in lamellar thickness (l) was demonstrated for biotically degraded LDPE + 20% (starch + prooxidant), while the 1315BIODEGRADABLE POLYMERS']",0.0,0.0
Why is hydroxyapatite suitable for dental applications?,C,"['repair bone and cartilage than other biomaterials [12]. Whether prosthetic implants, scaffolds, or artificial bone cement, as a biocompatible mineral with a composition similar to that of bone minerals, it constitutes the primary mineral constituent of cancellous and cortical mature bone [13]. It is highly attractive due to its excellent osteoconductive properties [14]. Hydroxyapatite has a hexagonal structure with a space group of P6 3/m and lattice constants of a = b = 9.42 Å and c = 6.88 Å. In this crystal structure, PO43− forms a hexagonal close-packed arrangement, while calcium ions (Ca2+) occupy the interstitial sites within this structure. Hydroxyl ions (OH−) are located in specific channels within the crystal lattice. This orderly arrangement endows hydroxyapatite crystals with a certain stability and unique physicochemical properties [ 15]. Through imitating the structure of natural bone, hydroxyapatite coatings can enhance the growth of bone cells on the surface of implants. Such coatings are characterized mainly by their low porosity, strong adhesion, high crystallinity, and chemical purity [16]. Although HAp can be applied as the original composition in bone tissue engineering,'
 'prevalence of severe periodontal (gum) diseases affect almost 10% of the global population [2]. Consequently, controlling oral microbial bioﬁlms on the tooth surface is essential to prevent the progression of caries and periodontal disease. Hydroxyapatite (HA) is a bioactive and non-toxic ceramic that has a close analogy to the inorganic portion of human teeth and bone. It is arranged in a typical lattice structure with the chemical formulation of (Ca10(PO4)6(OH)2) [4]. Depending on the manufacturing Materials 2021, 14, 4865. https://doi.org/10.3390/ma14174865 https://www.mdpi.com/journal/materials Materials 2021, 14, 4865 2 of 20 technique employed, various synthetic apatites are produced today [ 5]. HA used for biomedical applications is chemically prepared to achieve tailored properties such as chemical purity, crystal morphology, and crystal size [5]. HA’s bioactive, non-toxic, and osteoconductive properties mean it can form direct chemical bonds with living tissues. Thus, HA is a bioceramic that is widely used as an implantable material in dentistry, maxillofacial and orthopaedic surgery to repair bone defects and as a coating material for metallic implants [6]. Studies of the osteogenesis effectiveness of HA-based coatings have shown favourable results,'
 'R.A.; Surmeneva, M.A. A critical review of decades of research on calcium phosphate–based coatings: How far are we from their widespread clinical application? Curr. Opin. Biomed. Eng. 2019, 10, 35–44. [CrossRef] 8. Habibah, T.U.; Amlani, D.V .; Brizuela, M. Hydroxyapatite Dental Material. InStatPearls; StatPearls Publishing: Treasure Island, FL, USA, 2020. 9. Domingo, C.; Arcís, R.; López-Macipe, A.; Osorio, R.; Rodríguez-Clemente, R.; Murtra, J.; Fanovich, M.; Toledano, M. Dental composites reinforced with hydroxyapatite: Mechanical behavior and absorption/elution characteristics. J. Biomed. Mater. Res. J. Soc. Biomater. Jpn. Soc. Biomater. Aust. Soc. Biomater. Korean Soc. Biomater. 2001, 56, 297–305. [CrossRef] 10. Meyer, F.; Amaechi, B.T.; Fabritius, H.-O.; Enax, J. Overview of calcium phosphates used in biomimetic oral care.Open Dent. J. 2018, 12, 406. [CrossRef] 11. Pepla, E.; Besharat, L.K.; Palaia, G.; Tenore, G.; Migliau, G. Nano-hydroxyapatite and its applications in preventive, restorative and regenerative dentistry: A review of literature. Annali di Stomatologia 2014, 5, 108. [CrossRef] 12. Pu’ad, N.A.S.M.; Koshy, P .; Abdullah, H.Z.; Idris, M.I.; Lee, T.C. Syntheses of hydroxyapatite from natural sources.Heliyon 2019, 5, e01588. 13. Ratnayake, J.T.B.; Gould, M.L.; Shavandi,'
 'similar to the main components of human bone and teeth, which make up about 70% of the hard tissue, and it has good biocompatibility [90]. The sintering temperature of hydroxyapatite exhibits a significant correlation with its biocompatibility and mechanical properties. Under low-temperature- sintering conditions (<900 ◦C), the material retains a higher specific surface area and surface energy, which facilitates cellular adhesion and osseointegration, making it particularly J. Funct. Biomater. 2025, 16, 127 12 of 20 suitable for bone repair applications requiring high bioactivity. Conversely, when sintered above 1100 ◦C, enhanced grain growth and densification substantially improve compres- sive strength and wear resistance, though the concomitant reduction in surface-active sites diminishes the bioactivity. This characteristic renders high-temperature sintered hydroxya- patite more appropriate for load-bearing bone implantation scenarios [75]. This similarity is mainly reflected in its chemical composition and crystal structure, and HAp is mainly composed of calcium and phosphorus, which are similar to the inorganic components of human bone. The biocompatibility of HAp is also demonstrated in its ability to be used as a potential material for bone repair and regeneration,']",,0.8858229851157094
What is the main function of hydroxyapatite in toothpaste?,A,"['Jeong, S.H.; Jang, S.O.; Kim, K.N.; Kwon, H.K.; Park, Y.D. Tooth whitening effect of toothpastes containing nano- hydroxyapatite. In Key Engineering Materials; Trans Tech Publications Ltd.: Stafa-Zurich, Switzerland, 2006; pp. 541–544. 73. Dabanoglu, A.; Wood, C.; Garcia-Godoy, F.; Kunzelmann, K.-H. Whitening effect and morphological evaluation of hydroxyapatite materials. Am. J. Dent. 2009, 22, 23. 74. Guo, C.; Liu, H.; Katayama, I. Effect of hydroxyapatite toothpaste on vital tooth color. J. Dent. Res. 2002, 81, A254-1964. 75. Bommer, C.; Flessa, H.-P .; Xu, X.; Kunzelmann, K.-H. Hydroxyapatite and Self-Assembling Peptide Matrix for Non-Oxidizing Tooth Whitening. J. Clin. Dent. 2018, 29, 57–63. [PubMed] 76. Sudradjat, H.; Meyer, F.; Loza, K.; Epple, M.; Enax, J.In vivo effects of a hydroxyapatite-based oral care gel on the calcium and phosphorus levels of dental plaque. Eur. J. Dent. 2020, 14, 206. [CrossRef] 77. Hagenfeld, D.; Prior, K.; Harks, I.; Jockel-Schneider, Y.; May, T.W.; Harmsen, D.; Schlagenhauf, U.; Ehmke, B. No differences in microbiome changes between anti-adhesive and antibacterial ingredients in toothpastes during periodontal therapy. J. Periodontal Res. 2019, 54, 435–443. [CrossRef] 78. Jin, J.; Xu, X.;'
 'a nano hydroxyapatite toothpaste and oral rinse containing ﬂuoride to protect enamel during an acid challenge using 19F solid state NMR spectroscopy. Mater. Lett. 2015, 156, 69–71. [CrossRef] 21. Jagtap, A.M.; Kaulage, S.R.; Kanse, S.S.; Shelke, V .D.; Gavade, A.S.; Vambhurkar, G.B.; Todkar, R.R.; Dange, V .N. Preparation and Evaluation of Toothpaste. Asian J. Pharm. Anal. 2018, 8, 191–194. [CrossRef] 22. Ramis, J.M.; Coelho, C.C.; C órdoba, A.; Quadros, P .A.; Monjo, M. Safety assessment of nano-hydroxyapatite as an oral care ingredient according to the EU cosmetics regulation. Cosmetics 2018, 5, 53. [CrossRef] 23. Schlagenhauf, U.; Kunzelmann, K.H.; Hannig, C.; May, T.W.; Hösl, H.; Gratza, M.; Viergutz, G.; Nazet, M.; Schamberger, S.; Proff, P . Impact of a non-ﬂuoridated microcrystalline hydroxyapatite dentifrice on enamel caries progression in highly caries-susceptible orthodontic patients: A randomized, controlled 6-month trial. J. Investig. Clin. Dent. 2019, 10, e12399. [CrossRef] 24. Paszynska, E.; Pawinska, M.; Gawriolek, M.; Kaminska, I.; Otulakowska-Skrzynska, J.; Marczuk-Kolada, G.; Rzatowski, S.; Sokolowska, K.; Olszewska, A.; Schlagenhauf, U. Impact of a toothpaste with microcrystalline hydroxyapatite on the occurrence of early childhood caries: A'
 'chlo- ride, zinc salt and fluoride compounds such as sodium fluoride, sodium monofluorophos- phate, stannous fluoride. For the past few years, HA-based toothpastes have attracted more interest in the market and from manufa cturers due to their biocompatibility with hard tissue and substituting capability [3 7–39]. Table 1 summarises the description of commercially available HA-based toothpastes. However, these products are still not as readily available as other products due to higher costs and limited clinical studies. Figure 1. Particle size of nano-hydroxyapatite. There are currently many toothpastes available in the market claiming to prevent dental caries, gum disease, desensitisation, tooth whitening, and remineralisation of dental hard tissues such as dentine and enamel. The anti-dental caries properties of these kinds of toothpaste are primarily based on potassium nitrates, triclosan, stannous chloride, zinc salt and ﬂuoride compounds such as sodium ﬂuoride, sodium monoﬂuorophosphate, stannous ﬂuoride. For the past few years, HA-based toothpastes have attracted more interest in the market and from manufacturers due to their biocompatibility with hard tissue and substituting capability [37–39]. Table 1 summarises the description of commercially available HA-based'
 'monoﬂuorophosphate, stannous ﬂuoride. For the past few years, HA-based toothpastes have attracted more interest in the market and from manufacturers due to their biocompatibility with hard tissue and substituting capability [37–39]. Table 1 summarises the description of commercially available HA-based toothpastes. However, these products are still not as readily available as other products due to higher costs and limited clinical studies. Materials 2021, 14, 4865 4 of 20 Table 1. Commercial toothpaste based on hydroxyapatite (nano). S. No Commercial Product Ingredients Country 1 APAGARD® PREMIO Aqua, dicalcium phosphate, glycerin, xylitol, hydroxyapatite (nano), silica, Peg-8, sodium lauryl sulfate, cellulose gum, aroma, sodium silicate, trimagnesium phosphate, hydrolyzed conchiolin protein, sodium saccharin, glycyrrhetinic acid, cetylpyridinium chloride, lauryl diethylenediaminoglycine Hcl Germany 2 Ela Mint Toothpaste Water, vegetable glycerin, hydrated silica, sorbitol powder, silica, hydroxyapatite (nano), sodium benzoate, sodium lauroyl sarcosinate, mentha piperita essential (peppermint) oil, Mentha viridis (spearmint) oil, Illicium verum (star anise) oil, Gaultheria procumberis (wintergreen) oil, xylitol, xanthan gum, Stevia rebaudiana extract powder, methylsulfonylmethane, Aloe barbadensis (aloe vera) leaf juice, sodium bicarbonate, Camellia sinensis (green tea) leaf extract, Cucumis sativus (cucumber) fruit']",,0.0
Why are nano-HA particles more effective than micro-HA?,E,"['5–10 microns in size, and this is signiﬁcantly larger than enamel HA and dentinal tubules. Therefore these are not as effective in remineralisation and in reducing sensitivity [5]. Nano-HA particle size ranges from 20–100 nm, with a rod-shaped morphology resem- bling those in natural enamel (Figure 1) [11,22,35]. Nano-HA have a high afﬁnity to bind to substances due to an increased surface area which may improve remineralisation and reduce sensitivity as HA with a 20–50 nm size matches the nano-sized defects due to acidic erosion at the enamel surface [32,36]. Nano-HA are also thought to be more effective than micro-HA in bioﬁlm management. The interaction with microorganisms is only possible if the particles involved are smaller than the microorganisms. Nano-size particles are small enough to directly interact with the bacterial membrane [19,32]. Materials 2021, 14, x FOR PEER REVIEW 3 of 23 products, including dentifrice, mouthwash, and gels [8]. HA can be synthesised in differ- ent crystallite morphologies such as spherical or needle-like and particle sizes (micro to nano) [5,33]. Currently, there are two types of HA; the nanocrystalline and'
 'Nano-HA have a high affinity to bind to substances due to an increased surface area which may improve remineralisation and reduce sensitivity as HA with a 20–50 nm size matches the nano-sized defects due to acidic erosion at the enamel surface [32,36]. Nano-HA are also thought to be more effective than micro-HA in biofilm management. The interaction with microorganisms is only pos- sible if the particles involved are smaller than the microorganisms. Nano-size particles are small enough to directly interact with the bacterial membrane [19,32]. Figure 1. Particle size of nano-hydroxyapatite. There are currently many toothpastes availa ble in the market claiming to prevent dental caries, gum disease, desensitisation, tooth whitening, and remineralisation of den- tal hard tissues such as dentine and enamel. The anti-dental caries properties of these kinds of toothpaste are primarily based on potassium nitrates, triclosan, stannous chlo- ride, zinc salt and fluoride compounds such as sodium fluoride, sodium monofluorophos- phate, stannous fluoride. For the past few years, HA-based toothpastes have attracted more interest in the market and from manufa cturers due to their biocompatibility with hard'
 'tooth surface. In dentine, nano-HA penetrates into the deminer- alised collagen matrix acting as a scaffold for remineralisation and provides a good source of cal- cium locally. Figure 2. The mechanism of action of HA on the remineralisation of enamel (a) and dentine (b). In enamel, HA penetrates into porosities to replace dissolved phosphate and calcium ions and forms a layer of synthetic enamel on the tooth surface. In dentine, nano-HA penetrates into the demineralised collagen matrix acting as a scaffold for remineralisation and provides a good source of calcium locally. Nano-HA has demonstrated signiﬁcant remineralisation effects over micro-HA due to its smaller particle size being able to remineralise nano-sized enamel defects, and this has become the focus of HA research [29,32,43]. Table 2 provides a summary of the studies conducted on HA and its effects on remineralisation. Several in vitro studies have proved the superior remineralisation properties of HA and ﬂuoride; however, most studies could not prove a statistically signiﬁcant difference between HA and ﬂuoride’s remineralisation properties [ 18,38,43–45]. An in vitro study comparing the remineralisation effect between nano-HA'
 'of 23 products, including dentifrice, mouthwash, and gels [8]. HA can be synthesised in differ- ent crystallite morphologies such as spherical or needle-like and particle sizes (micro to nano) [5,33]. Currently, there are two types of HA; the nanocrystalline and the microclus- ter form, both nano and micro-HA are available in oral care products [10,30]. The inor- ganic component of enamel is made of HA crystallites in the range of ~50 nm in diameter [34]. HA crystallites are tightly packed and strictly organised as enamel prisms [5]. Micro- HA particles are about 5–10 microns in size, and this is significantly larger than enamel HA and dentinal tubules. Therefore these are not as effective in remineralisation and in reducing sensitivity [5]. Nano-HA particle size ranges from 20–100 nm, with a rod-shaped morphology re- sembling those in natural enamel (Figure 1) [11,22,35]. Nano-HA have a high affinity to bind to substances due to an increased surface area which may improve remineralisation and reduce sensitivity as HA with a 20–50 nm size matches the nano-sized defects due to acidic erosion at the enamel']",,0.8527951196668035
What is a limitation of hydroxyapatite oral products?,D,"['care products and recognise the limitations and future directions to guide clinical decision-making. 2. Hydroxyapatite in Oral Care Products As HA is naturally found in enamel and dentine, synthetic HA is incorporated into dental products in various examples such as dental cement, ﬁllings, and oral care products, including dentifrice, mouthwash, and gels [8]. HA can be synthesised in different crystallite Materials 2021, 14, 4865 3 of 20 morphologies such as spherical or needle-like and particle sizes (micro to nano) [ 5,33]. Currently, there are two types of HA; the nanocrystalline and the microcluster form, both nano and micro-HA are available in oral care products [10,30]. The inorganic component of enamel is made of HA crystallites in the range of ~50 nm in diameter [34]. HA crystallites are tightly packed and strictly organised as enamel prisms [5]. Micro-HA particles are about 5–10 microns in size, and this is signiﬁcantly larger than enamel HA and dentinal tubules. Therefore these are not as effective in remineralisation and in reducing sensitivity [5]. Nano-HA particle size ranges from 20–100 nm, with a rod-shaped morphology resem-'
 'R.A.; Surmeneva, M.A. A critical review of decades of research on calcium phosphate–based coatings: How far are we from their widespread clinical application? Curr. Opin. Biomed. Eng. 2019, 10, 35–44. [CrossRef] 8. Habibah, T.U.; Amlani, D.V .; Brizuela, M. Hydroxyapatite Dental Material. InStatPearls; StatPearls Publishing: Treasure Island, FL, USA, 2020. 9. Domingo, C.; Arcís, R.; López-Macipe, A.; Osorio, R.; Rodríguez-Clemente, R.; Murtra, J.; Fanovich, M.; Toledano, M. Dental composites reinforced with hydroxyapatite: Mechanical behavior and absorption/elution characteristics. J. Biomed. Mater. Res. J. Soc. Biomater. Jpn. Soc. Biomater. Aust. Soc. Biomater. Korean Soc. Biomater. 2001, 56, 297–305. [CrossRef] 10. Meyer, F.; Amaechi, B.T.; Fabritius, H.-O.; Enax, J. Overview of calcium phosphates used in biomimetic oral care.Open Dent. J. 2018, 12, 406. [CrossRef] 11. Pepla, E.; Besharat, L.K.; Palaia, G.; Tenore, G.; Migliau, G. Nano-hydroxyapatite and its applications in preventive, restorative and regenerative dentistry: A review of literature. Annali di Stomatologia 2014, 5, 108. [CrossRef] 12. Pu’ad, N.A.S.M.; Koshy, P .; Abdullah, H.Z.; Idris, M.I.; Lee, T.C. Syntheses of hydroxyapatite from natural sources.Heliyon 2019, 5, e01588. 13. Ratnayake, J.T.B.; Gould, M.L.; Shavandi,'
 'size has been reduced from 100 to 50 nanometers, making it more effective at penetrating below the surface of the enamel [11,17]. Moreover, HA has also been incorporated into oral rinses and gels for oral home care to aid remineralisation and bioﬁlm control [18–20]. The ideal properties of a dentifrice include minimal abrasive effect, non-irritating, non-toxic, non-staining, protects against caries and bioﬁlm formation, while being cost- effective and readily available [21]. Many studies have been conducted to test the efﬁcacy of HA, especially in enamel and dentine remineralisation, bioﬁlm control, reducing dentine sensitivity, and tooth whitening [5,10,11,22–30]. Currently, only a few reviews report on nanomaterial in oral care products or HA in dentistry which includes restorative, preventa- tive, and regenerative applications [5,10,11,31,32]. Therefore, this review aims to summarise current knowledge and provide an update on the claims of HA oral care products and recognise the limitations and future directions to guide clinical decision-making. 2. Hydroxyapatite in Oral Care Products As HA is naturally found in enamel and dentine, synthetic HA is incorporated into dental products in various examples such as'
 'prevalence of severe periodontal (gum) diseases affect almost 10% of the global population [2]. Consequently, controlling oral microbial bioﬁlms on the tooth surface is essential to prevent the progression of caries and periodontal disease. Hydroxyapatite (HA) is a bioactive and non-toxic ceramic that has a close analogy to the inorganic portion of human teeth and bone. It is arranged in a typical lattice structure with the chemical formulation of (Ca10(PO4)6(OH)2) [4]. Depending on the manufacturing Materials 2021, 14, 4865. https://doi.org/10.3390/ma14174865 https://www.mdpi.com/journal/materials Materials 2021, 14, 4865 2 of 20 technique employed, various synthetic apatites are produced today [ 5]. HA used for biomedical applications is chemically prepared to achieve tailored properties such as chemical purity, crystal morphology, and crystal size [5]. HA’s bioactive, non-toxic, and osteoconductive properties mean it can form direct chemical bonds with living tissues. Thus, HA is a bioceramic that is widely used as an implantable material in dentistry, maxillofacial and orthopaedic surgery to repair bone defects and as a coating material for metallic implants [6]. Studies of the osteogenesis effectiveness of HA-based coatings have shown favourable results,']",,0.0
What process reverses demineralisation in teeth?,A,"['the dissolution of HA will produce calcium and phosphate ions which may act as a buffering solution to neutralise acids [31]. Released calcium and phosphate ions in excess can also bring the pH balance back to favour remineralisation [31]. Materials 2021, 14, x FOR PEER REVIEW 6 of 23 xanthan gum, stevioside, Mentha piperita oil, bromelain, l-menthol, papain, urea peroxide, Eucalyptus globulus leaf oil, limonene. 3. Benefits of Hydroxyapatite Dentifrice/Oral Care Products 3.1. Tooth Remineralisation Modern dentistry has taken a more preventative approach through the understand- ing of enamel remineralisation in early carious activity [17]. Demineralised enamel and dentine have mineral ions removed from the HA crystals [40]. If the HA is partially de- mineralised, then this process is reversible if exposed to favourable oral environments [40]. This process is called remineralisation, where lost mineral ions in the HA crystals are restored [40]. There are many methods of remineralisation, saliva can aid in remineralisa- tion by providing a constant source of calcium and phosphate required for the process to occur [40,41]. Fluoride also promotes remineralisation by forming fluorapatite with the'
 'are restored [40]. There are many methods of remineralisation, saliva can aid in remineralisa- tion by providing a constant source of calcium and phosphate required for the process to occur [40,41]. Fluoride also promotes remineralisation by forming fluorapatite with the calcium and phosphate released from demineralisation, this is more resistant to acid at- tack [40,41]. Casein phosphopeptide–amor phous calcium phosphate (CPP-ACP) is an- other system that promotes the precipitation of minerals to hard tooth tissue [41]. At pre- sent, there has been an increasing trend for biomimetic nano-HA to be used as a preven- tative agent for oral care products [17]. Research has shown nano-HA acts by providing a calcium and phosphate reservoir to remineralise enamel and dentine [8]. In dentine, nano- HA penetrates the demineralised collagen matrix, acting as a scaffold for remineralisation and providing a calcium and phosphate source locally [8]. In incipient enamel lesions, nano-HA penetrates into porosities to replace dissolved phosphate and calcium ions and forms a synthetic enamel layer on the tooth surface which can acts as a “sacrificial layer” during future acid attacks (Figures'
 'limonene. UK 3. Beneﬁts of Hydroxyapatite Dentifrice/Oral Care Products 3.1. Tooth Remineralisation Modern dentistry has taken a more preventative approach through the understanding of enamel remineralisation in early carious activity [17]. Demineralised enamel and dentine have mineral ions removed from the HA crystals [40]. If the HA is partially demineralised, then this process is reversible if exposed to favourable oral environments [40]. This process is called remineralisation, where lost mineral ions in the HA crystals are restored [40]. There are many methods of remineralisation, saliva can aid in remineralisation by providing a constant source of calcium and phosphate required for the process to occur [ 40,41]. Fluoride also promotes remineralisation by forming ﬂuorapatite with the calcium and phosphate released from demineralisation, this is more resistant to acid attack [ 40,41]. Casein phosphopeptide–amorphous calcium phosphate (CPP-ACP) is another system that promotes the precipitation of minerals to hard tooth tissue [ 41]. At present, there has been an increasing trend for biomimetic nano-HA to be used as a preventative agent for oral care products [ 17]. Research has shown nano-HA acts by'
 'source locally [8]. In incipient enamel lesions, nano-HA penetrates into porosities to replace dissolved phosphate and calcium ions and forms a synthetic enamel layer on the tooth surface which can acts as a “sacrificial layer” during future acid attacks (Figures 2 and 3) [8,10,11,31,42]. As when demineralisation oc- curs once the HA layer is deposited on the tooth surface, the dissolution of HA will pro- duce calcium and phosphate ions which may act as a buffering solution to neutralise acids [31]. Released calcium and phosphate ions in excess can also bring the pH balance back to favour remineralisation [31]. Figure 2. The mechanism of action of HA on the remineralisation of enamel ( a) and dentine (b). In enamel, HA penetrates into porosities to replac e dissolved phosphate and calcium ions and forms a layer of synthetic enamel on the tooth surface. In dentine, nano-HA penetrates into the deminer- alised collagen matrix acting as a scaffold for remineralisation and provides a good source of cal- cium locally. Figure 2. The mechanism of action of HA on the remineralisation of enamel']",,0.0
Why is saliva important in remineralisation?,D,"['are restored [40]. There are many methods of remineralisation, saliva can aid in remineralisa- tion by providing a constant source of calcium and phosphate required for the process to occur [40,41]. Fluoride also promotes remineralisation by forming fluorapatite with the calcium and phosphate released from demineralisation, this is more resistant to acid at- tack [40,41]. Casein phosphopeptide–amor phous calcium phosphate (CPP-ACP) is an- other system that promotes the precipitation of minerals to hard tooth tissue [41]. At pre- sent, there has been an increasing trend for biomimetic nano-HA to be used as a preven- tative agent for oral care products [17]. Research has shown nano-HA acts by providing a calcium and phosphate reservoir to remineralise enamel and dentine [8]. In dentine, nano- HA penetrates the demineralised collagen matrix, acting as a scaffold for remineralisation and providing a calcium and phosphate source locally [8]. In incipient enamel lesions, nano-HA penetrates into porosities to replace dissolved phosphate and calcium ions and forms a synthetic enamel layer on the tooth surface which can acts as a “sacrificial layer” during future acid attacks (Figures'
 'the dissolution of HA will produce calcium and phosphate ions which may act as a buffering solution to neutralise acids [31]. Released calcium and phosphate ions in excess can also bring the pH balance back to favour remineralisation [31]. Materials 2021, 14, x FOR PEER REVIEW 6 of 23 xanthan gum, stevioside, Mentha piperita oil, bromelain, l-menthol, papain, urea peroxide, Eucalyptus globulus leaf oil, limonene. 3. Benefits of Hydroxyapatite Dentifrice/Oral Care Products 3.1. Tooth Remineralisation Modern dentistry has taken a more preventative approach through the understand- ing of enamel remineralisation in early carious activity [17]. Demineralised enamel and dentine have mineral ions removed from the HA crystals [40]. If the HA is partially de- mineralised, then this process is reversible if exposed to favourable oral environments [40]. This process is called remineralisation, where lost mineral ions in the HA crystals are restored [40]. There are many methods of remineralisation, saliva can aid in remineralisa- tion by providing a constant source of calcium and phosphate required for the process to occur [40,41]. Fluoride also promotes remineralisation by forming fluorapatite with the'
 'limonene. UK 3. Beneﬁts of Hydroxyapatite Dentifrice/Oral Care Products 3.1. Tooth Remineralisation Modern dentistry has taken a more preventative approach through the understanding of enamel remineralisation in early carious activity [17]. Demineralised enamel and dentine have mineral ions removed from the HA crystals [40]. If the HA is partially demineralised, then this process is reversible if exposed to favourable oral environments [40]. This process is called remineralisation, where lost mineral ions in the HA crystals are restored [40]. There are many methods of remineralisation, saliva can aid in remineralisation by providing a constant source of calcium and phosphate required for the process to occur [ 40,41]. Fluoride also promotes remineralisation by forming ﬂuorapatite with the calcium and phosphate released from demineralisation, this is more resistant to acid attack [ 40,41]. Casein phosphopeptide–amorphous calcium phosphate (CPP-ACP) is another system that promotes the precipitation of minerals to hard tooth tissue [ 41]. At present, there has been an increasing trend for biomimetic nano-HA to be used as a preventative agent for oral care products [ 17]. Research has shown nano-HA acts by'
 'the precipitation of minerals to hard tooth tissue [ 41]. At present, there has been an increasing trend for biomimetic nano-HA to be used as a preventative agent for oral care products [ 17]. Research has shown nano-HA acts by providing a calcium and phosphate reservoir to remineralise enamel and dentine [ 8]. In dentine, nano-HA penetrates the demineralised collagen matrix, acting as a scaffold for remineralisation and providing a calcium and phosphate source locally [ 8]. In incipient enamel lesions, nano-HA penetrates into porosities to replace dissolved phosphate and calcium ions and forms a synthetic enamel layer on the tooth surface which can acts as a “sacriﬁcial layer” during future acid attacks (Figures 2 and 3) [ 8,10,11,31,42]. As when demineralisation Materials 2021, 14, 4865 6 of 20 occurs once the HA layer is deposited on the tooth surface, the dissolution of HA will produce calcium and phosphate ions which may act as a buffering solution to neutralise acids [31]. Released calcium and phosphate ions in excess can also bring the pH balance back to favour remineralisation [31]. Materials']",,0.0
What is a defining property of composite materials?,D,"['by inherit heterogeneous properties of composite material. Tailoring of material properties is not possible in traditional materials, but composite materials give opportunity to tailor material properties. Normally composite materials consist of two or more material combination, so it exhibits excellent specific properties in medical implants as required; it is more flexible in design than traditional material due to optimizing specific properties. Various combination of composite material is in practise in biomedical applications, the distinctive features of bio c omposite material is presented in this paper. Abstract Composite material constitute of different materials to have better characteristics than traditional materials. Material properties such as physical, chemical and mechanical properties can be tailored in composite material based on requirements. This advantage extends the composite material applications in the field of human implants. Traditional metals or ceramics have certain limitations after the implantation in human body, because of its inheriting properties with biological tissue. These limitations can be eradicated by the composite material; it makes composites to fabricate implant for biomedical applications. The new research works enhance the composite materials to mimic the'
 'in human body, because of its inheriting properties with biological tissue. These limitations can be eradicated by the composite material; it makes composites to fabricate implant for biomedical applications. The new research works enhance the composite materials to mimic the natural bone, biological functions and tissue characteristics. Human tissue and bone are naturally graded from the core side, functionally graded material (FGM) implant overcome some limitations of composite materials. FGM implants elastic modulus can be tailored as like a composite material, its biological functions similar with natural one. Other biological parameters such as corrosion, wear resistance and fracture toughness are considered when designing the implant. This article discusses composite material advantage and limitations of both composite and FGM implants. ICCSSS 2020 IOP Conf. Series: Materials Science and Engineering 1084 (2021) 012127 IOP Publishing doi:10.1088/1757-899X/1084/1/012127 2 II IN THE FIELD OF DENTISTRY Enamel and dentine are important hard tissue in teeth, which is made up of natural composite materials like collagen and hydroxyapatite (HA). Mainly three types of composite mate rials used in the field of dentistry, polymeric based composites, metal'
 'polymers and composites. This fundamental strategy could largely determine the range of applications of the novel material. Other important factors that must be determined are the thermal and rheological properties of the polymer material. In this rational, a proper understanding of these properties is essential for establishing appropriate processing techniques and modification particles/blending systems for a novel lightweight polymer composite material with improved functionalities. With such a variety of factors affecting the performance of polymer composites, fibres such as glass and carbon fibre have long been incorporated into composites to create strong, lightweight materials. 8.2 SYNTHETIC AND SEMI‑SYNTHETIC POLYMERIC MATERIALS‑BASED COMPOSITES 8.2.1 Polymer matrix materials The main component of any lignocellulosic polymer composite is the polymer matrix. The matrix is the component that makes up the majority of the weight of the com - posite material. In biodegradable polymer composites, the polymer matrix is most often a bioplastic, an inherently biodegradable, or natural resource -based polymer. For each application, certain matrix polymers may have thermal, mechanical and barrier properties that make them favourable over others. The polymer must also be'
 'meet design requirements, but the evolution of powder metallurgy techniques promis e the making of successful implants and compromising the limitations of material effects. Evaluation of composite and functionally graded materials are complicated than traditional material especially in the field of bio medical applications. References [1] Ensaff H, O’Doherty DM, Jacobsen PH., The influence of the restoration -tooth interface in light cured composite restorations: a finite element analysis, Biomaterials, 2001, 22, 3097 -3103 [2] Ferracane JL, Condon JR, In vitro evaluation of the marginal degradation of dental composites under simulated occlusal loading, Dental Materials, 1999, 15, 262-267 [3] Sarrett DC, Coletti DP, Peluso AR, The effects of alcoholic beverages on composite wear, Dental Materials, 2000, 16, 62-67 [4] Sandner B, Baudach S, Davy KWM, Braden M, Clarke RL, Synthesis of BISGMA derivatives, properties of their polymers and composites, Journal of Materials Science: Materials in Medicine, 1997, 8, 39-44. [5] Davy KWM, Kalachandra S, Pandain MS, Braden M, Relationship between comp osite matrix molecular structure and properties, Biomaterials, 1998, 19, 2007-2014 [6] C.L.Davidson, A.J.Feilzer, Polymerization shrinkage and polymerization shrinkage stress in']",,0.8365018669301673
Why are composites preferred over traditional materials?,C,"['by inherit heterogeneous properties of composite material. Tailoring of material properties is not possible in traditional materials, but composite materials give opportunity to tailor material properties. Normally composite materials consist of two or more material combination, so it exhibits excellent specific properties in medical implants as required; it is more flexible in design than traditional material due to optimizing specific properties. Various combination of composite material is in practise in biomedical applications, the distinctive features of bio c omposite material is presented in this paper. Abstract Composite material constitute of different materials to have better characteristics than traditional materials. Material properties such as physical, chemical and mechanical properties can be tailored in composite material based on requirements. This advantage extends the composite material applications in the field of human implants. Traditional metals or ceramics have certain limitations after the implantation in human body, because of its inheriting properties with biological tissue. These limitations can be eradicated by the composite material; it makes composites to fabricate implant for biomedical applications. The new research works enhance the composite materials to mimic the'
 'in human body, because of its inheriting properties with biological tissue. These limitations can be eradicated by the composite material; it makes composites to fabricate implant for biomedical applications. The new research works enhance the composite materials to mimic the natural bone, biological functions and tissue characteristics. Human tissue and bone are naturally graded from the core side, functionally graded material (FGM) implant overcome some limitations of composite materials. FGM implants elastic modulus can be tailored as like a composite material, its biological functions similar with natural one. Other biological parameters such as corrosion, wear resistance and fracture toughness are considered when designing the implant. This article discusses composite material advantage and limitations of both composite and FGM implants. ICCSSS 2020 IOP Conf. Series: Materials Science and Engineering 1084 (2021) 012127 IOP Publishing doi:10.1088/1757-899X/1084/1/012127 2 II IN THE FIELD OF DENTISTRY Enamel and dentine are important hard tissue in teeth, which is made up of natural composite materials like collagen and hydroxyapatite (HA). Mainly three types of composite mate rials used in the field of dentistry, polymeric based composites, metal'
 'controlled to match the growth rate of new bone tissue [27]. Organic polymer material composite: When combined with polymers, it not only improves their mechanical properties and processability but also enables them to better withstand mechanical loads and be fabricated into various implants [ 28,29]. In application fields, HAp composites can effectively promote the regeneration and healing of bone tissue in bone defect repair. As drug carriers, they can achieve targeted drug release and sustained long-term release, thereby improving drug efficacy and reducing side effects. Additionally, they can be used to prepare biosensors for detecting changes in biomolecule concentrations. Overall, HAp composites demonstrate great application potential in the biomedical field, effectively addressing challenges in bone defect repair, drug carriers, and biosensors. J. Funct. Biomater. 2025, 16, x FOR PEER REVIEW 4 of 19 materials, composites with organic materials, and multicomponent composites combining both inorganic and organic mate rials (as shown in Figure 2). Inorganic materials are en- hanced through composite technology; when combined with ceramic materials, their hardness and wear resistance are improved [26]. When combined with bioactive glass materials,'
 'polymers and composites. This fundamental strategy could largely determine the range of applications of the novel material. Other important factors that must be determined are the thermal and rheological properties of the polymer material. In this rational, a proper understanding of these properties is essential for establishing appropriate processing techniques and modification particles/blending systems for a novel lightweight polymer composite material with improved functionalities. With such a variety of factors affecting the performance of polymer composites, fibres such as glass and carbon fibre have long been incorporated into composites to create strong, lightweight materials. 8.2 SYNTHETIC AND SEMI‑SYNTHETIC POLYMERIC MATERIALS‑BASED COMPOSITES 8.2.1 Polymer matrix materials The main component of any lignocellulosic polymer composite is the polymer matrix. The matrix is the component that makes up the majority of the weight of the com - posite material. In biodegradable polymer composites, the polymer matrix is most often a bioplastic, an inherently biodegradable, or natural resource -based polymer. For each application, certain matrix polymers may have thermal, mechanical and barrier properties that make them favourable over others. The polymer must also be']",,0.8239969286640658
What is a key advantage of bio-composites in implants?,E,"['good biocompatibility with nearby tissue in minimum time period afte r implant without any infection [37]. The carbon fibre reinforced composite material used to make fixation in bio medical applications, vitro and vivo experiments shown promising results with high mechanical strength and limited biocompatibility [38]. The coral (CaCO 3) and collagen composite implants were shown promising development in implant without any infection and tissue bonding. ICCSSS 2020 IOP Conf. Series: Materials Science and Engineering 1084 (2021) 012127 IOP Publishing doi:10.1088/1757-899X/1084/1/012127 5 V IN HIP JOINT REPLACEMENT Bone grafting techniques are no longer in use, if injury is severe. The bone replacement is ine vitable method to treat the patient. The composite materials implant is developed enough to meet such a requirement, but lot of research work has been carrying out to enhance the limitations of implant in joint replacement. Clinical experiments are guarant eed the composites implants in hip joint replacement for the past decay, it also induces some adverse effects which is commonly faced in post implantation. Metallic implants are no longer in use; it has weak corrosion resistance,'
 'stiffness of implant. Matrix porosity allows osteoblasts at vicinity of implantation, the studies are being carried out to enhance and optimise the properties without sacrificing of composite implant. Alpha -TCP and ployammide attr act researchers to compose composite for implant with good strength; which can be achieved by adding fibres [41]. TCP with 8% glutaraldehyde cross-linked gelatin implant produce less toxicity in vivo test during osteoblasts. The excess amount of gelatine p roduced toxic effect while releasing residuals [42]. Bio active glass, PMMA, PLA and 9% of antibiotic reduce inflammatory effects [43]. The PE matrix with 35% bio glass reinforcement composite implant was developed close to the properties of natural bone, but bonding between the matrix and reinforcement was weak. The HA and PE composite also had lower strength in bonding between matrix and reinforcement, the experimental results shown that good biocompatibility with nearby tissue in minimum time period afte r implant without any infection [37]. The carbon fibre reinforced composite material used to make fixation in bio medical applications, vitro and vivo experiments shown promising results with high mechanical'
 'composites combining both inorganic and organic mate rials (as shown in Figure 2). Inorganic materials are en- hanced through composite technology; when combined with ceramic materials, their hardness and wear resistance are improved [26]. When combined with bioactive glass materials, the osteogenic inductivity and biocompatibility are further enhanced. Further- more, by precisely adjusting the composition of polymers or bioactive glasses, the degra- dation rate of the composites can be accurately controlled to match the growth rate of new bone tissue [27]. Organic polymer material composite: When combined with polymers, it not only improves their mechanical properti es and processability but also enables them to better withstand mechanical loads and be fabr icated into various implants [28,29]. In application ﬁelds, HAp composites can eﬀectively promote the regeneration and healing of bone tissue in bone defect repair. As drug carriers, they can achieve targeted drug re- lease and sustained long-term release, thereby improving drug eﬃcacy and reducing side eﬀects. Additionally, they can be used to prepare biosensors for detecting changes in bio- molecule concentrations. Overall, HAp composites demonstrate great application poten- tial'
 'by inherit heterogeneous properties of composite material. Tailoring of material properties is not possible in traditional materials, but composite materials give opportunity to tailor material properties. Normally composite materials consist of two or more material combination, so it exhibits excellent specific properties in medical implants as required; it is more flexible in design than traditional material due to optimizing specific properties. Various combination of composite material is in practise in biomedical applications, the distinctive features of bio c omposite material is presented in this paper. Abstract Composite material constitute of different materials to have better characteristics than traditional materials. Material properties such as physical, chemical and mechanical properties can be tailored in composite material based on requirements. This advantage extends the composite material applications in the field of human implants. Traditional metals or ceramics have certain limitations after the implantation in human body, because of its inheriting properties with biological tissue. These limitations can be eradicated by the composite material; it makes composites to fabricate implant for biomedical applications. The new research works enhance the composite materials to mimic the']",,0.0
What is a limitation of traditional implant materials?,E,"['as mechanical loading, chemical interactions with saliva and food, and microbial activity, which may affect their lon - gevity differently. The analogy may oversimplify the com- plexity of material behavior in biomedical applications. Zirconia: a durable and biocompatible material for implant applications Dental implants have gained significant popularity as a method for replacing missing teeth. In the USA, their usage has risen from 0.7% in 1999–2000 to 5.7% in 2015– 2016, with projections suggesting that the prevalence could reach 23% by 2026 Elani HW et al. (2018). Accord - ing to Howe et al. (2019), titanium remains the mate - rial of choice for implants due to its high survival rate: 96.4% over 10 years. Sicilia et al. (2008) and Ioannidis et al. (2017) have discussed that titanium has limitations, such as allergic reactions, titanium deposits, mucosal discoloration, and aesthetic concerns. Andreiotelli et al. (2009a, b) have led to a search for alternative materials. Aluminum oxide was the first ceramic implant material, showing osseointegration but lacking in fracture tough - ness. This led to long-term survival rates of 65–92%. Despite'
 'the range of 1.5 µm, the physical health of the host, and, more recently, changes in the surface of the implants [44]. These modiﬁcations can range from structural modiﬁcations on the implant surface to bioactiva- tion with molecules capable of accelerating the osseointegration process and preventing complications related to the development of peri-implant mucositis and peri-implantitis. Materials 2022, 15, x FOR PEER REVIEW 4 of 18 phates and bioglasses, and inert ceramics, such as aluminum oxide and zirconium oxide are widely used in many medical, orthopedic, and dental applications [34]. Polymers have also been used as dental implant materials. Polymethylmethacry- late, polytetrafluoroethylene, polyethylene, polysulfone, and polyurethane are the most reported to be utilized in this matter [35]. Acting as a coating layer, polymeric materials are more easily manipulated and do not generate an electrolytic current as metals do. Although they are aestheti cally pleasing, a lack of adhesion and immunologic reactions have been reported [16,36–38]. 3. Osseointegration Process and Complications Associated with Dental Implants Since the discovery of the phenomenon of osseointegration by P.I Branemark in 1952 based on some'
 'glass play vital role in this area. Evolution of functionally graded material application is enormous in human implant, its tailoring of elastic modulus make it to get characteristics closer to natural bone. Ti/HA FGM implant exposed good mechanical strength and bio compatibility, it ensures bone restoration also. Porous implant structures behaves like a natural bone, it allows fluid motion and has a good elastic stability closer to natural bone. Vitro and vivo tests show the successful enhancement in bio compatibility, that facilitates the patient for long term comfort in post surgical procedure. Fatigue and stress shielding effects are not considered and significant research works have not been carried out to improve those parameters. ICCSSS 2020 IOP Conf. Series: Materials Science and Engineering 1084 (2021) 012127 IOP Publishing doi:10.1088/1757-899X/1084/1/012127 7 Traditional manufacturing techniques may have limited the fabrication of implant to meet design requirements, but the evolution of powder metallurgy techniques promis e the making of successful implants and compromising the limitations of material effects. Evaluation of composite and functionally graded materials are complicated than traditional material especially in the field'
 'in human body, because of its inheriting properties with biological tissue. These limitations can be eradicated by the composite material; it makes composites to fabricate implant for biomedical applications. The new research works enhance the composite materials to mimic the natural bone, biological functions and tissue characteristics. Human tissue and bone are naturally graded from the core side, functionally graded material (FGM) implant overcome some limitations of composite materials. FGM implants elastic modulus can be tailored as like a composite material, its biological functions similar with natural one. Other biological parameters such as corrosion, wear resistance and fracture toughness are considered when designing the implant. This article discusses composite material advantage and limitations of both composite and FGM implants. ICCSSS 2020 IOP Conf. Series: Materials Science and Engineering 1084 (2021) 012127 IOP Publishing doi:10.1088/1757-899X/1084/1/012127 2 II IN THE FIELD OF DENTISTRY Enamel and dentine are important hard tissue in teeth, which is made up of natural composite materials like collagen and hydroxyapatite (HA). Mainly three types of composite mate rials used in the field of dentistry, polymeric based composites, metal']",,0.0
What is the role of filler materials in composites?,E,"['thus paving the way for new applications and exponential market growth of filler-polymer composite material. Fillers can also be used to modify and improve the mechanical qualities of polymer materials. Although it has not been researched extensively, biodegradation studies have shown that the incorporation of lignocellulosic filler materials can improve the biodegradability and compostability of polymer materials. Lignocellulosic fibres are a form of biomass that can possess considerable mechanical properties (Table 8.3), particularly their tensile strength. Fibres are low-cost, renewable filler materials and are the most important structural compound in plant cells, specifically in cell walls. However, fibres vary in their com- position of lignin and cellulose. Importantly, fibres from woody plants tend to have higher lignin content, while cellulose, the main component of the cell wall, has a high concentration in green plants. Furthermore, fibres have the capability to improve the tensile properties of polymer materials and expand their application. 8.3 PROCESSING TECHNIQUES To properly blend the polymer matrix and filler material to produce polymer com - posite, specific conditions must be achieved using specialized machines or chemicals and'
 'filler and polymerization under a continuous stirring process (Figure 8.2c). The in situ polymerization method usu - ally results in better filler dispersion due to the high degree of interactions between the filler and polymer matrix, which provides as- prepared polymer composites with exclusive properties (Zhan et al., 2017). However, the method has several limitations, such as the use of solvents and long processing time (Zhang et al., 2015). 8.4 EFFECT OF BLENDING AND PROPOSED BIODEGRADATION MECHANISMS After processing, the final composite material is output. Ideally, this material is a polymer matrix that is interspersed with evenly distributed particles of filler material. 186 Biodegradable Polymers, Blends and Biocomposites One of the most important characteristics of the composite is the interaction of the polymer with the surface of the filler or fibre material. Poor interfacial adhesion between the matrix and fibre will reduce the mechanical strength of the composite by creating imperfections and inconsistencies within the material structure. This poor interaction can be overcome with the use of surface treatments on the filler prior to processing, in which the surface of'
 'absorption ability [7]. Aligning of filler particles may improve the mechanical properties, this alignment of fi ller and reinforcement particle increase the elastic modulus along the alignment direction and compressive stress [8]. Bis -GMA composite mixed with an antibacterial monomer to enhance durability of implants, these composites are used to fill the posterior and multiple -unit restorations [9]. Adding fibrous reinforcement improves mechanical properties of the composites especially brittleness and toughness also it hasn’t sacrifice its antibacterial effect [10 -11]. 50% Bis -GMA and 50% TEGDMA composite with sili con carbide and nitride whisker filler materials improve roughness and offer high elastic modulus, fracture toughness based on matrix materials [12]. HA -Ca polycarboxylate composites have better biocompatibility and mechanical strength. It has good adhesio n to the bone wall [13]. ICCSSS 2020 IOP Conf. Series: Materials Science and Engineering 1084 (2021) 012127 IOP Publishing doi:10.1088/1757-899X/1084/1/012127 3 Porous hydroxyapatite with PMMA has greater bone restoration [14]. Bis-GMA and TEGDMA matrix based composite reinforced with 25% alumina and 75 % silica reduce polymerisation shrinkage and enhance wear resistance. Reducing the mismatch of'
 'Materials Science: Materials in Medicine, 1997, 8, 39-44. [5] Davy KWM, Kalachandra S, Pandain MS, Braden M, Relationship between comp osite matrix molecular structure and properties, Biomaterials, 1998, 19, 2007-2014 [6] C.L.Davidson, A.J.Feilzer, Polymerization shrinkage and polymerization shrinkage stress in polymer-based restoratives, Journal of Dentistry, 1997, 25, 435-440 [7] J.R. C ondon, J.L. Ferracane, Reduction of composite contraction stress through non -bonded microfiller particles, Dental Materials, 1998, 14, 256–260 [8] McCabe JF, Wassell RW., Hardness of model dental composites - the effect of filler volume fraction and silanation, Journal of Materials Science: Materials in Medicine, 1999, 10, 291 -294 [9] Mohsen NM, Craig RG, Filisko FE, The effect of moisture on the dielectric relaxation of urethane dimethacrylate polymer and composites, Journal of Oral Rehabilitation, 2001, 2 8, 376-392 [10] Park C, Robertson RE, Mechanical properties of resin composites with filler particles aligned by an electric field, Dental Materials, 1998, 14, 385-393 [11] Imazato S, Tarumi H, Kato S, Ebisu S., Water sorption and colour stability of compo sites containing the antibacterial monomer MDPB, Journal of Dentistry, 1999, 27, 279 -283']",,0.0
Why are functionally graded materials (FGM) useful?,C,"['(2021) 012127 IOP Publishing doi:10.1088/1757-899X/1084/1/012127 3 Porous hydroxyapatite with PMMA has greater bone restoration [14]. Bis-GMA and TEGDMA matrix based composite reinforced with 25% alumina and 75 % silica reduce polymerisation shrinkage and enhance wear resistance. Reducing the mismatch of elastic stiffness between dentine and post increase stress sharing under load and minimise the root fracture and helps restoration. III FUNCTIONALLY GRADED MATERIAL IN DENTAL APPLICATIONS Traditional metallic material doesn’t constitute property of mechanical strength and corrosive resistance, but composite materials fulfil the limitation of composite material. Especially functionally graded materials (FGM) are most appropriate composites for dental applications due to its bio degradation and change in elastic modulus in same design. Implant design with porosity gradation has significant impact in dental applications due to its bone restoration ability [15]. FGM material properties can be tailored along axial direction which makes the FGM implant t o stand against occlusal force applied at the top and to have good bio compatibility at the bottom for better biomechanical bonding [16-18]. Fig 1. Tailoring of elastic modulus of FGM Ti alloy is mostly'
 'mineralization [124]. BMPs act in the differentiation of mesenchymal stem cells (MSCs) into osteoprogenitor cells, however, the emphasis given to BMP-9 is due to its osteogenic capacity not being negatively regulated by antagonists such as Noggin, which gives it a greater biological performance [125]. The study of the use of different types of BMPs in the functionalization of implants ranges from the use of isolated proteins to their combined use with organic and inorganic components, and although very promising results have been achieved, studies continue to advance to ensure a better controlled release and avoid the rapid leaching of these molecules from the implant’s surface, thus ensuring its long-term performance [126]. Surface Graded Functionalized In 1984, a group of Japanese researchers invented a new generation of composite materials, called functionally graded materials (FGMs) [127,128]. These materials consist of presenting speciﬁc characteristics that vary along its dimension, obtaining continuous gradual properties destined to act distinctly in the exposed regions. In this way, it is possible to obtain a hybrid material with several functions to be performed. This heterogeneous proﬁle makes them'
 'functionally graded femoral prostheses, Artificial organ, 2015, 39, 156-164 [58] E. Askari, M. Mehrali, I. H. S. C. Metselaar, N. A. Kadri, M. M. Rahman, Fabrication and mechanical properties of Al2O3/SiC/ZrO2 functionally graded material by electrophoretic deposition, Journal of the Mechanical Behavior of Biomedical Materials, 2012, 12, 144 –150 [59] Y. Zhang, M. -J. Sun, and D. Zhang , Designing functionally graded materials with superior load - bearing properties, Acta Biomaterialia, 2012, 8, 1101–1108 [60] F.Watari, A. Yokoyama, F. Saso, M. Uo, and T. Kawasaki, Fabrication and properties of functionally graded dental implant, Composites B: Engineering, 1997, 28, 5–11 [61] J. H. Kuiper, R. Huiskes, Mathematical optimization of elastic properties: application to cementless hip stem design, Journal of Biomechanical Engineering, 1997, 119, 166 –174 [62] R. Roop Kumar, M. Wang , Functionally graded bioactive coating of hydroxyapatite/Titanium oxide composite system, Material’s letters, 2002, 55, 133 -137 [63] K.A. Khor, Y.W. Gu, C.H. Quek, P. Cheang, Plasma spraying of functionally graded hydroxyapatiteTi–6Al–4V coatings, Surface and Coatings Technology, 2003, 168, 195–201 [64] Chenglin Chu, Jingchuan Zhu, Zhongda Yin, Pinghua Lin , Optimal'
 'glass play vital role in this area. Evolution of functionally graded material application is enormous in human implant, its tailoring of elastic modulus make it to get characteristics closer to natural bone. Ti/HA FGM implant exposed good mechanical strength and bio compatibility, it ensures bone restoration also. Porous implant structures behaves like a natural bone, it allows fluid motion and has a good elastic stability closer to natural bone. Vitro and vivo tests show the successful enhancement in bio compatibility, that facilitates the patient for long term comfort in post surgical procedure. Fatigue and stress shielding effects are not considered and significant research works have not been carried out to improve those parameters. ICCSSS 2020 IOP Conf. Series: Materials Science and Engineering 1084 (2021) 012127 IOP Publishing doi:10.1088/1757-899X/1084/1/012127 7 Traditional manufacturing techniques may have limited the fabrication of implant to meet design requirements, but the evolution of powder metallurgy techniques promis e the making of successful implants and compromising the limitations of material effects. Evaluation of composite and functionally graded materials are complicated than traditional material especially in the field']",,0.0
What is a major advantage of peptide-based hydrogels?,A,"['in the biomedical industry because of their biocompatibility, biodegradability, and ability to replicate the natural extracellular matrix [1–3]. Advances in peptide synthesis techniques have permitted the creation of hydrogels with adjustable physicochemical properties for a wide range of applications, including tissue engineering, drug delivery, and wound healing [4–12]. Several preliminary research results on BHP have reported on the development of molecular structure, physicochemical characterization, response to the environment, drug delivery, and pre -clinical and clinical trials [11–13]. Previous studies have been successful in creating peptide -based hydrogels with a range of complicated molecular architectures. Designing peptide sequences, arranging cross -links, and stimulating in situ polymerization are some of the steps involved in cre ating stable and controllable hydrogel networks [12,14,15]. The reaction of peptide hydrogels to modifications in the thermal, pH, and biological milieu —including the presence of specific biological molecules —has also been Sari et al. Journal of Fibers and Polymer Composites Vol. 4 No. 1 (2025): 11-32 12 investigated in earlier research. In light of the evolving ovarian cancer landscape, this is crucial for improving drug delivery parameters'
 'charge -charge interactions, , by either exploiting attraction between oppositely charged groups or using repulsive forces between two equal charges. (6) Specialized I. Cysteine (Cys, C) II. Glycine (Gly, G) III. Proline (Pro, P) I. A target for chemical modification, either inter-peptide or between and other structures. II. Responsible for a high degree of flexibility, by removing steric hindrances. III. Responsible for a high degree of rigidity due to locked conformation. 3.7. Water storage Significant water retention in the matrix is a known property of hydrogels based on peptides. Due of this, it can be used for things like delivering water-soluble medications or creating a moist environment for cell growth [44,60]. The chemical makeup and physical structure of peptide-based biomaterial hydrogels play a major role in their capacity to hold big volumes of water within their matrix. Hydrophilic functional groups like amine, carboxylate, or hydroxyl groups are more common in hydrogel peptides [61–63]. Encouraging the hydrogel to draw and hold water inside its matrix, these groups exhibit a strong attraction for water. Peptide -based biomaterial hydrogels can be structured to'
 ""hydrogel's structure can be reversed in reaction to shifts in outside factors like pH, temperature, or ion concentration [72,73]. More flexible uses are made possible by this exact control of the hydrogel's characteristics [74–77]. Hydrogel performance and applicability in many biomedical applications, such as drug delivery, tissue engineering, and other medical therapies, are largely dependent on the chemical characteristics of these peptide-based biomaterial hydrogels [74,75,78,79]. 4. Applications 4.1. Drug Delivery Biomaterials based on peptides are frequently employed as precise and regulated drug delivery systems for a range of medical conditions, such as tissue regeneration, inflammatory illnesses, and cancer therapy [6–8]. Peptide-based hydrogels replicate the physical and chemical properties of ECM, making them suitable for a wide range of therapeutic applications, including neuroinflammation reduction, neural tissue regeneration promotion, and immunomodulation support. These hydrogels can function as cell carriers, medication delivery vehicles, and bridges to connect injured tissue s ( Fig. 6a). BHP promote neuron regeneration by generating an environment high in growth factors like NGF, BDNF, and GDNF. These hydrogels can activate endogenous NSCs and promote neuronal cell differentiation to aid""
 ""on peptides exhibit swelling behavior, meaning they can absorb a lot of water and grow substantially in volume [67,68]. The reason behind the hydrogel's ability to hold onto water in its matrix is the equilibrium between the hydrophilic force of attraction of water and the hydrophobic compressive force of the hydrogel structure [24,69,70]. A hydrogel's ability to retain water in addition to peptides can be affected by the composition of its carrier material. Carriers with hydrophilic properties or high capacities for water absorption can enhance hydrogels' ability to retain water in their matrix [70,71]. BHP have a considerable capacity to hold a lot of water in their matrix by utilizing a mixture of these methods. This characteristic is critical for applications like tissue engineering, drug delivery, and establishing a moist environment for cell growth. Properties, in which alterations in the hydrogel's structure can be reversed in reaction to shifts in outside factors like pH, temperature, or ion concentration [72,73]. More flexible uses are made possible by this exact control of the hydrogel's characteristics [74–77]. Hydrogel performance and applicability in many""]",,0.0
What allows peptide hydrogels to form 3D structures?,C,"['approach forms a hydrogel by use of specific chemical interactions between peptides Sari et al. Journal of Fibers and Polymer Composites Vol. 4 No. 1 (2025): 11-32 24 and carrier molecules. Chemical processes that are commonly employed include those that crosslink functional groups on peptides and carrier materials, like those that occur between amine and carboxylic acid groups. 5.3. Peptide Self-Assembly Process A mechanism known as self -assembly enables some peptides to organize into hydrogel structures on their own. Peptides are engineered with particular amino acid sequences in this technique to enable non -covalent interactions between peptide molecules, like t he creation of interacting beta sheets or helical shapes [86,87]. Researchers built a dipeptide gel using self -assembly in varied solvents and salt concentrations, as shown in Fig. 7a. In vitro investigations demonstrated that glial cells (C6) can grow on the biocompatible and robust dipeptide hydrogel. Furthermore, as shown in Fig. 7a, the cytoskeletal composition increased proportionally with increasing sodium acetate concentration, demonstrating a favorable correlation between sodium acetate concentration and glial cell development. Adak et al. [88] created an'
 'charge -charge interactions, , by either exploiting attraction between oppositely charged groups or using repulsive forces between two equal charges. (6) Specialized I. Cysteine (Cys, C) II. Glycine (Gly, G) III. Proline (Pro, P) I. A target for chemical modification, either inter-peptide or between and other structures. II. Responsible for a high degree of flexibility, by removing steric hindrances. III. Responsible for a high degree of rigidity due to locked conformation. 3.7. Water storage Significant water retention in the matrix is a known property of hydrogels based on peptides. Due of this, it can be used for things like delivering water-soluble medications or creating a moist environment for cell growth [44,60]. The chemical makeup and physical structure of peptide-based biomaterial hydrogels play a major role in their capacity to hold big volumes of water within their matrix. Hydrophilic functional groups like amine, carboxylate, or hydroxyl groups are more common in hydrogel peptides [61–63]. Encouraging the hydrogel to draw and hold water inside its matrix, these groups exhibit a strong attraction for water. Peptide -based biomaterial hydrogels can be structured to'
 'without the need for gelation or chemical crosslinking is by water-free drying and hydrogel creation. In order to create a three -dimensional thick network that resembles a hydrogel, this procedure involves removing water from the peptide solution and carrier substance. A peptide -based gel structure is created using this method by gradually drying the peptide solution and carrier material. With the removal of water from the solution, a stable three -dimensional networ k is formed, facilitating the creation of a hydrogel structure. The general procedures for creating hydrogels through water -free drying are as follows: First, preparation of Peptide Solution and Vehicle: One way to make peptide solutions is to dissolve them in appropriate solvents, including water or certain organic s olvents. The carrier material is also made into a solution with the proper composition and concentration. Second, the process of mixing the peptide solution and carrier solution involves ensuring that the proper proportions are followed. To guarantee an ev en distribution of the peptides within the hydrogel Sari et al. Journal of Fibers and Polymer Composites Vol. 4 No.'
 'stacking. The design in Fig. 2 depicts the self -assembly of peptide-based hydrogels, emphasizing their production and biomedical uses. Monomers interact by molecular forces, resulting in secondary structures including β -sheets, α-helices, and random coils. These structural motifs initiate the self-assembly process, which results in the production of higher-order nanostructures such as vesicles, tubes, and fibrils. These nanostructures improve the mechanical and functional properties of the hydrogel, making it suitable for use in a variety of biomedical applications including drug administration, biological imaging biosensors, wound healing, three-dimensional in shape cell culture, or tissue engineering [26]. Sari et al. Journal of Fibers and Polymer Composites Vol. 4 No. 1 (2025): 11-32 15 Fig. 2. Schematic of the self-assembly of peptides into different nanostructures and their possible applications [26]. Recent advances in the synthesis and application of peptide hydrogels demonstrate significant promise in enhancing therapy techniques for ovarian cancer, enabling for targeted delivery of therapeutic medicines to tumors [27–30]. However, a number of obstacles remain to be addressed through more study, including design complexity, bio compatibility and toxicities, drug delivery constraints, biodegradability']",,0.7603233568399225
Why are peptide hydrogels useful for drug delivery?,D,"[""hydrogel's structure can be reversed in reaction to shifts in outside factors like pH, temperature, or ion concentration [72,73]. More flexible uses are made possible by this exact control of the hydrogel's characteristics [74–77]. Hydrogel performance and applicability in many biomedical applications, such as drug delivery, tissue engineering, and other medical therapies, are largely dependent on the chemical characteristics of these peptide-based biomaterial hydrogels [74,75,78,79]. 4. Applications 4.1. Drug Delivery Biomaterials based on peptides are frequently employed as precise and regulated drug delivery systems for a range of medical conditions, such as tissue regeneration, inflammatory illnesses, and cancer therapy [6–8]. Peptide-based hydrogels replicate the physical and chemical properties of ECM, making them suitable for a wide range of therapeutic applications, including neuroinflammation reduction, neural tissue regeneration promotion, and immunomodulation support. These hydrogels can function as cell carriers, medication delivery vehicles, and bridges to connect injured tissue s ( Fig. 6a). BHP promote neuron regeneration by generating an environment high in growth factors like NGF, BDNF, and GDNF. These hydrogels can activate endogenous NSCs and promote neuronal cell differentiation to aid""
 'Fmoc Peptide-Based Hydrogels for Drug Delivery Applications. Gels 2015;1:179–93. https://doi.org/10.3390/gels1020179. [16] Dafni U, Martín -Lluesma S, Balint K, Tsourti Z, Vervita K, Chenal J, et al. Efficacy of cancer vaccines in selected gynaecological breast and ovarian cancers: A 20-year systematic review and meta -analysis. Eur J Cancer 2021;142:63 –82. https://doi.org/10.1016/j.ejca.2020.10.014. [17] Mondal S, Das S, Nandi AK. A review on recent advances in polymer and peptide hydrogels. Soft Matter 2020;16:1404–54. https://doi.org/10.1039/C9SM02127B. [18] Shim J, Kang J, Yun S Il. Chitosan–dipeptide hydrogels as potential anticancer drug delivery systems. Int J Biol Macromol 2021;187:399 –408. https://doi.org/10.1016/j.ijbiomac.2021.07.134. [19] Chronopoulou L, Di Nitto A, Papi M, Parolini O, Falconi M, Teti G, et al. Biosynthesis and physico-chemical characterization of high performing peptide hydrogels@graphene oxide Sari et al. Journal of Fibers and Polymer Composites Vol. 4 No. 1 (2025): 11-32 28 composites. Colloids Surf B Biointerfaces 2021;207:111989. https://doi.org/10.1016/j.colsurfb.2021.111989. [20] Gharios R, Francis RM, DeForest CA. Chemical and biological engineering strategies to make and modify next -generation hydrogel biomaterials. Matter 2023;6:4195 –244. https://doi.org/10.1016/j.matt.2023.10.012. [21] Rughani R V, Branco MC, Pochan DJ, Schneider JP. De Novo Design'
 'hydrogels, which can react to changes in temperature, pH, or ion concentration, are particularly useful in drug delivery systems. Due to their tunability, hydrogels continue to expand their applications in the biomedical field and are expected to play a crucial role in various medical applications in the future. Implanted or injected hydrogels have the potential to support tissue regeneration by mechanical tissue support, localized drug or cell delivery,[2] local cell recruitement or immunomodulation, or encapsulation of nanoparticles for local photothermal therapy or brachytherapy.[66] Polymeric drug delivery systems have overcome challenges due to their biodegradability, biocompatibility, and anti-toxicity.[67][68] Materials such as collagen, chitosan, cellulose, and poly (lactic-co-glycolic acid) have been implemented extensively for drug delivery to organs such as eye,[69] nose, kidneys,[70] lungs,[71] intestines,[72] skin[73] and brain.[2] Future work is focused on reducing toxicity, improving biocompatibility, expanding assembly techniques[74] Hydrogels have been considered as vehicles for drug delivery.[75][76][77][78] They can also be made to mimic animal mucosal tissues to be used for testing mucoadhesive properties.[79][80] They have been examined for use as reservoirs in topical drug delivery; particularly ionic drugs, delivered'
 'in the biomedical industry because of their biocompatibility, biodegradability, and ability to replicate the natural extracellular matrix [1–3]. Advances in peptide synthesis techniques have permitted the creation of hydrogels with adjustable physicochemical properties for a wide range of applications, including tissue engineering, drug delivery, and wound healing [4–12]. Several preliminary research results on BHP have reported on the development of molecular structure, physicochemical characterization, response to the environment, drug delivery, and pre -clinical and clinical trials [11–13]. Previous studies have been successful in creating peptide -based hydrogels with a range of complicated molecular architectures. Designing peptide sequences, arranging cross -links, and stimulating in situ polymerization are some of the steps involved in cre ating stable and controllable hydrogel networks [12,14,15]. The reaction of peptide hydrogels to modifications in the thermal, pH, and biological milieu —including the presence of specific biological molecules —has also been Sari et al. Journal of Fibers and Polymer Composites Vol. 4 No. 1 (2025): 11-32 12 investigated in earlier research. In light of the evolving ovarian cancer landscape, this is crucial for improving drug delivery parameters']",,0.0
What is a limitation of peptide hydrogels?,A,"['in the biomedical industry because of their biocompatibility, biodegradability, and ability to replicate the natural extracellular matrix [1–3]. Advances in peptide synthesis techniques have permitted the creation of hydrogels with adjustable physicochemical properties for a wide range of applications, including tissue engineering, drug delivery, and wound healing [4–12]. Several preliminary research results on BHP have reported on the development of molecular structure, physicochemical characterization, response to the environment, drug delivery, and pre -clinical and clinical trials [11–13]. Previous studies have been successful in creating peptide -based hydrogels with a range of complicated molecular architectures. Designing peptide sequences, arranging cross -links, and stimulating in situ polymerization are some of the steps involved in cre ating stable and controllable hydrogel networks [12,14,15]. The reaction of peptide hydrogels to modifications in the thermal, pH, and biological milieu —including the presence of specific biological molecules —has also been Sari et al. Journal of Fibers and Polymer Composites Vol. 4 No. 1 (2025): 11-32 12 investigated in earlier research. In light of the evolving ovarian cancer landscape, this is crucial for improving drug delivery parameters'
 'Xu H. Photoluminescence of Diphenylalanine Peptide Nano/Microstructures: From Mechanisms to Applications. Macromol Rapid Commun 2017;38. https://doi.org/10.1002/marc.201700370. [39] Al Musaimi O, Ng KW, Gavva V, Mercado -Valenzo OM, Haroon HB, Williams DR. Elastin-Derived Peptide -Based Hydrogels as a Potential Drug Delivery System. Gels 2024;10:531. https://doi.org/10.3390/gels10080531. [40] Neves MI, Wechsler ME, Gomes ME, Reis RL, Granja PL, Peppas NA. Molecularly Imprinted Intelligent Scaffolds for Tissue Engineering Applications. Tissue Eng Part B Rev 2017;23:27–43. https://doi.org/10.1089/ten.teb.2016.0202. [41] Li R, Horgan CC, Long B, Rodriguez AL, Mather L, Barrow CJ, et al. Tuning the mechanical and morphological properties of self -assembled peptide hydrogels via control over the gelation mechanism through regulation of ionic strength and the rate of pH c hange. RSC Adv 2015;5:301–7. https://doi.org/10.1039/C4RA13266A. [42] Indriyani N, Atnawati R, Ardhani DH. Sintesa dan PemanfataanHidrogel. J Inov Tek Kim 2023;8:245–54. [43] Bairagi D, Biswas P, Basu K, Hazra S, Hermida-Merino D, Sinha DK, et al. Self-Assembling Peptide-Based Hydrogel: Regulation of Mechanical Stiffness and Thermal Stability and 3D Cell Culture of Fibroblasts. ACS Appl Bio Mater 2019;2:5235 –44. https://doi.org/10.1021/acsabm.9b00424. [44] Yazdi MK, Zarrintaj P, Ghavami M,'
 ""may display some degree of chemical reactivity. This can involve processes like the conjugation of medications or bioactive compounds with one another, or the creation of covalent bonds by crosslinking events. Hydrogel peptides typically contain amine, carboxylic, hydroxyl, or sulfhydryl groups, among other functional groups , as shown in Table 1 [48–51]. The hydrogel's ability to interact with ions, other molecules, or proteins, among other things, can be affected by the presence of these functional groups. Certain ionic behavior can be seen in the hydrogel if the peptides have charged functional groups, s uch as amine or carboxylic acid groups [54–56]. The ability to absorb or release ions from solution, the capacity for ion exchange, and the reaction to variations in pH or ion concentration are a few examples of these. BHP often have a high absorption rate for water in their matrix. This is because the hydrophilic groups included in the peptides and carrier materials produce a moist and favorable environment for cell growth or the delivery of drugs that dissolve in water within the hydrogel [52,54,55,57]. Reversible characteristics""
 ""on peptides exhibit swelling behavior, meaning they can absorb a lot of water and grow substantially in volume [67,68]. The reason behind the hydrogel's ability to hold onto water in its matrix is the equilibrium between the hydrophilic force of attraction of water and the hydrophobic compressive force of the hydrogel structure [24,69,70]. A hydrogel's ability to retain water in addition to peptides can be affected by the composition of its carrier material. Carriers with hydrophilic properties or high capacities for water absorption can enhance hydrogels' ability to retain water in their matrix [70,71]. BHP have a considerable capacity to hold a lot of water in their matrix by utilizing a mixture of these methods. This characteristic is critical for applications like tissue engineering, drug delivery, and establishing a moist environment for cell growth. Properties, in which alterations in the hydrogel's structure can be reversed in reaction to shifts in outside factors like pH, temperature, or ion concentration [72,73]. More flexible uses are made possible by this exact control of the hydrogel's characteristics [74–77]. Hydrogel performance and applicability in many""]",,0.0
What property helps hydrogels mimic biological tissue?,E,"[""is tightly or loosely linked. Biological cells can adhere to these structures and grow to build a three-dimensional network [36,37]. Fig. 3. Schematic of selected biological and non-biological materials used for tissue regeneration: (A) alginate; (B) chitosan; (C) silk; (D) hyaluronic acid; (E) type II-collagen; (F) elastin; (G) fibrin; (H) graphene oxide; (I) poly(Lactide-co-Glycolide) (J) poly(ethylene glycol) [32] BHP's unusual morphological properties make it valuable in a variety of biological applications, including drug administration, medical imaging, and tissue creation. During the manufacturing process, BHP can exhibit a variety of morphological forms, such as reticular networks, fibrous structures, and porous architectures. These structural differences have a substantial effect on the hydrogel's permeability, water holding capacity, and response to external stimuli. Advanced imaging techniques like light and microscopy with electrons can be utilized to examine the morphological properties of hydrogels [38]. As demonstrated in Figs. 4a and 4b, the hydrogel microstructure is mostly made up of a thick and linked microfibre network. This arrangement corresponds to a generally homogenous fiber distribution with tiny fiber diameters. Fig. 4b demonstrates that sample EDP-2 (Fmoc-FFAAAKAA-NH2)""
 'adapt to dynamic biological contexts [41]. According to Indriyani et al. [42], the physical structure and elasticity Sari et al. Journal of Fibers and Polymer Composites Vol. 4 No. 1 (2025): 11-32 19 caused by crosslinking in the hydrogel system allow this material to stretch or contract in response to environmental factors such as temperature, pressure, or pH. 3.4. Density and Porosity The density and porosity of hydrogels affect their capacity to take up water, offer an environment conducive to cell growth, and make it easier for nutrients and metabolites to be exchanged. High porosity hydrogels have a propensity to absorb large amounts of water and can efficiently promote cell proliferation [43]. 3.5. Texture The density, viscosity, and physical structure of a hydrogel are correlated with its texture and consistency. Denser, stiffer hydrogels can be found alongside liquid forms that resemble gels [44]. The ease of manipulation, application, and usage of hydrogels in diverse biomedical contexts may be influenced by this texture [45]. Designing, refining, and utilizing hydrogels for particular uses in tissue engineering, drug delivery, and other therapies requires'
 'moisture in arid areas Air bubble-repellent (superaerophobicity). Can improve the performance and stability of electrodes for water electrolysis.[93] Culturing cells: Hydrogel-coated wells have been used for cell culture.[94] Biosensors: Hydrogels that are responsive to specific molecules,[95] such as glucose or antigens, can be used as biosensors, as well as in DDS.[96] Cell carrier: Injectable hydrogels can be used to carry drugs or cells for applications in tissue regeneration or 3D bioprinting.[76][77][78] Hydrogels with reversible chemistry are required to allow for fluidization during injection/printing followed by self-healing of the original hydrogel structure.[66] Investigate cell biomechanical functions combined with holotomography microscopy Provide absorption, desloughing and debriding of necrotic and fibrotic tissue Tissue engineering scaffolds. When used as scaffolds, hydrogels may contain human cells to repair tissue. They mimic 3D microenvironment of cells.[97] Materials include agarose, methylcellulose, hyaluronan, elastin-like polypeptides, and other naturally derived polymers. Sustained-release drug delivery systems. Ionic strength, pH and temperature can be used as a triggering factor to control the release of the drug.[98] The swelling behavior exhibited by charged hydrogels can be used as a valuable tool for'
 'Hydrogels Molecular structure of silicone hydrogel used in flexible, oxygen-permeable contact lenses.[82] Hydrogels are three-dimensional network structures with high hydrophilicity that can absorb and retain large amounts of water. Due to their excellent biocompatibility, they are widely used in the field of biomaterials. The main feature of hydrogels is their high water content, which is similar to the aqueous environment in biological systems, making them ideal for applications in tissue engineering, drug delivery, wound dressings, and artificial skin.[64] Hydrogels can be classified into natural and synthetic types. Natural hydrogels, such as gelatin and chitosan, are derived from biological materials and offer good biodegradability and biocompatibility. Synthetic hydrogels, on the other hand, typically have higher mechanical strength and tunability but may exhibit lower biocompatibility.[65] Additionally, hydrogels can be categorized as environmental-responsive or non-responsive based on their response to external stimuli. Environmental-responsive hydrogels, which can react to changes in temperature, pH, or ion concentration, are particularly useful in drug delivery systems. Due to their tunability, hydrogels continue to expand their applications in the biomedical field and are expected to play a crucial']",,0.0
Which mechanism enables hydrogel responsiveness?,C,"['possess a degree of flexibility very similar to natural tissue due to their significant water content. As responsive ""smart materials"", hydrogels can encapsulate chemical systems which upon stimulation by external factors such as a change of pH may cause specific compounds such as glucose to be liberated to the environment, in most cases by a gel–sol transition to the liquid state. Chemomechanical polymers are mostly also hydrogels, which upon stimulation change their volume and can serve as actuators or sensors. Peptide based hydrogels Other A micropump based on a hydrogel bar (4×0.3×0.05 mm size) actuated by applied voltage. This pump can be continuously operated with a 1.5 V battery for at least 6 months.[39] A short-peptide- based hydrogel matrix, capable of holding about one hundred times its own weight in water. Developed as a medical dressing. Photo of the same short-peptide-based hydrogel, held in forceps to demonstrate its stiffness and transparency. Hydrogels have been investigated for diverse applications. By modifying the polymer concentration of a hydrogel (or conversely, the water concentration), the Young\'s modulus, shear modulus, and storage modulus can'
 ""into a rigid gel upon exposure to the higher temperatures of the human body.[54] There are many other stimuli that hydrogels can be responsive to, including: pH, glucose, electrical signals, light, pressure, ions, antigens, and more.[54] The mechanical properties of hydrogels can be fine-tuned in many ways beginning with attention to their hydrophobic properties.[54][55] Another method of modifying the strength or elasticity of hydrogels is to graft or surface coat them onto a stronger/stiffer support, or by making superporous hydrogel (SPH) composites, in which a cross-linkable matrix swelling additive is added.[7] Other additives, such as nanoparticles and microparticles, have been shown to significantly modify the stiffness and gelation temperature of certain hydrogels used in biomedical applications.[56][57][58] Environmental response Additives While a hydrogel's mechanical properties can be tuned and modified through crosslink concentration and additives, these properties can also be enhanced or optimized for various applications through specific processing techniques. These techniques include electro-spinning, 3D/4D printing, self-assembly, and freeze-casting. One unique processing technique is through the formation of multi-layered hydrogels to create a spatially-varying matrix composition and by extension, mechanical properties.""
 'hydrolysis is slow, which allows for a uniform pH change, and thus resulting in reproducible homogenous gels. In addition to this, the desired pH can be achieved by altering the amount of GdL added. The use of GdL has been used various times for the hydrogelation of Fmoc and Nap-dipeptides.[33][34] In another direction, Morris et al reported the use of GdL as a \'molecular trigger\' to predict and control the order of gelation.[35] Chirality also plays an essential role in gel formation, and even changing the chirality of a single amino acid from its natural L-amino acid to its unnatural D-amino acid can significantly impact the gelation properties, with the natural forms not forming gels.[36] Furthermore, aromatic interactions play a key role in hydrogel formation as a result of π- π stacking driving gelation, shown by many studies.[37][38] Hydrogels also possess a degree of flexibility very similar to natural tissue due to their significant water content. As responsive ""smart materials"", hydrogels can encapsulate chemical systems which upon stimulation by external factors such as a change of pH may cause specific'
 'Hydrogels Molecular structure of silicone hydrogel used in flexible, oxygen-permeable contact lenses.[82] Hydrogels are three-dimensional network structures with high hydrophilicity that can absorb and retain large amounts of water. Due to their excellent biocompatibility, they are widely used in the field of biomaterials. The main feature of hydrogels is their high water content, which is similar to the aqueous environment in biological systems, making them ideal for applications in tissue engineering, drug delivery, wound dressings, and artificial skin.[64] Hydrogels can be classified into natural and synthetic types. Natural hydrogels, such as gelatin and chitosan, are derived from biological materials and offer good biodegradability and biocompatibility. Synthetic hydrogels, on the other hand, typically have higher mechanical strength and tunability but may exhibit lower biocompatibility.[65] Additionally, hydrogels can be categorized as environmental-responsive or non-responsive based on their response to external stimuli. Environmental-responsive hydrogels, which can react to changes in temperature, pH, or ion concentration, are particularly useful in drug delivery systems. Due to their tunability, hydrogels continue to expand their applications in the biomedical field and are expected to play a crucial']",,0.8814947473512236
Which statement cannot be inferred from the documents?,F,"['has not been obtained. If any copyright material has not been acknowledged please write and let us know so we may rectify in any future reprint. With the exception of Chapters 5, 6 and 11, no part of this book may be reprinted or reproduced or utilised in any form or by any electronic, mechanical, or other means, now known or hereafter invented, including photocopying and recording, or in any information storage or retrieval system, without permission in writing from the publishers. Chapters 5, 6 and 11 of this book are freely available as a downloadable Open Access PDF at http://www.taylorfrancis.com under a Creative Commons (Attribution‑Non Commercial‑No Derivatives (CC ‑BY‑NC‑ND)) 4.0 license. Any third party material in this book is not included in the OA Creative Commons license, unless indicated otherwise in a credit line to the material. Please direct any permissions enquiries to the original rightsholder. Funded by the Scheme for Promotion of Academic and Research Collaboration (SPARC) (Project No. SPARC/2018‑2019/P485/SL; Dated: 15 March 2019), Ministry of Education, Government of India. Trademark notice: Product or corporate names may be'
 'samples with initial M n values around 1000. Important changes were also observed by FTIR, DSC and GPC. This last method revealed in all cases the formation of a high molecular weight fraction that was not present before incubation with the microorganisms and a shift of the whole curve toward higher molecular weights. This is evidence of chain condensation probably due to thermal reactions at the low partial pressure of O 2 prevailing in the industrial 1308 R. CHANDRA and R. RUSTGI composting units used in this work. It is probably accompanied by bioassimilation of the lower molecular weight fractions. For incubations performed in liquid media in the presence of a suspension of microorganisms from compost, biodegradation was signi®cant when the substrate concentration was very low (0.006%). Despite the presence of unavoidably large errors in these conditions, oxygen uptake was evident and the biodegradation of the lower molecular weight fraction of the sample was clearly demonstrated. Guiller et al . 253 have studied the biodegradability of photodegraded plastic composites wherein the resistance of conventional plastics to microorganisms is attributed to'
 'Generation, MFs and MNPs Pollution observed to be a high- concentration source of DEHPs amongst newborn infants (Green et al., 2005). In view that BPA is also an additive in PVC manufacturing, PVC is suspected to be a probable contributor to high BPA volumes detected in babies (Calafat et al., 2009). The attempts to determine associations between adverse human health issues and polymer additives can give rise to several difficulties. Considering the frequent pro - duction pattern, the classified industrial specifications, and the polymer application and its additives thereof makes exposure studies quite distressing. The evolution of technology, statistical approaches and methodologies may potentially assist in unrav- elling the mystery between these chemicals and their adverse effects on humans. However, even with the most statistically significant variations of hormones cred- ited to occupational and environmental exposures, the definite degree to which hor - monal variation occurs is regarded as mild observable abnormality symptoms. This then substantiates why further information is needed on biological techniques that may have impact on polymer-based additives, particularly those at low-dose chronic exposures. 3.3.6 m icro'
 'data contained in all publications are solely those of the individual author(s) and contributor(s) and not of MDPI and/or the editor(s). MDPI and/or the editor(s) disclaim responsibility for any injury to people or property resulting from any ideas, methods, instructions or products referred to in the content.']",0.0,0.0
Which combination best improves implant performance?,A,"['accompanied by inﬂammation, inducing an immune reaction in the patient and, consequently, “bone loss” and implant “rejection”. The challenge in obtaining hybrid implants or FGMs is what has motivated research to obtain concomitant biofunctions in different regions of the implant in the same metallic device, avoiding colonization by bacteria and promoting the osseointegration process. However, the studies carried out to date are restricted to homogeneously modifying the implant surface, just improving its interface with the bone. In the context of studies on the development of hybrid implants, knowledge is still rudimentary. 6. Conclusions Here, we presented an overview of different surface treatments that are investigated for the development of high-performance titanium dental implants. We found that factors such as morphology and chemical composition are promising for the creation of biomimetic surfaces, resulting in implants that promote faster and more efﬁcient osseointegration when compared to smooth surfaces. Nanostructured surfaces can generate a topography of porosity similar to bone and thus assist the bone healing process. The coating with biomolecules can stimulate cell adhesion, as well as differentiation, proliferation, and migration, favoring'
 'directly to the bone. The neck and implant platform adheres to the sulcular and junctional epithelium. Finally, there is the implant abutment that is in contact with the oral epithelium, which is visible in the oral cavity, where you will receive the crown. Each of these interfaces must be optimized to meet the different demands that the organism itself requires. Thus, hybrid implants or FGMs assume the proﬁle desired by implant dentistry [130]. At the implant–hard tissue interface, osteogenic properties are extremely important to promote osseointegration, thus allowing the device to be efﬁciently and quickly ﬁxed by the body, ensuring fracture resistance during occlusal loading [131]. In this case, the biomodiﬁcation of the terminal end of the implant with collagen and hydroxyapatite may favor this process, as shown above. Subsequently, at the implant–transgingival soft tissue interface, the cell adhesion of keratinocytes and ﬁbroblasts is quite desirable to ensure Materials 2022, 15, 3150 12 of 17 a cohesive and uniform epithelialization, to avoid bacterial inﬁltration. Therefore, the intermediate region of the device can be functionalized with collagen, peptides, or other biomolecules'
 'reduce this issue (Fig. 4) Strength Durable but less flexible, prone to micro- fractures High strength, flexibility, and superior fracture resistance Biocompatibility Lower inflammatory, prominent better in soft tissue engineering High biocompatibility but may induce a stronger inflammatory response Osseointegration Promising but lower bioactivity and inte- gration rates Well-established direct bone integration with high success rates (Fig.5) (Andreiotelli et al. 2009a, b) Surface modifications Various bioactive and therapeutic treat- ments to improve osseointegration Already optimized for osseointegration, minimal modifications needed (Depprich et al. 2008b, a; Dlugon et al. 2017) Clinical applications Still under investigation; ongoing research needed Long history of clinical success and reli- ability (Andreiotelli et al. 2009a, b; Ito et al. 1995) Ease of placement Single-piece design is harder to place; newer two-piece models offer flexibility but need more testing Easier to place, even in complex cases; well-established procedure (Dlugon et al. 2017) Fig. 4 Comparison of the visual appeal between titanium and zirconia abutments in dental implants, adapted from reference Oliva et al. (2010) with permission Fig. 5 Osseointegration versus bio-integration, adapted from reference Andreiotelli et al.'
 'procedure (Dlugon et al. 2017) Fig. 4 Comparison of the visual appeal between titanium and zirconia abutments in dental implants, adapted from reference Oliva et al. (2010) with permission Fig. 5 Osseointegration versus bio-integration, adapted from reference Andreiotelli et al. (2009a, b) with permission Page 8 of 25Srinivasan et al. J Mater. Sci: Mater Eng. (2025) 20:76 Potentiodynamic polarization studies revealed that coatings on titanium greatly enhanced corrosion resist - ance in Ringer’s solution after 1 h of immersion. The cor- rosion potential shifted positively, and the current density decreased by approximately two orders of magnitude. Among the coatings, 1Si-Zr-Ti demonstrated notable changes in Tafel slopes, with anodic reactions being pre - dominant. This was attributed to the minimized contact between titanium and the electrolyte, which increased charge-transfer resistance and slowed down the corro - sion process (Fig. 7). New titanium alloys, such as Ti-Zr-Pd and Ti-Sn-Pd, exhibit superior cytocompatibility compared to Ti-6 Al-4 V ELI, with Ti-15Zr4 Nb2 Ta-0.2Pd and Ti-15Sn4 Nb2 Ta-0.2Pd showing the best performance in L929 and MC3 T3-E1 cell tests. These alloys also demonstrate enhanced']",,0.0
Why are biodegradable polymers considered an alternative to fossil-based plastics?,E,"['place of discharge and pollute the environment (Tokiwa et al., 2009). Several types of research in the last two decades have been done to find alternatives to petrochemical polymers. Bioplastics are one of the polymeric materials that perform a similar function to synthetic plastics. Bioplastics account for approximately 1% of global plastic produc- tion, which totals 370 million tonnes (Di Bartolo et al., 2021). However, the yearly growth rate of bioplastic is predicted to be about 30% until 2025. According to the International Union of Pure and Applied Chemistry, bioplastic is defined as a mono- mer that is produced using plant biomass and can be altered by processing. When bioplastic is exposed to the environment, microbes naturally degrade it (Di Bartolo et al., 2021). Most of the biobased polymers are biodegradable. Because of their biodegradabil- ity, they may be a viable option for achieving long-term growth in the plastics industry. Additionally, biobased plastic provides a viable alternative to petrochemical plastics 105DOI: 10.1201/9781003304142-4 106 Biodegradable Polymers, Blends and Biocomposites by diverting a huge volume of plastic waste management systems and plastics'
 'Polymers, Blends and Biocomposites Conventional polymeric materials are made up of petroleum-based resources and are non-biodegradable. As a result, those that are not recycled end up in landfills, unnecessarily and prematurely filling the landfill sites. Many Fossils fuel–based polymers are mechanically recycled on an industrial scale. However, there are concerns regarding the contamination of fossil fuel -based recycling streams by biopolymers. The presence of a small amount of moisture dur - ing processing can trigger hydrolysis of polymer chains, which leads to a reduction in molecular weight and poor mechanical properties (Mtibe et al., 2021). 2.6 BIOBASED BIODEGRADABLE VS PETRO‑BASED BIODEGRADABLE POLYMER Petrochemicals or fossil plastics are made of fossil feedstocks like petroleum and natural gas which have taken millions of years to be formed. Nowadays, about 7% of all petroleum is converted into plastics (European Bioplastics. 2013). (. Examples of fossil-based plastics are polyethylene (PE), polypropylene (PP), PET, PS and others. Whereas presently these materials are predominantly made from fossil feedstock, they could also be produced from biomass and would then be biobased. The main applications of biobased and'
 'a result, there is a lot of interest in the development of bioplastics, which are biodegradable and derived from plant, animal, and microbial sources (Kalia et al., 2000). Biobased resources for plastic production are an alternative to fossil -based resources. The benefits of using biobased plastics include the conservation of fos- sil resources and the elimination of carbon dioxide emissions. Biobased plastics, in comparison to fossil-based plastics, have the possibility for a closed- loop in a truly circular economy because the biogenic carbon taken up by a plant is released back into the atmosphere after use (Spierling et al., 2018). Bioplastics, also known as “biopolymers” have been the subject of significant research and debate on a global scale for quite some time. The scarcity of fossil fuels drives the development of biobased products, while the potential to reduce pollution and ease organic waste collection stimulates the development of biodegradable and compostable plastics (Di Bartolo et al., 2021). Bioplastics are already being used 233 This chapter has been made available under a CC-BY-NC-ND license. 233DOI: 10.1201/9781003304142 ‑11 234 Biodegradable Polymers, Blends'
 'leading to the support of biodegradable materials as an alternative to 49Bioplastics, Biodegradable Polymers and Biocomposites: An Overview non-biodegradable polymeric materials. Reengineering polymer new composite materials from synthetic and biobased polymers have gained attention from indus- tries, consumers, and governments as a potential solution for dependence on petro - leum because any carbon sourced from biomass could be recycled into bio-resource. Particularly, renewable agricultural and biomass feedstock has shown much promise for use in eco-efficient packaging to replace petroleum feedstock without competing with food crops (Muniyasamy, Reddy, et al., 2013; Muniyasamy et al., 2008). However, as compared to thermoplastic synthetic polymers, biopolymers present problems when processed with traditional technologies and show inferior perfor - mances in terms of functional and structural properties. Although the fate of envi - ronmentally degradable polymeric materials and plastics must be their conversion by microorganisms into final elemental products such as carbon dioxide, water, and new microbial biomass (i.e., mineralisation), it is necessary to evaluate their biode - gradability in natural environments to meet various commercial and environmental needs for their sustainable growth. Polyolefins has']",,0.0
What is a major environmental issue caused by conventional plastics?,E,"['world. Generally, plastic debris entershumans directly or indirectly through parasites as vectors and causes particle toxicity and chemical toxicity (Vethaak and Leslie, 2016). Using the animal model studies, the research- ers proved that microplastic traverse into the cell membranes, the blood- brain bar- rier, and even the human placenta results in oxidative stress, lung and gut injury, cell damage, and inflammation (Kershaw and Rochman, 2015; Gasperi et al., 2015; McCormick et al., 2014; Galloway, 2015). Geyer et al., (2017) published the first global data on the production, usage and end-of-life of plastics. He clearly declared that current extensive and expanding use of plastic as same is continue, roughly 12,000 Mt of plastic waste will be accumu - lated in the natural environment by 2050. Considering the environmental and health issues caused by plastic and its Greenhouse gas emissions pays the way to find alter- native ways towards a circular economy, which helps to decrease the non-renewable resources production throughreuse and recycling of the materials (Rosenboom et al., 2022). The increasing concern aboutsynthetic plastics issues has made scientistsat - tracted towards'
 'most significant discoveries in the history of humanity and have been used in numerous industries like packaging, transport, automobile parts, agriculture and surgical and medical devices. The over - production of petrochemical -based plastics has engendered huge complications for terrestrial and marine environments. The plastic is disposed of in two worst modes: environmental dumping and incineration. Dumping plastic from landfills into the domain has been persistent for several years. That does not degrade and remains in the environment for a consistent time, causing land and marine pollution. Similarly, incineration of plastic waste also releases toxins into the atmosphere, causing hazardous threats to the environment (Nehra et al., 2017). Recently, mod- ern society has recognised plastic as a significant environmental pollutant, and the search for natural alternatives for synthetic polymers has reached an all -time high. Bioplastic has recently been popular for various applications as an alternative to syn- thetic polymers obtained from diverse plants or microbial sources (Mohanrasu et al., 2021, Rasu and Arun, 2017; Muniyasamy et al., 2019; Muniyasamy and Dada, 2021). Compared to all biopolymers, microbial -based biopolymers'
 'plastics has negative effects: it releases CO 2 and soot (black carbon) – two of the most potent gasses that initiate climate change. Furthermore, it is reported that exposure to open burning of plastic containing chlorinated and brominated additives poses serious health issues such as liver problems and impairment of immune, reproductive and endocrine systems. About 80% of plastics in the ocean are from land- based sources. Plastics from landfills enter the ocean through poor management and improper disposal of sewages and plastic wastes, coastal landfill operations, and litter carried through streams and rivers. The remaining 20% are litters generated from ships/boats through recreational activities, discharge of litter, fishing nets, etc. (Mattsson et al., 2015). Our oceans serve as a sink for plastic particles, and it is estimated that 5.25 trillion micro and nanoplas- tics contaminate the global sea surface (Mattsson et al., 2017). In the marine environ- ment, plastics are broken down into microplastics, which threaten marine biodiversity. Furthermore, microplastics can end up in the food chain, with potentially damaging effects on human health, because they may also accumulate'
 'they are not readily biodegradable and resist to microbial decomposition (Vroman & Tighzert, 2009). The global production of plastic was projected to be around 370 million tons in 2019, and 390.7 million tons of plastic in 2021, with only 9% of it being recycled, 12% being incin- erated, and the remaining being discharged into the environment or landfills. This waste disposal substance has a negative influence on the environment and distract the food chain, hence poses a risk to animals and human health (Kumar et al., 2021; Al-Khairy et al., 2022). Furthermore, these materials emit obnoxious gases when combusted, thus causing atmospheric pollution. It should not also be forgotten that the disposal of plas- tics is becoming difficult as a result of diminishing landfill space. Meanwhile, several approaches are proposed to reduce plastic pollution. Where conventional plastics are concerned, the implementation of a circular economy is proposed, whereby the use, reuse, and recycling of plastics is promoted to establish a closed-loop system. Equally so, looking at the severity of problems caused by conventional poly - mers and their composites, there']",,0.0
Why is the adoption of biodegradable polymers limited?,D,"['Implementation of biodegradable plastics is hampered by the lack of mechanical strength and ductility of many biodegradable polymers, as well as the high costs and complicated synthesis processes required to produce many biodegradable polymers. 1.3 BIOPOLYMER SYNTHESIS AND APPLICATIONS Biodegradable polymers from renewable sources are used in various fields, including biomedical applications, food packaging and agricultural films (Song et al., 2018, Auras et al., 2004). Since the 1990s, more emphasis has been placed on developing biodegradable polymers for all purposes and engineering applications, rather than simply focusing on biodegradability (Nakajima et al., 2017). The application of biodegradable polymers is often hampered by restrictive pro - cessing conditions, and once processed, the materials often exhibit poor mechanical as well as thermal and electrical properties (La Mantia & Morreale, 2011). The high cost of biodegradable polymer production is of course a very important factor and one of the key reasons why conventional plastics are still preferred. Composites must be used where characteristics of individual biodegradable poly- mers alone simply cannot meet the demands required of the final product. Fillers can also be'
 'and sustainability. Their performance is, however, still lackluster for some high- end applications. This limits their proliferation and prospects for replacing conventional plastics. The molecular weight of biopolymers is inversely correlated to biodegrad- ability and biodegradation rate. This while being directly proportional to material performance due to higher lower free volume (mechanical; high- strength structural applications, thermal; dimensional stability and retention of properties at above ambient service temperature application, barrier; food packaging films with suffi - cient protection against the ingress of oxygen from the atmosphere, chemical resis- tance); provide packaging for hazardous substances where recycling at end- of-life is not viable. 177Biobased Polyesters from Biobased Monomers REFERENCES Aaliya, B., Sunooj, K. V ., & Lackner, M. (2021). Biopolymer composites: A review. International Journal of Biobased Plastics, 3(1), 40–84. Akhtar, J., Idris, A., & Abd. Aziz, R. (2014). Recent advances in production of succinic acid from lignocellulosic biomass. Applied Microbiology and Biotechnology, 98, 987–1000. Andreeßen, C., & Steinbüchel, A. (2019). Recent developments in non-biodegradable biopoly- mers: Precursors, production processes, and future perspectives. Applied Microbiology and Biotechnology, 103, 143–157. Balla, E.,'
 'single-use segments, due to their biodegradability, renewability, low cost, and low relative density. The high growth and global capacity production of biobased biodegradable polymers are increasing to meet the reduction of visual pollution and accumulation in nature. The most produced biobased polymeric materials are derived from agricultural sectors, and current research is also focused on the development of biobased materials from non-food renewable lignocellulosic and agricultural and food wastes. Among biobased biodegradable plastics produced from renewable raw materials, PLA is the most important and most widely used biodegradable plastic at this moment. Even though PLA contains some challenges of thermomechanical properties for wide applications, the blending, and composites approach of PLA, in combination with other biodegradable polymers, provide advanced properties without compromising its renewability. Unfortunately, not all the biobased polymers from renewable resources are bio - degradable. The biodegradation of biobased polymer products can differ from one environment to another such as landfill, home cost, marine water, and freshwater. Also, biodegradation of polymers can be affected by the physical-chemical properties TABLE 2.4 (Continued) Biodegradability of Natural Filler–Based Biocomposite Materials Principal'
 'plastics in a wide range of applications. The development of biodegradable polymers derived from non-food lignocellulose biomass is an especially promising alternative, and the production efficiency of microbially synthesized PHAs can still be much improved. The level of biodegradation of bioplastic products can be tailored and controlled to suit specific applications and disposal requirements. Options available to con - sumers for the responsible waste disposal of biodegradable polymers are increas- ing, including industrial and home composting, soil biodegradation, anaerobic digestion, and reuse and recyclability. It is, however, important that the uptake of biopolymers be accompanied by increased public awareness of the correct avenues for disposal of products to ensure efficient biodegradation and minimal environ - mental impact. Ultimately, the uptake of biopolymers will be greatly affected by increased global awareness of the damage done to the natural environment and, ultimately, humans 14 Biodegradable Polymers, Blends and Biocomposites themselves as a result of careless and unfettered use of non -biodegradable plastics from finite sources. This increased awareness will also accelerate the implementa- tion of more regulations on the usage of non-biodegradable']",,0.0
Which factor complicates recycling in a circular plastic economy?,A,"['be of three types: mechanical, chemical, and organic (Oberti & Paciello, 2021). It is critical to enact the circular economy approach at every step along the plastic supply chain to minimize environmental impact and plastic waste at large. The robust plastic collec- tion, circular recycling, composting, and improved process energy efficiency in plas- tic and bioplastic manufacturing combined with the use of renewable power is also critical and ideal for green environment and sustainability (Figure 12.3) (Rosenboom et al., 2022). In contrast to a linear economy based on a manufacture, use, and dis- posal model, the combined circular economy and biopolymers effect will ensure that materials are retained in the loop. A circular approach to plastics will solve the prob- lem of plastic waste pollution in landfills and oceans, as well as the negative health consequences of microplastics on marine and human life. This can be accomplished CO2, CH4, H2O, and biomass Photosynthesis &C rop Circular economya pproach Toxice missions Incineration Monomers Polymerization Microf ragments,C H/g3428 Landfill waste disposal Extraction, biorefinery Reuse Lower-grade product Product Polymer (PLA, PBAT) Business as'
 'products are typically “downcycled” into 243Circular Economy on Bioplastics and Biobased Polymers lower-quality commodities. Additional challenges include coloured or low -density substances (films, foams), as well as therapeutic pollutants, which can make prod- ucts non-recyclable (Bucknall, 2020; Hong & Chen, 2017). As a result, food- grade recycled plastic is difficult to achieve (Briassoulis et al., 2013). To improve the quality of reused polymers, virgin polymers are frequently com - bined with recyclates (Chanda & Roy, 2006; Hong & Chen, 2017). Mechanical recy- cling, on the other hand, is frequently considered as the most suitable end- of-life alternative due to its deviation from virgin resources. Mechanically recycled plas- tic often has a lesser impact on the environment than virgin plastic. For example, recycled PET (rPET) has a twofold lower environmental effect than fresh PET (GHG emissions from transportation and process energy usage), while recycled PE and PP (rPE and rPP, respectively) have a threefold lower environmental impact than virgin materials (Gu et al., 2017). However, there is relatively little recycling for this type of recycling: Around 10% of high-density PE and'
 'of chemicals will be key to improving the circularity of plastics. 9.4 RECYCLING 9.4.1 r ecycling of Plastic Recycling of plastic is fundamental in the quest to obtain the green ecology tar - get, since recycling saves energy, conserves natural resources, and decreases various types of pollution (Vollmer et al., 2020). According to the ISO and the American Society of Testing and Materials, plastic recycling can be classified into four cat - egories: primary recycling, secondary recycling, tertiary recycling, and quaternary recycling. Primary recycling entails the extrusion of pre -consumer polymer or pure polymer streams (in -house waste) to produce products of the same material. This method is considered the best method of recycling because it uses less energy and fewer resources while fossil fuels are retained. The method is typically referred to as close-loop recycling because the quality and properties of the recycled material from closed-loop processes are very close to the original material. Thus, it can be used as feedstock for high- added-value product manufacturing. Consequently, primary recycling is considered the most economically viable. The input waste is'
 'and biobased economy throughout the value chain. Achieving circular economy in case of plastics presents substantial obstacles. This is because our existing techniques for plastic generation, usage and disposal gener - ally fails to meet most of the circular economy’s concepts. The prevalence of fossil fuels as polymeric feedstocks, for example, obviously defies a core circular economy premise of solely using renewable resources. Other inconsistencies can be noticed in the present state of plastics after they have been used. Despite recent improvements in recycling processes, the majority of end-of-life plastics are still consigned to landfill or increasingly burnt for energy recovery, both of which contribute to environmental damage in different ways and constitute a significant loss of a valuable resource. Significant changes to current practices will be required to achieve the cir - cular economy of plastics. This changes include new and sustainable approaches to eco -design, reuse, maintenance and repair, renting and sharing, recycling, 247Circular Economy on Bioplastics and Biobased Polymers and chemical conversion of plastics. (Iaquaniello et al., 2018). In addition to this, necessary social and economic changes']",,0.0
What is a key benefit of biodegradable plastics in waste management?,E,"['thus, biodegradation as an end- of-life cycle option is particularly of great benefit. Polymers with fast biodegradation rates and efficient mechanical and gas-barrier properties offer a great alternative to petroleum -based plastic used cur - rently and would be a promising solution for plastic waste generated from packaging. Biodegradable plastics are seen by many as a promising solution to the plastic waste problem because they increase soil fertility and reduce the accumulation of bulky plastic materials in the environment, which invariably will minimize injuries to wild animals, they decrease the cost of WM, and they offer sustainability of resources (Haider et al., 2019; Jiang & Zhang, 2012). Biodegradation is the degradation of macromolecular chains by the action of microorganisms. Biodegradation mainly occurs via a three -step process: fragmen - tation, hydrolysis, and assimilation. The process can take place in different envi - ronments, such as soil, aquatic media and, of course, in humans, so long as the conditions are conducive. The fragmentation step entails the breaking down of a high molar mass chain into small pieces or microplastics of inconsistent'
 'ease organic waste collection stimulates the development of biodegradable and compostable plastics (Di Bartolo et al., 2021). Bioplastics are already being used 233 This chapter has been made available under a CC-BY-NC-ND license. 233DOI: 10.1201/9781003304142 ‑11 234 Biodegradable Polymers, Blends and Biocomposites in the market as packaging, compost bag, and carriers; they are also used in agri - culture and horticulture industries, as well as the automotive and electronic indus- tries. Bioplastics are critical for increasing sustainability, which can be defined as a balance between a firm’s economic, environmental, and social aspects and can be applied to a wide range of disciplines (Yadav et al., 2020). To increase the efficiency of resources and management of wastes, it is essential to elevate and follow a circular economy. In place of fossil fuels, alternatives such as biomass, municipal waste streams, and industrial waste streams can provide a sustainable carbon supply (Yadav et al., 2020). It will not only benefit the environ - ment by lowering the waste disposal expenditure and wastes, but it will also help cut overall production expenses by using'
 'viable option for achieving long-term growth in the plastics industry. Additionally, biobased plastic provides a viable alternative to petrochemical plastics 105DOI: 10.1201/9781003304142-4 106 Biodegradable Polymers, Blends and Biocomposites by diverting a huge volume of plastic waste management systems and plastics that are hard to recycle (Steven et al., 2020). Biodegradable plastics might serve as a solu- tion for overloaded landfills and also help in recycling non -renewable materials and protecting the environment (Sintim et al., 2019; Boisvert et al., 2016). Biodegradation of bioplastic occurs in the presence of sufficient oxygen, humidity and microorgan - isms, which can be obtained from manure or land soils. The CO 2 emissions from the decomposition of bioplastic are relatively low, enhancing the need to use biodegrad- able plastic regularly. Bioplastics are decomposed within 20–45 days (Ecosystem, 2011). The end product of bioplastic decomposition is carbon dioxide and water, but the average life span of petrochemical plastic lasts for about 100–1000 years (Wang et al., 2016; Ghimire et al., 2020; Scaffaro et al., 2016). Producing bioplastics is the first crucial step in ensuring that consumers'
 'The rate of biodegradation is influ - enced by pH and atmospheric temperature because the surface cracking of bioplastic is induced by temperature and pH fluctuations that enhance the degradation process. Incineration, biological treatment – anaerobic digestion and composting, landfill and recycling are the most commonly used methods for disposing of large amounts of plastic waste. Nowadays, industrial composting is the primary function of bioplastic management and end- of-life. During composting, bioplastics are collected in differ - ent schemes, segregated and finally sent to industrial composting plants (Narancic & O’Connor, 2019). 4.3 BIODEGRADABLE PLASTIC AND ITS SUSTAINABILITY The term sustainable was originally used to refer to natural resources, but it is now used to describe a set of processes that provide resources to be consumed and con - served at a set rate. Then, the same term was applied to agriculture, suggesting a shift in their pattern. One of the sustainability economic model principles is that changes in consumer behaviour should be somewhat futuristic (Behm, 2011). At this point, it is clear that assessing people’s current plastic consumption without making']",,0.0
Why are biopolymers important for sustainability?,D,"['of biopolymers. This chapter explores how the principled restriction of using only bio-sourced mono- mers not only complicates the technical requirements for synthesis technologies but also presents an opportunity to develop manufacturing technology based on the val - ues of green chemistry and circular economy (Aaliya et al., 2021; Sadasivuni et al., 2020; Devadas et al., 2021). Biopolymers can be derived from renewable resources such as biomass, agri - cultural waste, or microorganisms. Unlike fossil -based plastics, which rely on non-renewable fossil fuel reserves, biopolymers offer a sustainable alternative by uti- lizing resources that can be replenished within a reasonable time frame. This renew- able characteristic reduces the carbon footprint associated with their production and use, contributing to the mitigation of climate change. Furthermore, biopolymers exhibit biodegradability due to their elemental composition of primarily carbon, hydrogen, and oxygen, where higher oxygen content relative to conventional plastics increases the bioavailability of biopolymers to microorganisms that can metabolize them (Sarkar et al., 2020; Stoica et al., 2022; Andreeßen and Steinbüchel, 2019). This also makes bio-sourcing of biopolymer monomers from organic matter advantageous'
 '(Ezeoha & Ezenwanne, 2013; Jenkins et al., 1996). They are a renewable resource, unlike most of the polymers which are petroleum -based polymers. The biopolymers are found to be biocompatible and biodegradable, making them useful in distinct appli - cations, such as edible films, emulsions, manufacturing, packaging materials in the food industry, and medical and pharmaceutical industries (Udayakumar et al., 2021). The benefit of biopolymers over petroleum -based polymers is mostly due to their cost effectiveness, biocompatible and biodegradable, thus purely eco -friend- liness, and user-friendly materials. In addition, biopolymers are abundant materials and have unique properties and structures. Biopolymers have a distinctive helical structure, stiffness, charge -free chains, and strong resistance to salt and cold; as a result, they thicken and stabilize better under harsh pool conditions (Das et al., 2022). Biopolymers are slowly becoming the industry standard for plastic packaging that is incorporated into society and encourages a healthy and sustainable lifestyle. According to Market studies, the biopolymers/biodegradable plastics market is esti - mated to reach $6.12 billion by 2023 (Baranwal et al., 2022). Biopolymers are being explored'
 'ecological integrity and social equity to meet basic human needs through viable economic development over time. Biobased polymers offer enormous potential for the sustainable development of plastic products because they favour life cycle assessments, can meet consumer demands, increase support of materials supplements, offers optimized land use, improve energy efficiency and minimize environmental pollution (Kaplan, 1998; Endres & Siebert-Raths, 2011). Biopolymers are defined by two main criteria: the source of the raw materials and the biodegradability of the material. These two criteria lead to the classification of biopolymers into three groups: (1) biopolymers made from renewable resources (biobased) and are biodegradable, (2) biopolymers made from renewable resources (biobased) but are not biodegradable, and finally, (3) biopolymers made from fossil fuels and being biodegradable (Al Hosni et al., 2019; Mohanty et al., 2022; Thakur et al., 2018). Therefore, biopolymers can be defined as polymers derived from renew- able and non -renewable biodegradable polymers. Consequently, biopolymers are organised into three groups. The first group of biopolymers entails naturally derived biomass polymers, where there is the direct use of biomass as a polymeric'
 'they do not pose a threat to the environment even if they are not disposed of properly. Additionally, biopolymers can be designed to have specific properties, such as being com - postable, which makes them suitable for specific applications where conventional plastics are not a viable option (Cadenazzi et al., 2019; Favi et al., 2022; Lizin et al., 2013). End of life analysis is also an important consideration when assessing the value proposition of biopolymers (Amato et al., 2017; Chen et al., 2019; Funazaki et al., 2003; Senan-Salinas et al., 2019). Petro-based plastics can persist in the environment for hundreds of years, which poses a significant threat to wildlife and ecosystems (Dormer et al., 2013; Sangale et al., 2012). In contrast, biopolymers are biodegrad- able and can be broken down by natural means, which means that they do not pose a long-term threat to the environment. Additionally, biopolymers can be composted, which provides an environmentally friendly means of disposal (Chen et al., 2019; Ciriminna & Pagliaro, 2020). The use of biopolymers offers several advantages over petro -based plastics, especially in']",,0.0
What is a limitation of biodegradable polymers in applications?,C,"['Implementation of biodegradable plastics is hampered by the lack of mechanical strength and ductility of many biodegradable polymers, as well as the high costs and complicated synthesis processes required to produce many biodegradable polymers. 1.3 BIOPOLYMER SYNTHESIS AND APPLICATIONS Biodegradable polymers from renewable sources are used in various fields, including biomedical applications, food packaging and agricultural films (Song et al., 2018, Auras et al., 2004). Since the 1990s, more emphasis has been placed on developing biodegradable polymers for all purposes and engineering applications, rather than simply focusing on biodegradability (Nakajima et al., 2017). The application of biodegradable polymers is often hampered by restrictive pro - cessing conditions, and once processed, the materials often exhibit poor mechanical as well as thermal and electrical properties (La Mantia & Morreale, 2011). The high cost of biodegradable polymer production is of course a very important factor and one of the key reasons why conventional plastics are still preferred. Composites must be used where characteristics of individual biodegradable poly- mers alone simply cannot meet the demands required of the final product. Fillers can also be'
 'to mitigate the disposal issue. As an example, products made from biopolymers can be designed to biodegrade in the farm environ- ment, thus reducing environmental contamination caused by plastics, the labour cost required for waste collection and the need for landfills (Udayakumar et al., 2021). The biodegradable nature of biopolymers also makes them suitable for applica- tions in the medical industry, such as single-use medical devices. These products can be disposed of in an industrial composting facility, where they will biodegrade and not contribute to environmental contamination nor take up space in the environment FIGURE 13.3 Life cycle assessment process for nanobiopolymers. 278 Biodegradable Polymers, Blends and Biocomposites for lengthy periods with landfilling. The same can be said for direct food contact packaging articles where the value proposition of recycling diminishes with the necessity of excessive washing and drying while the properties of the material inher- ently diminish (Baranwal et al., 2022; Rebelo et al., 2017). It is worth noting that optimising the suitability of biopolymers for specific applications will depend on a range of factors, including the design of'
 'the properties of the material inher- ently diminish (Baranwal et al., 2022; Rebelo et al., 2017). It is worth noting that optimising the suitability of biopolymers for specific applications will depend on a range of factors, including the design of the product, the processing conditions, and the properties of the material. However, the overall trend towards increasing the use of biopolymers in applications where conventional materials are problematic and unrecyclable is clear. Application suitability is a crucial parameter when evaluating the sustainability and environmental impact of biopolymers. Biopolymers have several applications, including food packaging, medical devices, and agricultural products, where recyclability is inherently chal - lenging. Their biodegradable nature makes them highly suitable, reducing envi - ronmental contamination and the need for landfills. This, in turn, increases their overall positive impact on sustainability (Niaounakis, 2015; Rebelo et al., 2017) (Figure 13.4). However, conventional plastics still have the advantage over biopolymers in appli- cations that require long service life due to their longevity. Additionally, recycling conventional plastics makes sense in applications where the product can be easily col- lected and separated'
 'and sustainability. Their performance is, however, still lackluster for some high- end applications. This limits their proliferation and prospects for replacing conventional plastics. The molecular weight of biopolymers is inversely correlated to biodegrad- ability and biodegradation rate. This while being directly proportional to material performance due to higher lower free volume (mechanical; high- strength structural applications, thermal; dimensional stability and retention of properties at above ambient service temperature application, barrier; food packaging films with suffi - cient protection against the ingress of oxygen from the atmosphere, chemical resis- tance); provide packaging for hazardous substances where recycling at end- of-life is not viable. 177Biobased Polyesters from Biobased Monomers REFERENCES Aaliya, B., Sunooj, K. V ., & Lackner, M. (2021). Biopolymer composites: A review. International Journal of Biobased Plastics, 3(1), 40–84. Akhtar, J., Idris, A., & Abd. Aziz, R. (2014). Recent advances in production of succinic acid from lignocellulosic biomass. Applied Microbiology and Biotechnology, 98, 987–1000. Andreeßen, C., & Steinbüchel, A. (2019). Recent developments in non-biodegradable biopoly- mers: Precursors, production processes, and future perspectives. Applied Microbiology and Biotechnology, 103, 143–157. Balla, E.,']",,0.8793856359808027
Which approach improves biodegradable polymer properties?,D,"['polymer matrix systems such as PGA and poly(lactic acid) PLA or their copolymers generally proceeds in a homogeneous manner with 1287BIODEGRADABLE POLYMERS a progressive loosening or swelling of the matrix. 124 This changes the properties and release rate of the device. It is more desirable to have a matrix that can erode heterogeneously, e.g. by surface erosion, so that a near-zero-order release rate might be obtained if the diffusion release is small. 125 A hydrophobic polymer, yet one degradable by hydrolysis, is ideal for this purpose. Polyanhydrides show promising properties. Poly(amide-enamine)s have also been designed and synthesized for this purpose and have been found to be susceptible to hydrolysis and biodegradation, both by fungi and enzymes. 126 4. POLYMERS WITH CARBON BACKBONES Vinyl polymers, with few exceptions, are generally not susceptible to hydrolysis. Their biodegradation, if it occurs at all, requires an oxidation process, and most of the biodegrad- able vinyl polymers contain an easily oxidisable functional group. Approaches to improve the biodegradability of vinyl polymers often include the addition of catalysts to promote their oxidation or photooxidation, or both.'
 '(a–d) (Balla et al., 2021). 173Biobased Polyesters from Biobased Monomers 7.3 BIOPOLYMER SYNTHESIS AND PROPERTIES Melt polycondensation as well as ROP techniques are two of the major synthesis technologies for biodegradable polyesters. Catalysts are used during polymeriza- tion, and together, process conditions determine the quality and properties of the polymeric output. Another factor during polymerization is the competing reverse reaction of hydrolysis, which decomposes the polymer chains, limiting the achiev - able molecular. This may be overcome by succeeding steps of solid- state polycon- densation and chain extension. Other methods for achieving higher molecular weight include azeotropic dehydrative condensation, direct condensation polymerization, and/or anhydride polymerization, where lack of water condensate limits the reverse reaction of depolymerization. It is generally desirable to optimize for higher molecu- lar weight using the above protocols as this positively correlates with the properties of the resulting polymer including mechanical, barrier, and thermal properties. There is, however, an upper limit above which molecular weight may inhibit the biodeg - radation rate to a point below set standard requirements (Bayu et al., 2018; Akhtar et al., 2014;'
 'reaction. Esterases produced by microorgan- isms will convert poly(vinyl acetate) to poly(vinyl alcohol). Poly(vinyl alcohol) can then undergo further microbial attack to cleave the polymer chain, 288,289 thus yielding fragments to further degradation in the environment because of their low molecular weights. Bailey et al . 290 and Feterpeker et al .291 enhanced the biodegradation of synthetic polymers by a similar approach in which degradable polyester segments were introduced into polymer chains via ring-opening polymerization of cyclic keten acetal comonomers. 1317BIODEGRADABLE POLYMERS An alternative approach is to bring about some compatibility of the starch and synthetic polymer by blending starch with polymers containing polar functional groups that can inter- act with starch. In recent years, several patents have been granted 292±294 and the Novon divison of the pharmaceutical giant Willett 294 used starch, copolymers of an ole®n, and optionally, a poly(mono)ole®n or poly(mixed)ole®n to make blends that were injection moulded or ®lm blown into commercial articles. An increase in the starch percentage adversely affected the physical properties of the blends. Yet another economical and commercially viable approach is to form'
 'on the polymer environment and desired application. The combination FIGURE 2.7 Diagrammatic representation of the chemistry of biodegradation (Luckachan and Pillai, 2011). 50 Biodegradable Polymers, Blends and Biocomposites of different environmental factors such as sunlight, heat, oxygen, humidity, and microorganisms have synergistic effects on the degradation rate of starch- filled low-density polyethylene (LDPE). Natural polymers are susceptible to microbial attack, and they are often derived from agricultural products (such as starch, proteins, cellulose, and plant oils). They are the major resources for the development of many renewable and biodegradable polymers for industrial applications due to increased environmental concerns and diminished petrochemical resources (Le Corre, Bras, and Dufresne, 2010) (Table 2.3). Many of the biodegradation studies of biobased polymers have focused on the microbial enzymes and molecular size level, which is related to different molecular weights, copolymer content, thickness, size particles, etc., and identifying the influ - ence on the degradation and biodegradation behaviours under natural environmental conditions. Biodegradation studies of biobased polyesters such as PLA, PHA, TPS, PBAT, PBS(A), and PCL under controlled composting conditions in accordance with ISO and']",,0.0
Why is PLA widely used in biomedical applications?,E,"['Alexandre & Dubois, 2000, Ahmed & Varshney, 2011, Baiardo et al., 2003, Arakawa et al., 2006, Castro -Aguirre et al., 2016). PLA is widely used in biomedical applications due to its biocompatibility and the ability to be reab - sorbed safely by the body. Due to the versatility of PLA and other biodegradable polymer compounds, they are rapidly replacing the use of other materials such as ceramics, metals and alloys in this field (Song et al., 2018). The use of PLA in various biomedical applications has been studied, including for use in drug delivery (Baimark & Srisa-Ard, 2012, Maji et al., 2015) and implants and scaffolds (Amnael Orozco-Díaz et al., 2020, Chen et al., 2006, Leiggener et al., 2006, Llorens et al., 2015, Nazhat et al., 2001). Commercially available products based on biodegradable polymer technology are mainly made from PLA produced by companies such as Conmed, DePuy, Arthrex, Linvatec and Innovasive Devices (Song et al., 2018), with product offerings largely confined to soft tissue engineering (resorbable sutures) and bioresorbable implants. Several reviews on the use of PLA in biomedical applica-'
 'produced by companies such as Conmed, DePuy, Arthrex, Linvatec and Innovasive Devices (Song et al., 2018), with product offerings largely confined to soft tissue engineering (resorbable sutures) and bioresorbable implants. Several reviews on the use of PLA in biomedical applica- tions have been published to provide further insight into the topic (Tyler et al., 2016, DeStefano et al., 2020). PLA is produced via the ring -opening polymerization of lactides or via polycon - densation of lactic acid (Martinez Villadiego et al., 2022, Jacobsen et al., 2000). Lactic acid in turn is produced via fermentation of carbohydrates by lactobacillus bacteria. When the carbohydrates required for bacterial fermentation are obtained from agricultural waste, the PLA can be produced in a fully renewable cycle. PLA can be processed via conventional processing technologies (Castro -Aguirre et al., 2016), as well as other technologies such as melt spinning (Panichsombat et al., 2019), electrospinning (Llorens et al., 2015), 3D printing (Amnael Orozco -Díaz et al., 2020) and foaming (Mihai et al., 2010). As mentioned, PLA exhibits good mechanical properties, depending on the degree of crystallinity of'
 'many applications. Nevertheless, the high production cost, TABLE 9.1 Applications of Biopolymers Application Field Examples Composting Food package Wrapping plastic, containers, bottles, retail bags, forks, cups Cutlery and disposable plates Toiletry Diapers, feminine hygiene products Daily necessity Refuge bags, cups Food storing containers like margarine containers, milk bottles, refuse bags Industrial applications Agriculture, forestry Mulch films, Delivery systems for Fertilizers and pesticides Vegetation nets Fisheries Fishing lines, fishing gear Fish hooks, and nets 212 Biodegradable Polymers, Blends and Biocomposites as well as moderate thermomechanical properties, are challenges that hinder the complete application of PBAT. PLA is another type of biopolymer that is extremely flexible, and it has found application in different sectors which include biomedical applications where it is used to produce scaffolds, bone fixing material, sutures, and PLA drugs encapsulation with the controlled release mechanism. The extensive use of PLA is due to thermal and mechanical properties comparable to poly(ethylene terephthalate) (PET), with the addition of biodegradation coupled with biocompat - ibility advantage. Despite these PLA benefits, the absolute application of PLA is restrained due to its inherent shortcomings,'
 'biodegradable polymers, PLA is arguably the most attractive alterna- tive to conventional petroleum -based materials. PLA has comparable mechanical and physical properties to those of thermoplastics, particularly PP, high- density 4 Biodegradable Polymers, Blends and Biocomposites polyethylene (HDPE), PET and polystyrene (PS) (Almeida, 2011, Auras et al., 2005), as well as being biocompatible and biodegradable (Ljungberg & Wesslen, 2003). This appeal is evident in the large amount of commercially available PLA products. One of the most well-known commercial PLA suppliers is Nature Works, supplying PLA under the trademark Ingeo (Nakajima et al., 2017). Other commercial suppli - ers include Unitika (Terramac ®), Corbion/Total Energies (Luminy®), Zhejiang Hisun Biomaterials (Revode) and Futerro (Renew™). PLA can be used in different applications, such as the automotive and pack - aging industries, and in agricultural and biomedical applications, amongst others (Auras et al., 2004, Alexandre & Dubois, 2000, Ahmed & Varshney, 2011, Baiardo et al., 2003, Arakawa et al., 2006, Castro -Aguirre et al., 2016). PLA is widely used in biomedical applications due to its biocompatibility and the ability to be reab - sorbed']",,0.0
What limits PLA in engineering applications?,C,"['as melt spinning (Panichsombat et al., 2019), electrospinning (Llorens et al., 2015), 3D printing (Amnael Orozco -Díaz et al., 2020) and foaming (Mihai et al., 2010). As mentioned, PLA exhibits good mechanical properties, depending on the degree of crystallinity of the polymer, the molecular weight and the stereochemical configuration of the backbone of PLA (Perego et al., 1996). PLA is, however, not highly compostable and degradation residues affect the quality of soil by increas- ing the acidity of the soil (Barnes et al., 2009). Its brittleness and low toughness limit its application in areas where flexible load- bearing is required (Hamad et al., 2018). PLA also has greater permeability as compared to other commercial poly - mers such as PP and PE, PET and PS (Petersen et al., 2001, Auras et al., 2003). Such poor barrier properties may hinder the adoption of PLA in the packaging industry, especially in applications where the sensitivity of the contents to mois- ture or oxygen is crucial. Its thermal stability is relatively low, which makes PLA unsuitable for use in high- temperature applications (Auras'
 'PLA is due to thermal and mechanical properties comparable to poly(ethylene terephthalate) (PET), with the addition of biodegradation coupled with biocompat - ibility advantage. Despite these PLA benefits, the absolute application of PLA is restrained due to its inherent shortcomings, such as low crystallinity and ductility, as well as moderate barrier and mechanical performance. These are the types of chal - lenges faced by biopolymers. An immense effort has been made to enhance the ther- momechanical and mechanical properties while also investigating different pathways for reducing the production cost of biopolymers to improve the commercial potential of biopolymers. Biocomposite and biopolymer blends are the research advances that are enthralled with mitigating the limitations of biopolymers (Husárová et al., 2014; Baghaei et al., 2013; Schyns & Shaver, 2021; Zhang & Thomas, 2011). 800800 700700 600 500 in 1,000 tonnes 400 300 200 100 25 40 80 124.5 141.5 161 166 237 476 663 0 Biobased/non-biodegradable PETPET Biodegradable PBATPBAT PBSPBS PLAPLA PHAPHA Starch blendsStarch blends othersothers PEPE PAPA PPPP PTTPTT othersothers Electrics & electronicsBuilding & construction Coatings & adhesivesAutomotive & transportAgriculture &'
 'produced by companies such as Conmed, DePuy, Arthrex, Linvatec and Innovasive Devices (Song et al., 2018), with product offerings largely confined to soft tissue engineering (resorbable sutures) and bioresorbable implants. Several reviews on the use of PLA in biomedical applica- tions have been published to provide further insight into the topic (Tyler et al., 2016, DeStefano et al., 2020). PLA is produced via the ring -opening polymerization of lactides or via polycon - densation of lactic acid (Martinez Villadiego et al., 2022, Jacobsen et al., 2000). Lactic acid in turn is produced via fermentation of carbohydrates by lactobacillus bacteria. When the carbohydrates required for bacterial fermentation are obtained from agricultural waste, the PLA can be produced in a fully renewable cycle. PLA can be processed via conventional processing technologies (Castro -Aguirre et al., 2016), as well as other technologies such as melt spinning (Panichsombat et al., 2019), electrospinning (Llorens et al., 2015), 3D printing (Amnael Orozco -Díaz et al., 2020) and foaming (Mihai et al., 2010). As mentioned, PLA exhibits good mechanical properties, depending on the degree of crystallinity of'
 'Alexandre & Dubois, 2000, Ahmed & Varshney, 2011, Baiardo et al., 2003, Arakawa et al., 2006, Castro -Aguirre et al., 2016). PLA is widely used in biomedical applications due to its biocompatibility and the ability to be reab - sorbed safely by the body. Due to the versatility of PLA and other biodegradable polymer compounds, they are rapidly replacing the use of other materials such as ceramics, metals and alloys in this field (Song et al., 2018). The use of PLA in various biomedical applications has been studied, including for use in drug delivery (Baimark & Srisa-Ard, 2012, Maji et al., 2015) and implants and scaffolds (Amnael Orozco-Díaz et al., 2020, Chen et al., 2006, Leiggener et al., 2006, Llorens et al., 2015, Nazhat et al., 2001). Commercially available products based on biodegradable polymer technology are mainly made from PLA produced by companies such as Conmed, DePuy, Arthrex, Linvatec and Innovasive Devices (Song et al., 2018), with product offerings largely confined to soft tissue engineering (resorbable sutures) and bioresorbable implants. Several reviews on the use of PLA in biomedical applica-']",,0.8001998059648313
Why is zirconia considered a strong alternative to titanium implants?,C,"['1993), have driven the search for alternatives. Zirconia has emerged as a promising alternative, offering excellent osseointegration (Scarano et al. 2003; Kohal et al. 2004), superior biocom - patibility (Steinemann et al. 1998), and aesthetic advan - tages due to its tooth-like color (Jackson et al. 1999). Additionally, zirconia is radiopaque and resists bacterial colonization more effectively than titanium (Ahmad et al. 1998; Pekkan et al. 2011; Rimodini et al. 2002; Gahlert et al. 2018). Unlike titanium, zirconia does not produce corrosion byproducts at the implant site (Sterner et al. 2004). These exceptional properties underscore zirconia’s potential as an outstanding material for dental implants. Its dense oxide layer provides long-term corrosion resist - ance, even in highly acidic environments (Qi et al. 2022). In addition, zirconia’s excellent wear resistance and mini- mal metal ion release help to mitigate the risks of inflam - mation and toxicity. This review emphasizes that while zirconia offers superior corrosion resistance—especially against pitting and crevice corrosion (Muller-Heupt et al. 2022)—its clinical limitations lie in brittleness, lower elastic modulus, and suboptimal osseointegration. To overcome these drawbacks,'
 'over half of naturally occurring zirconium. Zr is typically found in nature in the form of zirconia (ZrO₂), primarily in the mineral baddeleyite. However, natural zirconia contains impurities, includ - ing radioactive and elemental elements, which must be removed through complex processes to obtain pure zirconia powder for biomedical use (Piconi et al. 1999; Deville et al. 2006; Kuboki et al. 1999). In dentistry, tita - nium and its alloys have traditionally been the materi - als of choice for implants due to their biocompatibility, mechanical strength, and clinical success (Depprich et al. 2008b, a; Steinemann et al. 1998; Heydecke et al. 1999). However, titanium’s drawbacks, including its unaesthetic grayish color (Tschernitschek et al. 2005) susceptibil - ity to galvanic reactions with saliva and fluoride (Sterner et al. 2004) and potential inflammatory effects caused by titanium particles (Akagawa et al. 1993), have driven the search for alternatives. Zirconia has emerged as a promising alternative, offering excellent osseointegration (Scarano et al. 2003; Kohal et al. 2004), superior biocom - patibility (Steinemann et al. 1998), and aesthetic advan - tages due to'
 'zirconia dental implants published from 1975 to 2009, finding that zirconia implants offer osseointegration comparable to titanium implants. They also noted that zirconia implants exhibit evenly distributed stress and similar surface roughness to titanium, both of which are important for implant stability and integration. Pieralli et al. (2018) evaluated the osseointegration of zirco - nia dental implants in animal studies using metrics like bone-to-implant contact (BIC), removal torque (RTQ), and push-in tests. The results showed no significant dif - ferences based on the bulk materials used, but high - lighted variability across animal models, emphasizing the need for careful model selection in future studies. Zirco - nia ceramics, especially 3Y-TZP , are gaining popularity in Page 13 of 25 Srinivasan et al. J Mater. Sci: Mater Eng. (2025) 20:76 dental implants due to their strength, chemical stability, and biocompatibility, offering a metal-free alternative to titanium. While zirconia addresses issues like hypersensi- tivity and aesthetics, its reliability is currently lower than titanium, with survival rates ranging from 74 to 98% over 12–56 months and a 4.1% fracture rate within the first'
 'a metal-free alternative to titanium. While zirconia addresses issues like hypersensi- tivity and aesthetics, its reliability is currently lower than titanium, with survival rates ranging from 74 to 98% over 12–56 months and a 4.1% fracture rate within the first year, often during torquing. Marginal bone loss averages 1.31 mm for single-tooth and 1.95 mm for three-unit prostheses after 1 year. Despite these challenges, zirconia abutments show good soft tissue integration and reduced bacterial colonization. The paper calls for improved manufacturing processes and more clinical data to boost zirconia implant reliability and adoption (Mohseni et al. 2023). Hoffmann et al. (2008) conducted a histologi - cal evaluation of bone apposition around zirconia den - tal implants (Z-system, Konstanz, Germany) at 2 and 4 Fig. 11 Panel A: Growth kinetics of BMSC cells, with data normalized to the OD readings of control samples on plastic (P). Curves represent growth on various surfaces as described in the legend: P , plastic; Ti, Grade 2 Ti; A, Zr97.5 Nb1.5 Ti1.0; B, Zr97.5 Nb1.5Mo1.0; C, Zr97.5 Nb1.5 W1.0; and D, Zr97.5 Nb1.5 Ta1.0. Data']",,0.8082358895063035
What property gives zirconia excellent corrosion resistance?,E,"['1993), have driven the search for alternatives. Zirconia has emerged as a promising alternative, offering excellent osseointegration (Scarano et al. 2003; Kohal et al. 2004), superior biocom - patibility (Steinemann et al. 1998), and aesthetic advan - tages due to its tooth-like color (Jackson et al. 1999). Additionally, zirconia is radiopaque and resists bacterial colonization more effectively than titanium (Ahmad et al. 1998; Pekkan et al. 2011; Rimodini et al. 2002; Gahlert et al. 2018). Unlike titanium, zirconia does not produce corrosion byproducts at the implant site (Sterner et al. 2004). These exceptional properties underscore zirconia’s potential as an outstanding material for dental implants. Its dense oxide layer provides long-term corrosion resist - ance, even in highly acidic environments (Qi et al. 2022). In addition, zirconia’s excellent wear resistance and mini- mal metal ion release help to mitigate the risks of inflam - mation and toxicity. This review emphasizes that while zirconia offers superior corrosion resistance—especially against pitting and crevice corrosion (Muller-Heupt et al. 2022)—its clinical limitations lie in brittleness, lower elastic modulus, and suboptimal osseointegration. To overcome these drawbacks,'
 'of inflam - mation and toxicity. This review emphasizes that while zirconia offers superior corrosion resistance—especially against pitting and crevice corrosion (Muller-Heupt et al. 2022)—its clinical limitations lie in brittleness, lower elastic modulus, and suboptimal osseointegration. To overcome these drawbacks, recent advances focus on material reinforcement (e.g., YSZ composites), surface modification (e.g., coatings, laser treatments, bioac - tive functionalization), and implant design innovations. These strategies aim to address zirconia’s mechanical and biological limitations, ensuring improved performance and broader applicability in dental implantology. Zirconia exists in three distinct crystalline forms Zirconia exists in three distinct phases: monoclinic (sta - ble at room temperature), tetragonal (stable above 1170 °C), and cubic (stable above 2370 °C) (Fig. 1). These phases vary in their coordination numbers, with the monoclinic phase being thermodynamically stable at lower temperatures due to the strong covalent Zr–O bonds. However, doping with oxides such as MgO, Y2O3, CaO, and Ce2O3 can stabilize the tetragonal or cubic phases even at room temperature, improving both the mechanical properties and phase stability of the mate - rial. The tetragonal phase, in particular, is'
 'and their ion release behavior in corrosive environments over time. Adapted from reference J. Pan et al. (1997) with permission Page 10 of 25Srinivasan et al. J Mater. Sci: Mater Eng. (2025) 20:76 cell attachment and differentiation. Electrochemical test - ing indicated robust corrosion resistance in acidic envi - ronments, with ZrO2 maintaining a stable passive layer. Although exposure to fluoride ions in acidulated AS solu- tions (0.2% and 2% NaF) slightly weakened the coatings by forming zirconium fluoride (ZrF4), ZrO2 still showed strong passive behavior. In contrast, bare 316L SS expe - rienced considerable corrosion due to fluoride-induced formation of soluble products. These findings position ZrO2 coatings as effective in improving both biocompat - ibility and corrosion resistance in harsh conditions (Fra - teur et al. 2000; Satendra Kumar et al. 2010; Alves et al. 2009; Huang et al. 2003). In addition, zirconium-based alloys and grade 2 titanium surfaces supported cell viabil- ity, though at lower rates than plastic. Osteogenic induc - tion resulted in reduced viability on all surfaces, but it did not significantly affect uniformity, suggesting that'
 'is crucial Shyti G et al. (2014). Though Prawoto et al. (2012) focused on stainless steel, the study offers transferable insights for zirconia’s behavior in biomedical environ - ments. Its use of sodium hydroxide parallels zirconia’s vulnerability to hydrothermal degradation under alka - line conditions. The mechanisms of crack initiation and stress-induced propagation discussed can inform strate - gies to manage similar issues in zirconia. Moreover, the emphasis on fracture morphology and stress redistri - bution aids in refining corrosion testing and durability assessments for zirconia-based implants. These insights are crucial as they help bridge knowledge from well-stud- ied metallic systems to ceramic-based biomaterials like zirconia, guiding the development of more accurate pre - dictive models and enhanced clinical performance. Long-term corrosion resistance: zirconia vs titanium implants Consider the famously tragic sinking of the Titanic, a ship primarily constructed from steel, an alloy of metal, which after decades at the bottom of the ocean, has mostly corroded and decayed into rust, dust, and rem - nants of marine life. Now, think of the ancient Greek and Roman amphorae-ceramic vessels originally']",,0.8608501478115181
Why is zirconia preferred in aesthetic dental implants?,C,"['1993), have driven the search for alternatives. Zirconia has emerged as a promising alternative, offering excellent osseointegration (Scarano et al. 2003; Kohal et al. 2004), superior biocom - patibility (Steinemann et al. 1998), and aesthetic advan - tages due to its tooth-like color (Jackson et al. 1999). Additionally, zirconia is radiopaque and resists bacterial colonization more effectively than titanium (Ahmad et al. 1998; Pekkan et al. 2011; Rimodini et al. 2002; Gahlert et al. 2018). Unlike titanium, zirconia does not produce corrosion byproducts at the implant site (Sterner et al. 2004). These exceptional properties underscore zirconia’s potential as an outstanding material for dental implants. Its dense oxide layer provides long-term corrosion resist - ance, even in highly acidic environments (Qi et al. 2022). In addition, zirconia’s excellent wear resistance and mini- mal metal ion release help to mitigate the risks of inflam - mation and toxicity. This review emphasizes that while zirconia offers superior corrosion resistance—especially against pitting and crevice corrosion (Muller-Heupt et al. 2022)—its clinical limitations lie in brittleness, lower elastic modulus, and suboptimal osseointegration. To overcome these drawbacks,'
 'zirconia dental implants published from 1975 to 2009, finding that zirconia implants offer osseointegration comparable to titanium implants. They also noted that zirconia implants exhibit evenly distributed stress and similar surface roughness to titanium, both of which are important for implant stability and integration. Pieralli et al. (2018) evaluated the osseointegration of zirco - nia dental implants in animal studies using metrics like bone-to-implant contact (BIC), removal torque (RTQ), and push-in tests. The results showed no significant dif - ferences based on the bulk materials used, but high - lighted variability across animal models, emphasizing the need for careful model selection in future studies. Zirco - nia ceramics, especially 3Y-TZP , are gaining popularity in Page 13 of 25 Srinivasan et al. J Mater. Sci: Mater Eng. (2025) 20:76 dental implants due to their strength, chemical stability, and biocompatibility, offering a metal-free alternative to titanium. While zirconia addresses issues like hypersensi- tivity and aesthetics, its reliability is currently lower than titanium, with survival rates ranging from 74 to 98% over 12–56 months and a 4.1% fracture rate within the first'
 'both bone and soft tissues. Surface treatments such as acid etch - ing, UV irradiation, and plasma treatments enhance their bioactivity and promote osteoblast attachment and osse - ointegration. One-piece zirconia implants reduce risks of bacterial colonization and peri-implantitis compared to two-piece designs, though their fabrication poses techni - cal challenges due to ceramic brittleness. While survival rates for zirconia implants (74–98% after 12–56 months) are promising, they remain slightly lower than titanium implants (97–100% over 3–10.4 years), with issues like early failure, fractures, and bone loss requiring further improvements (Oliva et al. 2010; Depprich et al. 2008b, a; Akagawa et al. 1998). The corrosion resistance of zirconia in medical implants is a critical factor influencing their performance and longevity. Zirconia, particularly in its stabilized forms, exhibits excellent corrosion resistance due to the formation of a protective oxide layer, which enhances its biocompatibility and suitability for various biomedical applications (Carinci et al. 2004). This over - view will delve into the corrosion behavior, advantages, and implications of zirconia in medical implants. Advancements in zirconia ceramics for orthopedic implants Early microscopic'
 '- cal applications. The comparison also identifies current limitations and ongoing research directions for zirconia implants (Table 2). The choice between zirconia and titanium implants depends on their distinct benefits and limitations. Tita - nium offers proven long-term reliability, while zirconia appeals to patients seeking superior aesthetics. A den - tist’s consultation is crucial to select the most appropriate option based on individual needs and clinical conditions GS Kaliaraj et al. (2016). Corrosion resistance of zirconia implants A study (Subramanian et al. 2015) assessed zirconia and zirconia-silica coatings on titanium dental implants to enhance corrosion resistance. Single-layer coat - ings, unlike double or triple layers with structural flaws, showed reduced surface roughness and improved corro - sion resistance (Fig. 6). Zirconia-silica layers provided superior protection and demonstrated stability in artificial saliva over 3 weeks. Biocompatibility tests confirmed osteoblast compatibil - ity, highlighting single zirconia-silica coatings as promis - ing for titanium implants (Table 3). Fig. 3 Histological sections of the specimens are shown with HE-stained samples (a–c) and SEM images (d–g). The panels represent the following: a and d depict']",,0.7120007757896518
What is a limitation of zirconia implants?,C,"['1993), have driven the search for alternatives. Zirconia has emerged as a promising alternative, offering excellent osseointegration (Scarano et al. 2003; Kohal et al. 2004), superior biocom - patibility (Steinemann et al. 1998), and aesthetic advan - tages due to its tooth-like color (Jackson et al. 1999). Additionally, zirconia is radiopaque and resists bacterial colonization more effectively than titanium (Ahmad et al. 1998; Pekkan et al. 2011; Rimodini et al. 2002; Gahlert et al. 2018). Unlike titanium, zirconia does not produce corrosion byproducts at the implant site (Sterner et al. 2004). These exceptional properties underscore zirconia’s potential as an outstanding material for dental implants. Its dense oxide layer provides long-term corrosion resist - ance, even in highly acidic environments (Qi et al. 2022). In addition, zirconia’s excellent wear resistance and mini- mal metal ion release help to mitigate the risks of inflam - mation and toxicity. This review emphasizes that while zirconia offers superior corrosion resistance—especially against pitting and crevice corrosion (Muller-Heupt et al. 2022)—its clinical limitations lie in brittleness, lower elastic modulus, and suboptimal osseointegration. To overcome these drawbacks,'
 'both bone and soft tissues. Surface treatments such as acid etch - ing, UV irradiation, and plasma treatments enhance their bioactivity and promote osteoblast attachment and osse - ointegration. One-piece zirconia implants reduce risks of bacterial colonization and peri-implantitis compared to two-piece designs, though their fabrication poses techni - cal challenges due to ceramic brittleness. While survival rates for zirconia implants (74–98% after 12–56 months) are promising, they remain slightly lower than titanium implants (97–100% over 3–10.4 years), with issues like early failure, fractures, and bone loss requiring further improvements (Oliva et al. 2010; Depprich et al. 2008b, a; Akagawa et al. 1998). The corrosion resistance of zirconia in medical implants is a critical factor influencing their performance and longevity. Zirconia, particularly in its stabilized forms, exhibits excellent corrosion resistance due to the formation of a protective oxide layer, which enhances its biocompatibility and suitability for various biomedical applications (Carinci et al. 2004). This over - view will delve into the corrosion behavior, advantages, and implications of zirconia in medical implants. Advancements in zirconia ceramics for orthopedic implants Early microscopic'
 '- cal applications. The comparison also identifies current limitations and ongoing research directions for zirconia implants (Table 2). The choice between zirconia and titanium implants depends on their distinct benefits and limitations. Tita - nium offers proven long-term reliability, while zirconia appeals to patients seeking superior aesthetics. A den - tist’s consultation is crucial to select the most appropriate option based on individual needs and clinical conditions GS Kaliaraj et al. (2016). Corrosion resistance of zirconia implants A study (Subramanian et al. 2015) assessed zirconia and zirconia-silica coatings on titanium dental implants to enhance corrosion resistance. Single-layer coat - ings, unlike double or triple layers with structural flaws, showed reduced surface roughness and improved corro - sion resistance (Fig. 6). Zirconia-silica layers provided superior protection and demonstrated stability in artificial saliva over 3 weeks. Biocompatibility tests confirmed osteoblast compatibil - ity, highlighting single zirconia-silica coatings as promis - ing for titanium implants (Table 3). Fig. 3 Histological sections of the specimens are shown with HE-stained samples (a–c) and SEM images (d–g). The panels represent the following: a and d depict'
 'of zirconia implants remained underexplored until recent advancements. Current efforts focus on optimiz - ing zirconia surfaces to enhance their integration with bone tissue while improving mechanical and biologi - cal performance. Stadlinger et al. (2010) compared the bone-implant contact (BIC) and peri-implant bone vol - ume density (rBVD) of one-piece zirconia and titanium implants in minipigs’ mandibles. Zirconia implants were tested in submerged and non-submerged conditions, while titanium implants were all submerged. The results showed the following: BIC, submerged zirconia = 53%, submerged titanium = 53%, non-submerged zirconia = 48%; rBVD, submerged zirconia = 80%, submerged titanium = 74%, non-submerged zirconia = 63%. Zirco - nia implants exhibited comparable or superior results, particularly in rBVD (Gomes et al. 2011). Att et al. (2009) investigated the effect of UV treatment on zirconia (Y-PSZ) implants, finding enhanced osteoblast attach - ment, proliferation, and mineralization. UV treatment made the zirconia surface hydrophilic and reduced sur - face carbon, improving bioactivity. Han et al. (2011) later studied alumina-sandblasted yttrium-stabilized tetrago - nal zirconia polycrystals (Y-TZP) and found increased osteoblast differentiation and proliferation when']",,0.0
Which technique improves zirconia osseointegration?,A,"['reduce this issue (Fig. 4) Strength Durable but less flexible, prone to micro- fractures High strength, flexibility, and superior fracture resistance Biocompatibility Lower inflammatory, prominent better in soft tissue engineering High biocompatibility but may induce a stronger inflammatory response Osseointegration Promising but lower bioactivity and inte- gration rates Well-established direct bone integration with high success rates (Fig.5) (Andreiotelli et al. 2009a, b) Surface modifications Various bioactive and therapeutic treat- ments to improve osseointegration Already optimized for osseointegration, minimal modifications needed (Depprich et al. 2008b, a; Dlugon et al. 2017) Clinical applications Still under investigation; ongoing research needed Long history of clinical success and reli- ability (Andreiotelli et al. 2009a, b; Ito et al. 1995) Ease of placement Single-piece design is harder to place; newer two-piece models offer flexibility but need more testing Easier to place, even in complex cases; well-established procedure (Dlugon et al. 2017) Fig. 4 Comparison of the visual appeal between titanium and zirconia abutments in dental implants, adapted from reference Oliva et al. (2010) with permission Fig. 5 Osseointegration versus bio-integration, adapted from reference Andreiotelli et al.'
 'Chappuis V, Buser D (2017) Osseointegration of titanium, tita- nium alloy and zirconia dental implants: current knowledge and open questions. Periodontol 73:22–40 Buser D, Nydegger T, Hirt HP , Cochran DL, Nolte LP (1998) Removal torque values of titanium implants in the maxilla of miniature pigs. Int J Oral & Maxillofacial Implants 13:611–619 Carinci F, Pezzetti F, Volinia S et al (2004) Zirconium oxide: analysis of MG63 osteoblast-like cell response by means of a microarray technology. Biomaterials 25(2):215–228 Chen QZ, Boccaccini AR, Zhang HB, Wang DZ, Edirisinghe MJ (2006) Improved mechanical reliability of bone tissue engineering (zirconia) scaffolds by electrospraying. J Am Ceram Soc 89:1534 Cheung GC, Botelho MG, Matinlinna JP (2014) Effect of surface treatments of zirconia ceramics on the bond strength to resin cement. J Adhes Dent 16(1):49–56 Chevalier J, Cales B, Drouin JM (1999) Low-temperature aging of Y-TZP ceram- ics. J Am Ceram Soc 82:2150–2154 Cho Y, J H, Ryoo H, Kim D, Park J, Han J, (2015) Osteogenic responses to zirconia with hydroxyapatite coating by aerosol deposition. J Dent Res 94(3):491–499 Cionca N, Hashim D, Mombelli'
 'concerns. Andreiotelli et al. (2009a, b) have led to a search for alternative materials. Aluminum oxide was the first ceramic implant material, showing osseointegration but lacking in fracture tough - ness. This led to long-term survival rates of 65–92%. Despite its failure, it paved the way for the development of metal-free materials like zirconia, which has been used in dental implants since 1995 (Cionca et al. 2017). Zirconia is favored for its excellent mechanical proper - ties, biocompatibility, and aesthetic appearance, though its fracture toughness requires further improvement (Glauser et al. 2004). Surface modifications, includ - ing morphology, chemical composition, and roughness, play a crucial role in enhancing tissue integration (Ko et al. 2007; R Teimouri et al. (2023). Such modifications have been widely used in titanium implants and are now being explored for zirconia implants to improve biologi - cal performance and osseointegration studied in detail by Turon-Vinas et al. (2018), Deligianni et al. (2001), Boss - hardt et al. (2017), and Han et al. (2020). Various surface modification methods for zirconia, including physical treatments, chemical treatments, and coatings,'
 'performance. To improve osseointegration, surface treatments such as laser texturing, biofunctionalization, and acid etching are employed, optimizing surface chemistry and topogra- phy. Overall, zirconia’s robust properties and adaptability through surface engineering make it a premier choice for next-generation orthopedic implants. Acknowledgements The corresponding author, Dr. M. Surendiran, gratefully acknowledges Vinayaka Mission’s Research Foundation for providing the essential facilities and support that enabled the successful completion of this work. Authors’ contributions Gopi Srinivasan: conceptualization, investigation, writing—original draft. Anushiya Manickam: investigation and methodology, software. Sivasakthi Sivakumar: data curation and methodology. Jeevadharani Murugan: data curation, resources. Shinyjoy Elangomannan: investigation, formal analysis. M. Surendiran: supervision, project administration. Funding This paper is not financially supported by any organizations and institutions. Data availability Data will be made available on request. Declarations Ethics approval and consent to participate Not applicable. Competing interests The authors declare no competing interests. Received: 3 March 2025 Accepted: 13 May 2025 References Aboushelib MN, Shawky R (2017) Osteogenesis ability of CAD/CAM porous zirconia scaffolds enriched with nano-hydroxyapatite particles. Int J Implant Dent 3(1):21 Ahmad I (1998) Yttrium-partially stabilized zirconium dioxide posts: an']",0.0,0.0
Why are surface treatments applied to zirconia implants?,C,"['materi - als themselves. The authors concluded that surface- modified zirconia implants could be a viable alternative to titanium implants, though additional clinical studies are needed for further confirmation. Buser et al. (1998) compared the removal torque values (RTVs) of titanium screw-type implants with different surface treatments in miniature pigs’ maxillae. Implants with a sandblasted and acid-etched surface (SLA) exhibited significantly higher RTVs than those with a machined and acid-etched sur - face (Osseotite), indicating stronger bonding at the bone- implant interface for the SLA surface. In a study, Taniguchi et al. (2016) explored how fiber laser-induced grooves on zirconia implants influenced osteoblast behavior and bone formation. Their findings showed enhanced osteoblast proliferation and differen - tiation on roughened zirconia surfaces, with increased alkaline phosphatase activity and osteocalcin expres - sion. In vivo tests on rat tibiae demonstrated improved bone-to-implant contact and removal torque for laser- treated zirconia implants, indicating better osseointegra - tion. Aivazi et al. (2018) examined the effects of surface treatments on the viability of L929 fibroblast cells cul - tured on zirconia nanocomposites. Various treatments, such'
 'a BIC ratio of 0.95 for titanium surfaces and 1.47 for zirconia, indicating signifi- cantly better bone healing on zirconia surfaces compared to titanium. Kohal et al. (2004) compared the soft and hard tissue responses of sandblasted zirconia implants (re-implant) with sandblasted and acid-etched (SLA) tita- nium implants. After 9 months of healing and 5 months of loading, the mineralized BIC was 72.9% for titanium implants and 67.4% for zirconia implants. Schünemann et al. (2019) provide a comprehensive review on zirconia surface modifications aimed at enhancing its applica - tion in implant dentistry. Zirconia, due to its excellent biocompatibility, mechanical strength, and aesthetic appeal, is considered a strong candidate for dental Zim - plants. However, its bioinert nature necessitates surface modification to improve osseointegration. The authors discuss various techniques such as sandblasting, acid etching, laser treatment, and bioactive coatings, which can enhance surface roughness, chemical properties, and cellular responses. These modifications are shown to promote better cell adhesion, proliferation, and bone- implant integration, thus improving the overall clinical performance of zirconia implants. A separate study comparing BIC between zirconia and'
 'exhibit limited biological stimulation. Thus, bioactive and multifunctional coating strategies represent the most clinically viable pathway for optimizing zirconia implant integration. Mechanical strength Minamizato et al. (1990) investigated the compressive strength of zirconia dental implants with laser-drilled tunnels and found that the implants with tunnels exhib - ited a reduced compressive strength of 237 kg/mm 2, compared to 371.5 kg/mm 2 for those without tunnels. They concluded that zirconia implants, despite the lower Fig. 16 Schematics and SEM images of various zirconia surface treatments, including machined surfaces (Gahlert et al. 2007), acid-etched surfaces (Flamant et al. 2016), multi-layered coatings (M.S. Laranjeira et al. 2014; G Feng et al. 2021; M. Liu et al. 2015), ZLA-treated surfaces (M. Liu et al. 2015), and grit-blasted surfaces (Liu YT et al. 2013a) Page 20 of 25Srinivasan et al. J Mater. Sci: Mater Eng. (2025) 20:76 strength, retained sufficient mechanical properties for occlusal use. Silva et al. (2009) explored the effect of full crown preparation on the fracture strength of one-piece zirconia implants, reporting fracture strengths of 1023.3 N without preparation and 1111.7 N'
 'begolovi have demonstrated high corrosion resistance in acidic environments through adsorption and protective film formation (Selma Lamghafri et al. 2024). Although zir - conia inherently resists corrosion, it lacks these organic interaction mechanisms; thus, integrating plant-based bioactives can introduce antimicrobial functionality and improved bioactivity, aligning with green chemistry and enhancing the clinical longevity of zirconia implants. Among the various surface treatments explored (Fig. 16), biofunctional coatings—notably hydroxyapatite, polydopamine-mediated mineralization, and phytochem- ical-based layers—demonstrate superior performance for zirconia dental implants. These modifications pro - mote osteointegration and antimicrobial efficacy while preserving the material’s phase and mechanical stability. Advanced nanostructured coatings like graphene further contribute to enhanced cellular responses and durabil - ity. In contrast, conventional methods such as sandblast - ing and acid etching, though effective in roughening, risk tetragonal-to-monoclinic phase transformation. Ultra - violet and machined surfaces, while structurally safe, exhibit limited biological stimulation. Thus, bioactive and multifunctional coating strategies represent the most clinically viable pathway for optimizing zirconia implant integration. Mechanical strength Minamizato et al. (1990) investigated the compressive strength of zirconia dental implants with laser-drilled tunnels and found']",,0.0
Which property reduces bacterial adhesion on zirconia?,D,"['multilayered hydroxyapatite (HA) precipitate forming a “cauliflower” pattern after 7 days in simulated body fluid (SBF) (Ewais et al. 2017; Schienle et al. 2016). Moreover, introducing elements such as nitrogen and carbon has been shown to improve both the biological and mechanical properties of zirconia. A study highlighted the superior hydrophilicity, bioactiv - ity, and antibacterial characteristics of nitrogen-doped hydrogenated amorphous carbon (a-C:H:N) layers on zir- conia. Schienle et al. demonstrated that 3Y-TZP coated with a-C:H:N had significantly reduced bacterial adhe - sion compared to uncoated zirconia surfaces (Garmen - dia et al. 2008). Additionally, functionalized multiwalled Fig. 15 Comparative analysis of bare and hydroxyapatite-coated zirconia implants. Adapted from reference Kim et al. (2021) with permission Page 17 of 25 Srinivasan et al. J Mater. Sci: Mater Eng. (2025) 20:76 carbon nanotube coatings on zirconia led to increased roughness, improved wettability, and greater cell adhe - sion, all contributing to enhanced osseointegration prop - erties (Kou et al. 2013). Graphene coating Li et al. (2014) developed graphene nanosheet (GNS)- reinforced zirconia coatings using plasma spraying. The incorporation of GNS improved'
 'that grit-blasted zirconia implants displayed similar osseointegration and peri- implant soft tissue dimensions as SLA-treated titanium implants. Xie et al. (2015) investigated the impact of three different acid treatments (hydrofluoric acid (HF), acetic acid, and citric acid) on zirconia at various con - centrations. They found that HF was the most effective in increasing surface roughness; however, a 40% HF treatment at room temperature notably diminished sur - face hardness and flexural strength. Their recommen - dation was to limit HF concentration to 5% to prevent damage to zirconia’s mechanical integrity. Fischer et al. (2016) observed a reduction in zirconia strength after 4 h of HF etching, suggesting that 1 h of etching yields optimal results, although it did not significantly enhance the morphological characteristics. Despite HF etching’s potential to improve osseointegration, further studies are needed to refine the etching conditions that preserve zirconia’s mechanical properties. Roehling et al. (2017) discovered less biofilm growth on grit-blasted and acid- etched zirconia surfaces (ZrO2-ZLA) compared to grit- blasted titanium surfaces (Ti-SLA). In another study by Flamant et al. (2016), zirconia disks were'
 'begolovi have demonstrated high corrosion resistance in acidic environments through adsorption and protective film formation (Selma Lamghafri et al. 2024). Although zir - conia inherently resists corrosion, it lacks these organic interaction mechanisms; thus, integrating plant-based bioactives can introduce antimicrobial functionality and improved bioactivity, aligning with green chemistry and enhancing the clinical longevity of zirconia implants. Among the various surface treatments explored (Fig. 16), biofunctional coatings—notably hydroxyapatite, polydopamine-mediated mineralization, and phytochem- ical-based layers—demonstrate superior performance for zirconia dental implants. These modifications pro - mote osteointegration and antimicrobial efficacy while preserving the material’s phase and mechanical stability. Advanced nanostructured coatings like graphene further contribute to enhanced cellular responses and durabil - ity. In contrast, conventional methods such as sandblast - ing and acid etching, though effective in roughening, risk tetragonal-to-monoclinic phase transformation. Ultra - violet and machined surfaces, while structurally safe, exhibit limited biological stimulation. Thus, bioactive and multifunctional coating strategies represent the most clinically viable pathway for optimizing zirconia implant integration. Mechanical strength Minamizato et al. (1990) investigated the compressive strength of zirconia dental implants with laser-drilled tunnels and found'
 'conditions that preserve zirconia’s mechanical properties. Roehling et al. (2017) discovered less biofilm growth on grit-blasted and acid- etched zirconia surfaces (ZrO2-ZLA) compared to grit- blasted titanium surfaces (Ti-SLA). In another study by Flamant et al. (2016), zirconia disks were treated with 5%, 20%, and 40% HF at varying times. The most uniform and rapid roughening occurred with 40% HF for 60 min, Page 18 of 25Srinivasan et al. J Mater. Sci: Mater Eng. (2025) 20:76 though no strength or fatigue tests were conducted. The etching process dissolved zirconium and yttrium oxide, creating fluoride and hydroxide complexes, with yttrium trifluoride crystals precipitating on the surface. Oh et al. (2017) and Flamant et al. (2016) examined different con - centrations and durations of HF etching on pure zirconia, porcelain, and bioactive glass-infiltrated zirconia. They found that neither etching time nor acid concentration had a significant effect on zirconia roughness, while bio - active glass-infiltrated zirconia exhibited a surface com - parable to grit-blasted and acid-etched titanium. Sandblasting Sandblasting is a technique used to create a rough sur - face on implants,']",,0.0
Why is zirconia radiopacity important?,D,"['1993), have driven the search for alternatives. Zirconia has emerged as a promising alternative, offering excellent osseointegration (Scarano et al. 2003; Kohal et al. 2004), superior biocom - patibility (Steinemann et al. 1998), and aesthetic advan - tages due to its tooth-like color (Jackson et al. 1999). Additionally, zirconia is radiopaque and resists bacterial colonization more effectively than titanium (Ahmad et al. 1998; Pekkan et al. 2011; Rimodini et al. 2002; Gahlert et al. 2018). Unlike titanium, zirconia does not produce corrosion byproducts at the implant site (Sterner et al. 2004). These exceptional properties underscore zirconia’s potential as an outstanding material for dental implants. Its dense oxide layer provides long-term corrosion resist - ance, even in highly acidic environments (Qi et al. 2022). In addition, zirconia’s excellent wear resistance and mini- mal metal ion release help to mitigate the risks of inflam - mation and toxicity. This review emphasizes that while zirconia offers superior corrosion resistance—especially against pitting and crevice corrosion (Muller-Heupt et al. 2022)—its clinical limitations lie in brittleness, lower elastic modulus, and suboptimal osseointegration. To overcome these drawbacks,'
 'over half of naturally occurring zirconium. Zr is typically found in nature in the form of zirconia (ZrO₂), primarily in the mineral baddeleyite. However, natural zirconia contains impurities, includ - ing radioactive and elemental elements, which must be removed through complex processes to obtain pure zirconia powder for biomedical use (Piconi et al. 1999; Deville et al. 2006; Kuboki et al. 1999). In dentistry, tita - nium and its alloys have traditionally been the materi - als of choice for implants due to their biocompatibility, mechanical strength, and clinical success (Depprich et al. 2008b, a; Steinemann et al. 1998; Heydecke et al. 1999). However, titanium’s drawbacks, including its unaesthetic grayish color (Tschernitschek et al. 2005) susceptibil - ity to galvanic reactions with saliva and fluoride (Sterner et al. 2004) and potential inflammatory effects caused by titanium particles (Akagawa et al. 1993), have driven the search for alternatives. Zirconia has emerged as a promising alternative, offering excellent osseointegration (Scarano et al. 2003; Kohal et al. 2004), superior biocom - patibility (Steinemann et al. 1998), and aesthetic advan - tages due to'
 'both bone and soft tissues. Surface treatments such as acid etch - ing, UV irradiation, and plasma treatments enhance their bioactivity and promote osteoblast attachment and osse - ointegration. One-piece zirconia implants reduce risks of bacterial colonization and peri-implantitis compared to two-piece designs, though their fabrication poses techni - cal challenges due to ceramic brittleness. While survival rates for zirconia implants (74–98% after 12–56 months) are promising, they remain slightly lower than titanium implants (97–100% over 3–10.4 years), with issues like early failure, fractures, and bone loss requiring further improvements (Oliva et al. 2010; Depprich et al. 2008b, a; Akagawa et al. 1998). The corrosion resistance of zirconia in medical implants is a critical factor influencing their performance and longevity. Zirconia, particularly in its stabilized forms, exhibits excellent corrosion resistance due to the formation of a protective oxide layer, which enhances its biocompatibility and suitability for various biomedical applications (Carinci et al. 2004). This over - view will delve into the corrosion behavior, advantages, and implications of zirconia in medical implants. Advancements in zirconia ceramics for orthopedic implants Early microscopic'
 'of zirconia implants remained underexplored until recent advancements. Current efforts focus on optimiz - ing zirconia surfaces to enhance their integration with bone tissue while improving mechanical and biologi - cal performance. Stadlinger et al. (2010) compared the bone-implant contact (BIC) and peri-implant bone vol - ume density (rBVD) of one-piece zirconia and titanium implants in minipigs’ mandibles. Zirconia implants were tested in submerged and non-submerged conditions, while titanium implants were all submerged. The results showed the following: BIC, submerged zirconia = 53%, submerged titanium = 53%, non-submerged zirconia = 48%; rBVD, submerged zirconia = 80%, submerged titanium = 74%, non-submerged zirconia = 63%. Zirco - nia implants exhibited comparable or superior results, particularly in rBVD (Gomes et al. 2011). Att et al. (2009) investigated the effect of UV treatment on zirconia (Y-PSZ) implants, finding enhanced osteoblast attach - ment, proliferation, and mineralization. UV treatment made the zirconia surface hydrophilic and reduced sur - face carbon, improving bioactivity. Han et al. (2011) later studied alumina-sandblasted yttrium-stabilized tetrago - nal zirconia polycrystals (Y-TZP) and found increased osteoblast differentiation and proliferation when']",,0.8235405325097034
Which factor limits zirconia compared to titanium?,D,"['1993), have driven the search for alternatives. Zirconia has emerged as a promising alternative, offering excellent osseointegration (Scarano et al. 2003; Kohal et al. 2004), superior biocom - patibility (Steinemann et al. 1998), and aesthetic advan - tages due to its tooth-like color (Jackson et al. 1999). Additionally, zirconia is radiopaque and resists bacterial colonization more effectively than titanium (Ahmad et al. 1998; Pekkan et al. 2011; Rimodini et al. 2002; Gahlert et al. 2018). Unlike titanium, zirconia does not produce corrosion byproducts at the implant site (Sterner et al. 2004). These exceptional properties underscore zirconia’s potential as an outstanding material for dental implants. Its dense oxide layer provides long-term corrosion resist - ance, even in highly acidic environments (Qi et al. 2022). In addition, zirconia’s excellent wear resistance and mini- mal metal ion release help to mitigate the risks of inflam - mation and toxicity. This review emphasizes that while zirconia offers superior corrosion resistance—especially against pitting and crevice corrosion (Muller-Heupt et al. 2022)—its clinical limitations lie in brittleness, lower elastic modulus, and suboptimal osseointegration. To overcome these drawbacks,'
 'over half of naturally occurring zirconium. Zr is typically found in nature in the form of zirconia (ZrO₂), primarily in the mineral baddeleyite. However, natural zirconia contains impurities, includ - ing radioactive and elemental elements, which must be removed through complex processes to obtain pure zirconia powder for biomedical use (Piconi et al. 1999; Deville et al. 2006; Kuboki et al. 1999). In dentistry, tita - nium and its alloys have traditionally been the materi - als of choice for implants due to their biocompatibility, mechanical strength, and clinical success (Depprich et al. 2008b, a; Steinemann et al. 1998; Heydecke et al. 1999). However, titanium’s drawbacks, including its unaesthetic grayish color (Tschernitschek et al. 2005) susceptibil - ity to galvanic reactions with saliva and fluoride (Sterner et al. 2004) and potential inflammatory effects caused by titanium particles (Akagawa et al. 1993), have driven the search for alternatives. Zirconia has emerged as a promising alternative, offering excellent osseointegration (Scarano et al. 2003; Kohal et al. 2004), superior biocom - patibility (Steinemann et al. 1998), and aesthetic advan - tages due to'
 'a metal-free alternative to titanium. While zirconia addresses issues like hypersensi- tivity and aesthetics, its reliability is currently lower than titanium, with survival rates ranging from 74 to 98% over 12–56 months and a 4.1% fracture rate within the first year, often during torquing. Marginal bone loss averages 1.31 mm for single-tooth and 1.95 mm for three-unit prostheses after 1 year. Despite these challenges, zirconia abutments show good soft tissue integration and reduced bacterial colonization. The paper calls for improved manufacturing processes and more clinical data to boost zirconia implant reliability and adoption (Mohseni et al. 2023). Hoffmann et al. (2008) conducted a histologi - cal evaluation of bone apposition around zirconia den - tal implants (Z-system, Konstanz, Germany) at 2 and 4 Fig. 11 Panel A: Growth kinetics of BMSC cells, with data normalized to the OD readings of control samples on plastic (P). Curves represent growth on various surfaces as described in the legend: P , plastic; Ti, Grade 2 Ti; A, Zr97.5 Nb1.5 Ti1.0; B, Zr97.5 Nb1.5Mo1.0; C, Zr97.5 Nb1.5 W1.0; and D, Zr97.5 Nb1.5 Ta1.0. Data'
 'and controlling grain size to improve the durability and longevity of zirconia dental restorations. Hallmann et al. (2012) found that zirconia ceramics sintered at temper - atures between 1350 and 1450 °C exhibited improved Table 4 Mechanical properties of zirconium and titanium alloy (Apratim et al. 2015) Mechanical property Y-TZP Cp-Ti (grade 2) Ti-6 Al-4 V alloy Tensile strength (MPa) - 345 869 (Annealed) Bending strength (MPa) 1100 (without HAp) 1800 (with HAp) 100 950 Young modulus (GPa) 210 100 110 Vickers hardness (HV) 1200 150–170 270–320 Fracture toughness (MPa M1/2) 6–8 66 50 Page 21 of 25 Srinivasan et al. J Mater. Sci: Mater Eng. (2025) 20:76 aging resistance, with finer, more uniform grains and better stress distribution. As the sintering temperature increased, both the tensile/compressive stress ratio and monoclinic phase content also increased. Research on doping with elements like Al, Ce, and Si showed that these dopants could help mitigate LTD by enhancing the material’s stability. Ardlin et al. (2002) noted that the aging behavior of colored zirconia has been less studied, but their findings indicated that although']",,0.8234964461710548
Which application cannot be confirmed from the provided documents?,F,"['and All Others), Department of Science and Technology, Ministry of Science and Technology, Government of India (Reference Number: DST/TMD/IC -MAP/2K20/02 Project Title: DST-IIT Hyderabad Integrated Clean Energy Material Acceleration Platform on Bioenergy and Hydrogen); Department of Science and Technology -Science and Engineering Research Board (DST -SERB-No. SB/YS/LS -47/2013), India; Department of Science and Technology -Science and Engineering Research Board (DST -SERB-No. SB/YS/LS -47/2013), India; Department of Science and Technology -Promotion of University Research and Scientific Excellence (DST-PURSE) [DST letter No. SR/PURSE phase 2/38 (G); dated: February 21, 2017], India; RUSA – Phase 2.0 grant [Letter No. F.24-51/2014-U, Policy (TN Multi-Gen), Dept. of Edn. Govt. of India; dated: October 09, 2018]; Scheme for Promotion of Academic and Research Collaboration (SPARC) (No. SPARC/2018–2019/P485/ SL; dated: March 15, 2019) and University Science Instrumentation Centre (USIC), Alagappa University, Karaikudi, Tamil Nadu, India. REFERENCES Abdel-Rahman, M. A., Tashiro, Y ., & Sonomoto, K. (2011). Lactic acid production from lig- nocellulose-derived sugars using lactic acid bacteria: Overview and limits. Journal of Biotechnology, 156(4), 286–301. https://doi.org/10.1016/j.jbiotec.2011.06.017 Abdel-Rahman, M. A., Tashiro, Y ., & Sonomoto, K. (2013). Recent'
 'has not been obtained. If any copyright material has not been acknowledged please write and let us know so we may rectify in any future reprint. With the exception of Chapters 5, 6 and 11, no part of this book may be reprinted or reproduced or utilised in any form or by any electronic, mechanical, or other means, now known or hereafter invented, including photocopying and recording, or in any information storage or retrieval system, without permission in writing from the publishers. Chapters 5, 6 and 11 of this book are freely available as a downloadable Open Access PDF at http://www.taylorfrancis.com under a Creative Commons (Attribution‑Non Commercial‑No Derivatives (CC ‑BY‑NC‑ND)) 4.0 license. Any third party material in this book is not included in the OA Creative Commons license, unless indicated otherwise in a credit line to the material. Please direct any permissions enquiries to the original rightsholder. Funded by the Scheme for Promotion of Academic and Research Collaboration (SPARC) (Project No. SPARC/2018‑2019/P485/SL; Dated: 15 March 2019), Ministry of Education, Government of India. Trademark notice: Product or corporate names may be'
 '(No. SPARC/2018-2019/P485/SL; Dated: 15 March 2019) and the authorities of the Alagappa University for their dedicated support in the compilation of this handbook. xiii About the Editors A. Arun is a Professor and the Head of the Department of Microbiology, Alagappa University, Karaikudi, Tamilnadu, India. His research team is working on bioplastic, bioenergy, microbial fuel cells, bioremediation, biomass and bioac- tive compounds. He has vast experience in the field, having published several research articles and book chapters in peer-reviewed journals. In addition, he received many signifi - cant research projects and two consultancy projects, includ- ing one Indo -China project funded under SPARC by MHRD, India, for around five crores of Indian rupees. Moreover, he has a proven track record of technical achievements with over 100 journal publications with a cumulative impact factor of 415, 1959 citations, a 26 h-index, a 50 i10 index, and 1 filed patent application. Kunyu Zhang is a Senior Scientist at Petrochemical Research Institute, Petro China Company Limited, China. Before this position, he was an Associate Professor at the Tianjin University, China. He has 20'
 'RUSA – Phase 2.0 grant [Letter No. F.24 -51/ 2014-U, Policy (TN Multi-Gen), Department of Education Government of India; dated: October 09, 2018]; Scheme for Promotion of Academic and Research Collaboration (SPARC) (No. SPARC/2018–2019/P485/SL; dated: March 15, 2019) and University Science Instrumentation Centre (USIC), Alagappa University, Karaikudi, Tamil Nadu, India. REFERENCES Alberti, C., & Enthaler, S. (2020). Depolymerization of end-of-life poly(lactide) to lactide via zinc-catalysis. ChemistrySelect, 5(46), 14759–14763. https://doi.org/10.1002/ SLCT.202003979 Andrady, A. L. (2011). Microplastics in the marine environment. Marine Pollution Bulletin, 62(8), 1596–1605. https://doi.org/10.1016/J.MARPOLBUL.2011.05.030 Anenberg, S. C., Schwartz, J., Shindell, D., Amann, M., Faluvegi, G., Klimont, Z., Janssens-Maenhout, G., Pozzoli, L., van Dingenen, R., Vignati, E., Emberson, L., Muller, N. Z., Jason West, J., Williams, M., Demkine, V ., Kevin Hicks, W., Kuylenstierna, J., Raes, F., & Ramanathan, V . (2012). Global air quality and health co-benefits of miti- gating near -term climate change through methane and black carbon emission con- trols. Environmental Health Perspectives, 120(6), 831–839. https://doi.org/10.1289/ EHP.1104301 Anuar Sharuddin, S. D., Abnisa, F., Wan Daud, W. M. A., & Aroua, M. K. (2016). A review on pyrolysis']",,0.0
Why is PCL considered suitable for long-term scaffolds?,A,"['applications because of its benefi - cial chemical characteristics. This semi-crystalline PCL is biocompatible and biodegradable and is known for its slow degradation rate, significant toughness, and improved frac - ture energy. Its water-repellent properties promote cell adhe - sion and proliferation while providing significant mechanical strength[ 5]. However, PCL does have some limitations. Its gradual degradation rate may hinder optimal tissue development, and the extended degradation process can disturb the sur - rounding pH balance. Consequently, PCL may not be suit - able for applications that necessitate rapid tissue regeneration, potentially prolonging the healing period [ 6,7]. These limita - tions may restrict its use in the biomedical sector. To over - come these challenges, integrating PCL with ceramics in implants or tissue engineering applications can improve mechanical strength and create an environment conducive to cell growth while ensuring a more controlled degradation process. PCL can be surface modified and formed into co-polymer or composite for ease of use to exhibit diverse applications, including wound dressing, orthopedic devices, and dental or cardiovascular uses. Forming a composite strategy enhances overall'
 'mechanical strength. The use of PCL in controlled drug delivery and tissue engineering applications has been extensively studied due to its biocompatibility and biodegradability. In particular, its advantages come to the fore: its compatibility with a wide range of drugs, homogeneous drug distribution in the for - mulation matrix, and its long-term degradation, facilitating the release of the drug for up to several months. PCL is a nontoxic polymer compatible with body tissues, making it suitable for various paramedical applications, including wound dressings, contraceptives, and dentistry. Its flexible mechanical properties, including elastic modulus, tensile strength, and elongation at break, make it an ideal choice for the pharmaceutical industry. These properties highlight PCL ’s versatility in pharmaceuticals [ 165,166]. On the other hand, HA has potential applications in tar - geted and controlled drug delivery systems, where it can improve adsorption across biological barriers. Porous HA can treat bone-related disorders such as tumors, metastases, and osteoporosis. Additionally, HA-based drug delivery sys - tems loaded with antibiotics can deliver drugs directly to infected bone tissue [ 167]. Table 7 represents studies that'
 'to the composite may be considered to increase bone regeneration and tissue integration for long-term success [ 156]. 6.1.1.2. Bone tissue engineering. A biomaterial should have several specific properties to be suitable for bone tissue engineering. These include high mechanical strength, slow degradation, osteoconductive and osteoinductive capabilities, and the ability to integrate with bone tissue. PCL is a material with excellent mechanical strength and slow degradation, making it an ideal candidate for bone tissue engineering applications. However, it is often blended with bioceramics such as HA, beta-tricalcium phosphate (β-TCP), and biphasic calcium phosphate (BCP) to provide the necessary osteoinductive and osteoconductive properties [ 116]. On the other hand, trace elements that may take part during the synthesis of HA have an accelerating effect on bone tissue formation [ 157]. According to Oryan’s study, a new tissue engineering con - struct made of two synthetic biopolymers (PLA and PCL) in combination with HA was produced. Afterwards, its effec - tiveness on mesenchymal stem cells (MSC) obtained from the human umbilical cord was examined. MSCs can differ - entiate into mesenchymal lineages,'
 'suitable for controlled- release devices with longer working lifetimes (1±2 years). PCL is generally prepared from the ring-opening polymerization of e-caprolactone. 97 Tokiwa and Suzuki 98 have discussed the hydrolysis of PCL and biodegradation of PCL by fungi, and have shown that PCL can be degraded enzymatically. Blends of PCL and polyesters prepared from alkanediols and alkane dicarboxylic acids with natural substances such as tree bark have been moulded into shaped containers for horticultural seeding plantouts. 97 After three months of soil burial, the PCL containers were found to be embrittled, disintegrated, and biodegraded which suggests that the extracellular enzymes in the soil may cleave the polymer chain prior to the assimilation of the polymer by microorganisms. Polyesters derived from alkanediols and alkane dicarboxylic acids are readily degraded by biological systems 99±102 but their applications have been limited because of their relatively low molecular weights and poor physical strengths. 3.3. Polyamides Although polyamides contain the same amide linkage that is found in polypeptides, their rate of biodegradation is so low that often they are reported to be nondegradable. However, the']",,0.0
What is a drawback of PCL in tissue regeneration?,D,"['applications because of its benefi - cial chemical characteristics. This semi-crystalline PCL is biocompatible and biodegradable and is known for its slow degradation rate, significant toughness, and improved frac - ture energy. Its water-repellent properties promote cell adhe - sion and proliferation while providing significant mechanical strength[ 5]. However, PCL does have some limitations. Its gradual degradation rate may hinder optimal tissue development, and the extended degradation process can disturb the sur - rounding pH balance. Consequently, PCL may not be suit - able for applications that necessitate rapid tissue regeneration, potentially prolonging the healing period [ 6,7]. These limita - tions may restrict its use in the biomedical sector. To over - come these challenges, integrating PCL with ceramics in implants or tissue engineering applications can improve mechanical strength and create an environment conducive to cell growth while ensuring a more controlled degradation process. PCL can be surface modified and formed into co-polymer or composite for ease of use to exhibit diverse applications, including wound dressing, orthopedic devices, and dental or cardiovascular uses. Forming a composite strategy enhances overall'
 'ensure controlled drug release. PCL is a semi-crystalline polymer that is suitable for the wound res - toration process. However, HA is a ceramic with high ther - mal and chemical stability, biocompatibility, nontoxicity, and a controllable biodegradation rate. Nevertheless, HA has a low resistance to high loads and tends to be brittle. To over - come this issue, incorporating co-doped HA with PCL can strengthen the resulting matrix, alter the hydrophobic nature of pure PCL, and enhance its integration with the surround - ing environment [ 153]. Mohsen et al. showed that HA/PCL wound dressing pre - pared using the electrospinning method had an antibacterial effect against Gram-positive and Gram-negative bacteria. Additionally, according to the cytotoxicity measurement, adding HA to PCL nanofibers is suitable for wound dressing as it provides higher cell viability than PCL [ 163]. In a study by Hasan et al., electrospinning was used to create wound dressings by incorporating HA into PCL scaf - folds. It was found that Ag ions can be used as an alterna - tive to antibiotics to prevent bacterial growth.'
 'to the composite may be considered to increase bone regeneration and tissue integration for long-term success [ 156]. 6.1.1.2. Bone tissue engineering. A biomaterial should have several specific properties to be suitable for bone tissue engineering. These include high mechanical strength, slow degradation, osteoconductive and osteoinductive capabilities, and the ability to integrate with bone tissue. PCL is a material with excellent mechanical strength and slow degradation, making it an ideal candidate for bone tissue engineering applications. However, it is often blended with bioceramics such as HA, beta-tricalcium phosphate (β-TCP), and biphasic calcium phosphate (BCP) to provide the necessary osteoinductive and osteoconductive properties [ 116]. On the other hand, trace elements that may take part during the synthesis of HA have an accelerating effect on bone tissue formation [ 157]. According to Oryan’s study, a new tissue engineering con - struct made of two synthetic biopolymers (PLA and PCL) in combination with HA was produced. Afterwards, its effec - tiveness on mesenchymal stem cells (MSC) obtained from the human umbilical cord was examined. MSCs can differ - entiate into mesenchymal lineages,'
 'mechanical strength. The use of PCL in controlled drug delivery and tissue engineering applications has been extensively studied due to its biocompatibility and biodegradability. In particular, its advantages come to the fore: its compatibility with a wide range of drugs, homogeneous drug distribution in the for - mulation matrix, and its long-term degradation, facilitating the release of the drug for up to several months. PCL is a nontoxic polymer compatible with body tissues, making it suitable for various paramedical applications, including wound dressings, contraceptives, and dentistry. Its flexible mechanical properties, including elastic modulus, tensile strength, and elongation at break, make it an ideal choice for the pharmaceutical industry. These properties highlight PCL ’s versatility in pharmaceuticals [ 165,166]. On the other hand, HA has potential applications in tar - geted and controlled drug delivery systems, where it can improve adsorption across biological barriers. Porous HA can treat bone-related disorders such as tumors, metastases, and osteoporosis. Additionally, HA-based drug delivery sys - tems loaded with antibiotics can deliver drugs directly to infected bone tissue [ 167]. Table 7 represents studies that']",,0.0
Why are HA/PCL composites better than pure HA?,C,"['biomaterial use [ 18]. Combining HA and PCL as composite scaffolds is advantageous for achiev - ing scaffolds that degrade slowly and possess strong mechan - ical properties [14]. Therefore, the mechanical properties and osteogenic properties of the PCL/HA composite formed by incorporating HA into the PCL matrix are a biomaterial candidate that meets biological and mechanical demands for applications such as bone tissue, dental tissue, wound heal - ing, and drug delivery systems [ 19]. Studies have shown that the amount of HA, which can increase both cell prolifera - tion and the mechanical behavior of the PCL/HA mixture, can be adjusted to be optimum depending on the applica - tion area [ 18]. The existing literature on HA/PCL composites mainly focuses on synthesis methods, basic biological evalu - ations, or in vitro studies, while comprehensive assessments involving in vivo and clinical evaluations remain limited [14,20]. The research profile of the HA/PCL composite was analyzed utilizing the “Web of Science” database. HA/PCL composite research demonstrated a progressive increase since 1995. A search conducted with terms such as “hydroxyapatite poly'
 'that the elastic modulus, ultimate tensile strength, and maximum load of the HA/PCL composite produced by the sol-gel method increased compared to the PCL polymer[ 15]. It is anticipated that HA nanoparticles homogeneously distributed in the PCL matrix will prevent agglomeration Figure 5. stages of scPl strategy in composite preparation. InTERnATIOnAL JOURnAL Of POLymERIC mATERIALs And POLymERIC BIOmATERIALs 11 and increase mechanical strength in forming composites with PCL. Using these advantages, a PCL/HA coating pro - duced by sol-gel synthesis was carried out on a Ti6Al4V substrate for dental tissue use. The HA content in the coat - ing affected the final properties of the produced sample. Regarding the area of use, bioactivity increased as the weight ratio of fluoride-doped HA increased. PCL coated on Ti6Al4V substrate had a smoother topography than PCL coating containing fluoride-doped HA. In this case, PLC/ FHA was preferred in terms of cell viability since cells adhere to the surface faster as the roughness of the biocom - posite increases [ 6]. 4. Scability and regulations of HA/PCL The commercial applicability of production processes is'
 '115–117]. The mechanical properties, porosities, elastic modulus, and production methods of HA/PCL composites are summa - rized in Table 4 . As indicated in Table 4 , the mechanical properties of the composites, which include ultimate tensile strength (UTS), compressive strength, elastic modulus, and elongation percentage, demonstrate significant variability influenced by both material composition and production technique. Composites with a low HA content of 10% HA and 90% PCL, produced via the nonsolvent phase separation method, demonstrated a relatively high UTS of 1.25 MPa and an elastic modulus of 5.71 MPa. This finding suggests that a lower concentration of HA may enhance mechanical performance by augmenting the flexibility of the PCL matrix. Conversely, in a composite comprising 10% HA combined with polyglycerol sebacate (PGS) produced by the electro - spinning method, the UTS and elastic modulus were significantly lower (0.56 MPa and 0.23 MPa, respectively). In comparison, the elongation ratio increased to 26%. This observation indicates that PGS may contribute to increased flexibility at the expense of mechanical strength. As the HA content increased (20–50%), pronounced vari - ations in'
 'PCL fibers containing nanostructured HA and Zn-doped HA. Their findings showed that increasing the HA content in the HA/PCL composite changed the distribution of fiber diameters and reduced their average diameters, even at lower nanoparticle concentrations. This shows smaller fibers can be obtained using doped HA other than ratio. In the study, it was found that bioactivity increased with the increase in the HA ratio [ 79]. At this point, it can be stated that increasing the HA ratio indeed allows an increase in bioactivity; on the other hand, the increase in fiber diameter positively affects cell adhesion and differentiation [ 80]. Table 3. advantages and limits of different fabrication strategies of Ha/Pcl composite. shaping and fabrication methods advantages limits ref. electrospinning low toxicity and fewer post-processing steps, ability to produce complex porous structures, production of fibrous 3d scaffolds, simple application, controllable mechanical properties low mechanical strength due to the size of the fibers, inhomogeneous distribution of the fiber sizes [ 59–61] 3d printing/additive manufacturing Precise controllability of pore size, porosity, and interconnectivity, shorter preparation process, simple preparation process of']",,0.0
Which factor can be tuned in HA/PCL composites?,A,"['115–117]. The mechanical properties, porosities, elastic modulus, and production methods of HA/PCL composites are summa - rized in Table 4 . As indicated in Table 4 , the mechanical properties of the composites, which include ultimate tensile strength (UTS), compressive strength, elastic modulus, and elongation percentage, demonstrate significant variability influenced by both material composition and production technique. Composites with a low HA content of 10% HA and 90% PCL, produced via the nonsolvent phase separation method, demonstrated a relatively high UTS of 1.25 MPa and an elastic modulus of 5.71 MPa. This finding suggests that a lower concentration of HA may enhance mechanical performance by augmenting the flexibility of the PCL matrix. Conversely, in a composite comprising 10% HA combined with polyglycerol sebacate (PGS) produced by the electro - spinning method, the UTS and elastic modulus were significantly lower (0.56 MPa and 0.23 MPa, respectively). In comparison, the elongation ratio increased to 26%. This observation indicates that PGS may contribute to increased flexibility at the expense of mechanical strength. As the HA content increased (20–50%), pronounced vari - ations in'
 'studies in the literature [ 87]. In the literature, as with other production methods, increasing the ratio of HA in the PCL/HA composite was reported to increase the compressive strength of composites while increasing their bioactivity. The change in HA ratio can allow the production of composites suitable for use in bone tissue engineering. HA is a material with high com - pressive strength, which increases compressive strength at increasing ratios. PCL is an elastic polymer, and the expected outcome is that the tensile modulus of the overall composite decreases with the increase in HA. In the study by Li et al., HA/PCL composite scaffolds with different HA content lev - els were prepared with 20%, 40%, and 60% HA content lev - els. As the HA content was increased, it was observed that the compressive modulus increased while the tensile modu - lus decreased [ 88]. 3.3. Freeze drying Lyophilization or freeze-drying is often used to create 3D scaffolds. This method produces complex structures with regular pores and helps to make scaffolds with different pore structures and sizes. The'
 'elongation rates exhibiting an overall increase. Particularly noteworthy is the composite with 50% HA, 40% PCL, and added gelatin, which achieved an elongation rate of 43.02%, underscoring the potential of such materials to fulfill the flexibility requirements pertinent to tissue engineering applications. In summary, the findings elucidate that HA/PCL compos - ites’ mechanical properties are influenced by HA and PCL ratios, in addition to the production method and the incor - poration of specific biomaterials. The tensile strength, com - pressive strength, elongation, and elastic modulus of HA/ PCL scaffolds can vary based on production methods and material ratios. A well-designed HA/PCL composite can enhance cell-composite interactions and expedite healing processes depending on its intended application. Therefore, it is critical to carefully evaluate and control these properties in biomedical engineering and medicine. 5.2. Microstructural properties Optimizing the structural properties is essential for design - ing biomaterial composites that meet the specific require - ments of biomedical applications. Particle distribution, Table 4. effect of varying Ha and Pcl ratios on composite mechanical properties. ultimate tensile strength (mPa) compressive strength (mPa) elastic'
 'PCL fibers containing nanostructured HA and Zn-doped HA. Their findings showed that increasing the HA content in the HA/PCL composite changed the distribution of fiber diameters and reduced their average diameters, even at lower nanoparticle concentrations. This shows smaller fibers can be obtained using doped HA other than ratio. In the study, it was found that bioactivity increased with the increase in the HA ratio [ 79]. At this point, it can be stated that increasing the HA ratio indeed allows an increase in bioactivity; on the other hand, the increase in fiber diameter positively affects cell adhesion and differentiation [ 80]. Table 3. advantages and limits of different fabrication strategies of Ha/Pcl composite. shaping and fabrication methods advantages limits ref. electrospinning low toxicity and fewer post-processing steps, ability to produce complex porous structures, production of fibrous 3d scaffolds, simple application, controllable mechanical properties low mechanical strength due to the size of the fibers, inhomogeneous distribution of the fiber sizes [ 59–61] 3d printing/additive manufacturing Precise controllability of pore size, porosity, and interconnectivity, shorter preparation process, simple preparation process of']",,0.8887831998946952
What biological effect is enhanced in HA/PCL composites?,E,"['16 O. COPUR ET AL. diffusion of toxic components from restorative materials into pulp cells. However, due to its hydrophobic properties, it cannot efficiently bind to native bone tissue and may negatively affect the decay and proliferation of cells. To address these challenges, PCL matrix composite coatings were created by incorporating inorganic particles, such as HA, fluoro-HA (FHA), and forsterite, into the polymer matrix[ 6]. Soares et al. studied Vital Pulp Therapy (VPT) and incor - porated HA into PCL nanofibers to investigate the effect on human dental pulp cells (HDPCs) seeded on scaffolds. The study revealed that HA increased the proliferation and odon - togenic differentiation of human dental pulp cells, and the concentration of HA affected the formation of a mineralized matrix. The study suggests that PCL scaffolds containing 2% HA have a great potential to encourage dentinogenesis by human dental pulp cells [ 155]. Clinical studies are in the literature on using HA/PCL composite in dental tissues. For the gingival periphery, the HA/PCL composite produced with the 3D method was implanted to provide perfect compatibility. The 4%'
 'biomaterial use [ 18]. Combining HA and PCL as composite scaffolds is advantageous for achiev - ing scaffolds that degrade slowly and possess strong mechan - ical properties [14]. Therefore, the mechanical properties and osteogenic properties of the PCL/HA composite formed by incorporating HA into the PCL matrix are a biomaterial candidate that meets biological and mechanical demands for applications such as bone tissue, dental tissue, wound heal - ing, and drug delivery systems [ 19]. Studies have shown that the amount of HA, which can increase both cell prolifera - tion and the mechanical behavior of the PCL/HA mixture, can be adjusted to be optimum depending on the applica - tion area [ 18]. The existing literature on HA/PCL composites mainly focuses on synthesis methods, basic biological evalu - ations, or in vitro studies, while comprehensive assessments involving in vivo and clinical evaluations remain limited [14,20]. The research profile of the HA/PCL composite was analyzed utilizing the “Web of Science” database. HA/PCL composite research demonstrated a progressive increase since 1995. A search conducted with terms such as “hydroxyapatite poly'
 'that the elastic modulus, ultimate tensile strength, and maximum load of the HA/PCL composite produced by the sol-gel method increased compared to the PCL polymer[ 15]. It is anticipated that HA nanoparticles homogeneously distributed in the PCL matrix will prevent agglomeration Figure 5. stages of scPl strategy in composite preparation. InTERnATIOnAL JOURnAL Of POLymERIC mATERIALs And POLymERIC BIOmATERIALs 11 and increase mechanical strength in forming composites with PCL. Using these advantages, a PCL/HA coating pro - duced by sol-gel synthesis was carried out on a Ti6Al4V substrate for dental tissue use. The HA content in the coat - ing affected the final properties of the produced sample. Regarding the area of use, bioactivity increased as the weight ratio of fluoride-doped HA increased. PCL coated on Ti6Al4V substrate had a smoother topography than PCL coating containing fluoride-doped HA. In this case, PLC/ FHA was preferred in terms of cell viability since cells adhere to the surface faster as the roughness of the biocom - posite increases [ 6]. 4. Scability and regulations of HA/PCL The commercial applicability of production processes is'
 'by human dental pulp cells [ 155]. Clinical studies are in the literature on using HA/PCL composite in dental tissues. For the gingival periphery, the HA/PCL composite produced with the 3D method was implanted to provide perfect compatibility. The 4% HA ratio composite was added with a recombinant human platelet-derived growth factor-BB (rhPDGF-BB) additive to develop the connective tissue. When the selected patient was followed up 12 months after the treatment, it was reported that the scaffold placed managed to maintain its structure, and 3 mm connective tissue gain was achieved. The HA/PCL composite produced with the 3D method is promising for producing a personalized scaffold for complex periodontal defects. On the other hand, it was mentioned that the slow degradation profile observed as a result of the study may limit tissue integration. The contribution of additional substit - uents to the composite may be considered to increase bone regeneration and tissue integration for long-term success [ 156]. 6.1.1.2. Bone tissue engineering. A biomaterial should have several specific properties to be suitable for bone tissue engineering. These include high mechanical']",,0.0
Why is HA brittle in biomedical applications?,F,"['bioceramic that is widely used as an implantable material in dentistry, maxillofacial and orthopaedic surgery to repair bone defects and as a coating material for metallic implants [6]. Studies of the osteogenesis effectiveness of HA-based coatings have shown favourable results, however, their validity has been critically considered [7]. Most of these favourable results were observed in in vitro studies rather than clinical and in vivo studies, and there is a demand for more standardised comparison criteria of the published research to draw sound clinical conclusions [ 7]. It has also been noted that the clinical effectiveness is dependent on the speciﬁc geometry, pore size, and degradation rate of the HA, whereby a smaller particle size is desirable [8]. The biocompatibility of nano-HA has also made it attractive as a potential novel reinforcing ﬁller in composite restorations [9]. However, so far, nano-HA has been shown to be clinically unsuitable due to high water uptake, high refractive index and hence light scattering [9]. Therefore, no signiﬁcantly improved properties compared to conventional composites with regard to tooth mechanical properties and bioﬁlm protection [9].'
 'in composition and morphology but requires extended processing periods [ 37]. HA can be modified to improve its biological perfor - mance and structural suitability for biomedical applications. Among these strategies, ion doping improves HA ’s bioactiv - ity, crystallinity, antibacterial properties, and biocompatibil - ity. Ion doping, combined with the synthesis route selected in Table 1, leads to specific changes in HA. To summarize, the results obtained when examined together are as follows: dry methods such as solid-state and mechanochemical syn - thesis offer scalability as a synthesis method but generally require high sintering temperatures that can cause phase impurities. In contrast, wet techniques such as sol-gel, pre - cipitation, and hydrothermal methods provide better control over particle morphology and crystallinity. These routes also facilitate ion doping; for example, Ag, Cu, and Zn additives have been shown to increase antimicrobial and osteoinduc - tive properties. Hydrothermal and emulsion-based approaches further enable particle shape and size, but hydrothermal syn - thesis can be sensitive to dopant concentrations, as seen in 4 O. COPUR ET AL. Table 1. overview of Ha'
 'act as a bone implant, as its similar mineral composition to natural bone allows it to act as a biocompatible osteogenic conductive support [94]. Scholars utilized a sheep tibia experimental model to create a standardized bone defect with a diameter of 3 mm and a depth of 4 mm, aiming to investigate the biocompatibility of HAp as a bone repair material. The experiments revealed that the intrinsic degradation properties of HAp exhibit a remarkable spatiotemporal synchrony with the bone regeneration process. This dynamic equilibrium mechanism not only ensures that the material provides sufficient mechanical support during the critical phase of bone healing but also avoids the risk of for- eign body reactions associated with the long-term retention of traditional bioinert implants through orderly degradation. These findings provide experimental evidence for optimizing the degradation–regeneration matching of bone tissue engineering materials [95,96]. The degradation property of HAp, coupled with its ability to promote bone tissue growth and repair, makes it one of the indispensable scaffold materials in bone tissue engineering [97]. Most HAp composites have shown good biocompatibility and non-cytotoxicity in exper-'
 'struc - tures containing 0.1% HA had a fast initial release profile, but the total drug release capacity remained low. In contrast, composites containing 0.4% HA reached the highest drug release capacity with 78%. In addition, these composites rep - resented the optimum HA ratio with the highest mechanical strength and finest fiber structure [ 179]. These findings reveal the effects of HA ratio and produc - tion method on the release profile, encapsulation efficiency, and mechanical properties. It has been observed that HA plays an important role in controlled drug release and pro - vides an adaptable structure for different drugs. In particular, it is emphasized that production methods and component ratios should be optimized according to the desired properties. 7. Conclusion In recent years, biomedical engineering has significantly pro - gressed, especially in developing composite materials for var - ious applications. These composites offer many potential uses, from bone tissue engineering to drug delivery systems. This review examines the current and potential applications of HA/PCL composites in biomedical applications, highlight - ing their promising structural, biological, and mechanical']",,0.0
What is a key challenge in translating biomaterials to clinic?,D,"['producing more cost-effective and consistent commercial products. Meeting high volume and high production demands with the infrastructure provided by laboratory and clinical studies is related to adopting these elements. It is expected that economies of scale will also expand with the development of production techniques and technology in the ongoing process, along with the expansion and increase of clinical applications. On the other hand, in addition to tech - nical issues, significant social impacts should also be addressed in scalable production processes. As in all devel - oping technologies, potential environmental and social health and safety risks should be evaluated during the production, use, and disposal [ 107]. There are regulations and standards that every biomate - rial produced and implanted must comply with, depending on its area of use. These standards are important regarding product applicability, risk/benefit factors, and commercializa - tion. In addition, strategies aimed at standardizing biomate - rials will facilitate planning studies for advances in this field. First, it is imperative to standardize various processes, including the synthesis of raw materials, composite fabrica - tion, ensuring'
 'clinical studies, toxicity due to ion release, low mechanical strength due to surface modifications applied to improve tissue-biomaterial interactions and wear over time in metal - lic materials. On the other hand, considering the cost of this complex structure, it is a great challenge to transform material pro - duction processes from clinical to commercial success [ 3]. To meet all of these properties and achieve success in the tar - geted application area, polymer and ceramic biomaterials can be made into composites that enhance properties like bio - mechanical strength, biocompatibility, and overall perfor - mance for targeted applications [ 1]. In particular, combining bioactive ceramics with degradable polymers can create a biocompatible, biodegradable, and optimally porous material with sufficient mechanical strength and favorable cell-scaffold interactions[ 4]. Polycaprolactone (PCL) is an affordable polymer com - monly used in biomedical applications because of its benefi - cial chemical characteristics. This semi-crystalline PCL is biocompatible and biodegradable and is known for its slow degradation rate, significant toughness, and improved frac - ture energy. Its water-repellent properties promote cell adhe - sion'
 'commercializa - tion. In addition, strategies aimed at standardizing biomate - rials will facilitate planning studies for advances in this field. First, it is imperative to standardize various processes, including the synthesis of raw materials, composite fabrica - tion, ensuring phase purity, sintering and calcination, poros - ity assessment, control of size and shape, evaluation of mechanical properties, analysis of biodegradation and per - meability, considerations of manufacturability, sterilization protocols, storage conditions, and sustainability practices. In this context, the application of relevant characterization test methods, such as XRD, SEM, MTT, FTIR, TEM, EDS, and porosity measurement, are recommended for achieving a standard production [ 108]. In addition to standardization of experimental protocols, safety, efficacy and quality are addressed in the regulations proposed by legal authorities. In the mentioned legal process, the EU and the US are subject to good manufacturing and tissue practices during produc - tion. At the same time, biomaterials used in medical devices are subject to the medical device risk level by the FDA. The classes, divided into 1, 2, and 3 according to the risk level,'
 'or parameters that vary depending on the area of use and application, such as pore sizes, porosity, effect on cell proliferation and differentiation, surface mor - phology, and mechanical properties. In this context, poly - mers and ceramics are produced in various forms using diverse techniques for applications such as tissue engineer - ing, drug delivery systems, and wound healing [ 1]. The bio - material development process encompasses versatile design criteria and challenges, including mimicking the mechanical properties of native tissues, supporting cellular functions, promoting healing, and degrading at controlled rates. Therefore, it aims to provide an optimum balance of essen - tial properties required for application areas such as soft tis - sue, bone, or dental. Integrating these aspects into the biomaterial to be developed is critical for functionality and safety[ 2]. Current problems include infections observed in clinical studies, toxicity due to ion release, low mechanical strength due to surface modifications applied to improve tissue-biomaterial interactions and wear over time in metal - lic materials. On the other hand, considering the cost of this complex structure, it']",,0.0
Which hydroxyapatite composite class can improve processability while helping materials withstand mechanical loads?,A,"['uniformity of composites, HAp- based inorganic composites hold great promise for applications in orthopedics, catalysis, and energy storage [31]. Hydroxyapatite-coated titanium-aluminum alloy (bHA-coated Ti/Al alloy) has shown a remarkable ability to promote bone formation in in vivo studies. Ninety days after surgery, the coated alloy was completely absorbed within the original bone, indicating its good bioactivity and biodegradability. In terms of osteogenesis, it exhibited excellent biocompatibility and bioactivity, effectively promoting the formation of new bone and facilitating integration between new and old bone tissue, primarily due to its excellent bone conduction properties [32]. The combination of silicon dioxide (SiO2) with HAp significantly enhances the proper- ties of the composite material. Studies have shown that as the SiO2 content increases, both the density and compressive strength of the composite material after sintering at 900 ◦C are significantly improved. A composite with 40% SiO 2 content can achieve a compres- sive strength of 164.82 MPa, which is close to that of natural bone, making it suitable for load-bearing bone repair, and it also exhibits enhanced fatigue resistance. Some researchers have found that'
 'composites show significant advantages in the field of bone repair, they also have some limitations. The following analysis will discuss the current development status of hydroxyapatite composites from four aspects: design and preparation of HAp composites, biocompatibility, mechanical and vascularization properties, and clinical applications. 3.1. Preparation of Hydroxyapatite Composites HAp can be synthesized via diverse synthetic routes. A representative protocol involves mechanochemical synthesis, where the controlled crystallization of HAp in an alkaline colloidal system is synergistically combined with cellulose fibers, enabling the fabrication of composite scaffolds with precisely tunable HAp loadings (26–86 wt%). This protocol achieves exceptional compositional control, demonstrating HAp mass fractions spanning 26–86 wt% with preserved structural integrity [80]. HAp can be combined with polysaccharides derived from biomaterials to form com- posites with special applications in the biomedical field. The study involves the synthesis of nanocomposites of natural polysaccharides such as sodium alginate, chitosan, and pectin [81]. Porous hydroxyapatite–chitosan composite microspheres can be prepared by the hydrothermal method. Porous hydroxyapatite–chitosan composite microspheres were prepared by the hydrothermal method using an aqueous solution that contained chitosan, calcium nitrate, and'
 'fusion applications. 4. Conclusions Hydroxyapatite composites represent a transformative advancement in bone tissue engineering, combining inherent bioactivity with engineered multifunctionality. By in- tegrating inorganic reinforcements such as silica and carbon nanotubes, these materials achieve mechanical properties surpassing pure hydroxyapatite, with silica-enhanced com- posites reaching compressive strengths of 164 MPa. Organic polymer hybrids, including polylactic acid-based scaffolds, demonstrate degradation rates synchronized with natural bone remodeling processes. Innovations like silver-doped silicate hydroxyapatite exhibit over 99% antifungal efficacy, while carbon nanotube-enhanced coatings provide both elec- trical conductivity and a Young’s modulus of 2.28 GPa. Clinically validated applications highlight their potential, such as 3D-printed polycaprolactone–hydroxyapatite implants showing 92% osseointegration within six months in craniomaxillofacial reconstruction, and strontium-doped collagen–hydroxyapatite systems improving spinal fusion success rates by 40% compared to traditional autografts. Current limitations necessitate focused research to align material performance with biological complexity. While degradation timelines of 12 to 24 months hinder applica- tions in critical-sized defects requiring sub-six-month healing, only 35% of manufacturing protocols meet international standards for batch consistency. Safety concerns persist, as silver and carbon nanotube additives demonstrate cytotoxic thresholds at 15–20%'
 'Hydroxyapatite Composites The mechanical properties and vascularization capability of HAp composites are two key factors that determine their effectiveness in bone repair. The mechanical properties of the composites can be improved by adding various organic or inorganic components. By combining fibers with HAp, the performance of traditional brittle hydroxyapatite-based scaffolds can be improved [99]. In a study, HAp crystals were precipitated in an alkaline dispersion of mechanically fibrillated cellulose to prepare composites containing26–86 wt% hydroxyapatite. The flexural strength of these composites ranged from 40 to 100 MPa, and the elastic modulus ranged from 4 to 9 GPa [81]. The structurally optimized glass fiber-reinforced hydroxyapatite composite (GR-HAp) exhibits significantly enhanced bending strength and fatigue resistance compared to conven- J. Funct. Biomater. 2025, 16, 127 13 of 20 tional synthetic hydroxyapatite, with its biomechanical compatibility meeting the clinical demands for load-bearing bone defect repair. The three-dimensional interpenetrating net- work structure of GR-HAp not only provides physical guidance for osteoblast migration, but its surface topological features also regulate the directed alignment and pro-angiogenic phenotype maintenance of human umbilical vein endothelial cells. By establishing']",,0.0
What is one biomedical use of HAp composites beyond bone defect repair?,A,"['achieve targeted drug re- lease and sustained long-term release, thereby improving drug eﬃcacy and reducing side eﬀects. Additionally, they can be used to prepare biosensors for detecting changes in bio- molecule concentrations. Overall, HAp composites demonstrate great application poten- tial in the biomedical ﬁeld, eﬀectively addressing challenges in bone defect repair, drug carriers, and biosensors. Figure 2. HAp composites can be classi ﬁed into composites with inorganic materials, composites with organic materials, and multicomponent composites combining both inorganic and organic ma- terials. 2.1. Inorganic-Based HAp Composites When combined with inorganic materials such as metal oxides and bioactive glasses, hydroxyapatite composites exhibit signiﬁcantly enhanced mechanical strength and wear resistance, while maintaining excellent bioactivity and osteoinductive properties. These characteristics make them highly suitable for high-load-bearing bone repair and dental Figure 2. HAp composites can be classified into composites with inorganic materials, composites with organic materials, and multicomponent composites combining both inorganic and organic materials. J. Funct. Biomater. 2025, 16, 127 5 of 20 2.1. Inorganic-Based HAp Composites When combined with inorganic materials such as metal oxides and bioactive glasses, hydroxyapatite composites exhibit'
 'act as a bone implant, as its similar mineral composition to natural bone allows it to act as a biocompatible osteogenic conductive support [94]. Scholars utilized a sheep tibia experimental model to create a standardized bone defect with a diameter of 3 mm and a depth of 4 mm, aiming to investigate the biocompatibility of HAp as a bone repair material. The experiments revealed that the intrinsic degradation properties of HAp exhibit a remarkable spatiotemporal synchrony with the bone regeneration process. This dynamic equilibrium mechanism not only ensures that the material provides sufficient mechanical support during the critical phase of bone healing but also avoids the risk of for- eign body reactions associated with the long-term retention of traditional bioinert implants through orderly degradation. These findings provide experimental evidence for optimizing the degradation–regeneration matching of bone tissue engineering materials [95,96]. The degradation property of HAp, coupled with its ability to promote bone tissue growth and repair, makes it one of the indispensable scaffold materials in bone tissue engineering [97]. Most HAp composites have shown good biocompatibility and non-cytotoxicity in exper-'
 ', Zhuling He 1,2 and Tonghan Zhang 1,2, * 1 Hospital of Stomatology, Zhongshan City, Zhongshan 528400, China; lwjkq@stu2022.jnu.edu.cn (W.L.); saphira112811@gmail.com (N.C.); zl6392h@163.com (Z.H.) 2 School of Stomatology, Jinan University, Guangzhou 510632, China * Correspondence: zthlove1982@163.com Abstract: The treatment of bone defects is complicated by clinical conditions, such as trauma, tumor resection, and infection, which result in defects and impair the bone’s regenerative capacity. Hydroxyapatite (HAp), the primary inorganic component of bone, possesses good biocompatibility and osteoconductivity. However, it has poor mechanical properties, a slow degradation rate, and limited functionality, necessitating combination with other materials to broaden its application scope. This paper summarizes the impor- tance and properties of HAp composites and provides a categorized review of current research on HAp composites in bone tissue engineering. These composite scaffolds not only offer excellent mechanical support for cell growth and tissue regeneration but also facilitate new bone formation and vascularization. Additionally, the challenges faced by HAp composites, such as material property optimization and improvement of preparation techniques, are discussed. The paper also summarizes the applications of HAp composites in bone defect'
 'regulatory advantages of ion-modified bioceramics in bone defect repair [107]. The design and optimization of composites can improve the mechanical properties of scaffolds and promote vascularization, thereby more effectively facilitating bone regeneration and repair. 3.4. Clinical Applications of Hydroxyapatite Composites The team confirmed that the 3D printed craniomaxillofacial implants made from nHAp@PLDLLA composites are safe and effective, promote bone regeneration, and are biocompatible. In the case of prefrontal bone reconstruction, the implant partially degraded and fused with the new bone within 6 months; in the case of mandibular reconstruction, the implant facilitated the formation of new bone for successful dental implants; and in the case of cleft palate treatment, the implant restored oral function and esthetics. The 6-month observation showed significant efficacy, shortening the operation time and acceler- J. Funct. Biomater. 2025, 16, 127 14 of 20 ating the patient’s recovery time [108]. The combination of HAp with platelet-rich fibrin (PRF) has shown positive results in bone defect repair and accelerated healing [ 109]. A study investigating the efficacy of a combination of hydroxyapatite/biphasic tricalcium phosphate grafting material (HAp/TCP) with']",,0.0
Which statement best explains why HAp composites are favored over pure HAp in scaffold design?,C,"['Function Refs Hybrid HAp Composites HAp/CS/SiO2 1200 Sol–gel method; 3D printing technology Drug and protein loading capability, and osteogenic effect [51–53,73] HAp/CS/Zn 800 Co-precipitation method Antibacterial effect and improvement of scaffold morphology [54–57,74] HAp/Collagen/Sr / Polymer-induced liquid precursor (PILP) Enhances bone cell differentiation and osseointegration of the scaffold, and improves mechanical properties [58–60] HAp/CaP/Col / Preparation by vacuum infusion process and biomimetic mineralization method Improves mechanical performance and accelerates bone formation [26,75] J. Funct. Biomater. 2025, 16, 127 11 of 20 3. Biomedical Advances in Hydroxyapatite Scaffold Design HAp, with its excellent biocompatibility and osteoinductivity, has been extensively studied and is in high demand for medical applications [ 76,77]. HAp is also a crucial component of teeth and bones, exhibiting good biocompatibility and bioactivity, as well as remarkable osteogenic effects and the ability to induce bone formation [78,79]. Although HAp composites show significant advantages in the field of bone repair, they also have some limitations. The following analysis will discuss the current development status of hydroxyapatite composites from four aspects: design and preparation of HAp composites, biocompatibility, mechanical and vascularization'
 'and properties of the composites can be precisely controlled, thereby optimizing their performance in biomedical applications. Despite challenges related to uniformity, stability, and cost, HAp composites still hold great potential. Future research will focus on developing efficient synthesis methods and optimizing multifunctionality. Natural organic polymer material: Collagen, the main component of organic matter in natural bone, exhibits good biocompatibility, provides sites for calcium salt deposition, and combines with proteins that regulate cellular mineralization to promote bone matrix mineralization. However, bone substitute materials made from the same HAp and collagen cannot provide the same mechanical properties [44]. Wang et al. successfully prepared a biomimetic collagen/HAp composite scaffold through a co-titration method of phosphorus-containing collagen (COL) solution and calcium hydroxide solution under microwave assistance [28]. This method allows the formation of collagen fibers and HAp to be combined into one process step, with both reactions initiated simultaneously. During the co-precipitation process, the formed collagen fibrils are presumed to serve as templates for the precipitation of HAp crystallites. The mineralization of the collagen matrix significantly improves the mechanical properties of the scaffold, as'
 'It can help cells stick, grow, and change. This supports the formation of new bone tissue [17]. Scaﬀold materials represented by HAp composites in tissue-engineered bone exhibit strong osteogenic capacity [24]. Advances in manufacturing technology and materials sci- ence have enabled HAp composite sca ﬀolds to more closely re semble the composition and mechanical properties of natural bone [25]. Considering the current development trends, the composites described below are classi ﬁed into composites with inorganic Figure 1. Literature review framework diagram. 2. HAp Composites Classification HAp has great potential in the biomedical field. It is especially useful in bone tissue engineering, drug delivery, and biosensing. As a scaffold material for bone tissue engineer- ing, HAp has good biocompatibility (as shown in Table 1). It can help cells stick, grow, and change. This supports the formation of new bone tissue [17]. Scaffold materials represented by HAp composites in tissue-engineered bone exhibit strong osteogenic capacity [ 24]. Advances in manufacturing technology and materials science have enabled HAp composite scaffolds to more closely resemble the composition J. Funct. Biomater. 2025, 16, 127 4'
 'mixing method Improves material strength, toughness, electrical properties, induces bone formation, serves as a drug carrier, and exhibits antimicrobial performance [37,41,68] Ag+/Si-HAp 600 High-temperature and high-pressure hydrothermal method Inhibits multiple pathogenic yeast species [35,69] Organic-based HAp Composites Col/HAp 900 Microwave-assisted co-titration method Improves the mechanical modulus of the scaffold material [28,42] PLA/HAp / Preparation of electrospinning solution Promotes bone cell adhesion/proliferation, increases fiber size/roughness, slows degradation, enhances bioactivity [48,49] SNF/nHAp / HAp formation via in situ precipitation from calcium phosphate solution on SNF template Vascularization and bone regeneration [29,67,70] HAp/PCL 800 Liquid deposition modeling (LDM); 3D printing technology Compatible with structurally complex shapes, high porosity, and tailored for personalized treatment [61,71,72] J. Funct. Biomater. 2025, 16, 127 10 of 20 Table 1. Cont. Classification of Composite Materials Combination of HAp with Types of Reinforcements HAp Sintering Temperature (◦C) Preparation Method Function Refs Hybrid HAp Composites HAp/CS/SiO2 1200 Sol–gel method; 3D printing technology Drug and protein loading capability, and osteogenic effect [51–53,73] HAp/CS/Zn 800 Co-precipitation method Antibacterial effect and improvement of scaffold morphology [54–57,74] HAp/Collagen/Sr / Polymer-induced liquid precursor (PILP) Enhances']",,0.8374716176821443
What is the theoretical calcium-to-phosphorus atomic ratio of hydroxyapatite?,E,"['formula Ca10(PO4)6(OH)2, is a calcium phosphate crystal and a type of apatite. The the- oretical atomic ratio of calcium to phosphorus is 1.67, and the theoretical weight ratio of calcium to phosphorus is 2.16. It is composed of elements such as calcium (Ca), phosphorus (P), oxygen (O), and hydrogen (H). In its crystal structure, calcium ions (Ca 2++) occupy specific positions, providing the basic framework for the crystal. Phosphate ions (PO43−) form a stable crystal structure through chemical bonding with calcium ions. The presence of hydroxyl ions (OH−) not only affects the chemical properties of the crystal but also plays an important role in the process of biomineralization [11]. It is worth noting that the chemical composition of hydroxyapatite is strikingly similar to the inorganic component of human bone tissue. Studies have shown that HAp has a greater ability to repair bone and cartilage than other biomaterials [12]. Whether prosthetic implants, scaffolds, or artificial bone cement, as a biocompatible mineral with a composition similar to that of bone minerals, it constitutes the primary mineral constituent of cancellous and cortical mature'
 'J. Calcium to phosphate ratio measurements in calcium phosphates using LIBS. J. Phys. Conf. Ser. 2018, 1027, 012015. 14. Tzavellas, A.-N.; Katrilaka, C.; Karipidou, N.; Kanari, M.; Pitou, M.; Koliakos, G.; Cheva, A.; Choli-Papadopoulou, T.; Aggeli, A.; Tsiridis, E. The “Forgotten” Hydroxyapatite Crystals in Regenerative Bone Tissue Engineering: A Critical Review. Crystals 2024, 14, 448. [CrossRef] 15. Kribaa, O.K.; Labidi, C.E.; Djouama, H.; Laacher, L. Coupled experimental and theoretical study of hydroxyapatite ceramics. Bioinspired Biomim. Nanobiomater. 2023, 12, 104–114. 16. Delpierre, A.; Savard, G.; Renaud, M.; Rochefort, G.Y. Tissue Engineering Strategies Applied in Bone Regeneration and Bone Repair. Bioengineering 2023, 10, 644. [CrossRef] 17. Mondal, S.; Park, S.; Choi, J.; Vu, T.T.H.; Doan, V .H.M.; Vo, T.T.; Lee, B.; Oh, J. Hydroxyapatite: A journey from biomaterials to advanced functional materials. Adv. Colloid Interface Sci. 2023, 321, 103013. 18. Fiume, E.; Magnaterra, G.; Rahdar, A.; Verné, E.; Baino, F. Hydroxyapatite for Biomedical Applications: A Short Overview. Ceramics 2021, 4, 542–563. [CrossRef] 19. Poddar, D.; Singh, A.; Rao, P .; Mohanty, S.; Jain, P . Modified-Hydroxyapatite-Chitosan Hybrid Composite Interfacial Coating on 3D'
 'repair bone and cartilage than other biomaterials [12]. Whether prosthetic implants, scaffolds, or artificial bone cement, as a biocompatible mineral with a composition similar to that of bone minerals, it constitutes the primary mineral constituent of cancellous and cortical mature bone [13]. It is highly attractive due to its excellent osteoconductive properties [14]. Hydroxyapatite has a hexagonal structure with a space group of P6 3/m and lattice constants of a = b = 9.42 Å and c = 6.88 Å. In this crystal structure, PO43− forms a hexagonal close-packed arrangement, while calcium ions (Ca2+) occupy the interstitial sites within this structure. Hydroxyl ions (OH−) are located in specific channels within the crystal lattice. This orderly arrangement endows hydroxyapatite crystals with a certain stability and unique physicochemical properties [ 15]. Through imitating the structure of natural bone, hydroxyapatite coatings can enhance the growth of bone cells on the surface of implants. Such coatings are characterized mainly by their low porosity, strong adhesion, high crystallinity, and chemical purity [16]. Although HAp can be applied as the original composition in bone tissue engineering,'
 'R.A.; Surmeneva, M.A. A critical review of decades of research on calcium phosphate–based coatings: How far are we from their widespread clinical application? Curr. Opin. Biomed. Eng. 2019, 10, 35–44. [CrossRef] 8. Habibah, T.U.; Amlani, D.V .; Brizuela, M. Hydroxyapatite Dental Material. InStatPearls; StatPearls Publishing: Treasure Island, FL, USA, 2020. 9. Domingo, C.; Arcís, R.; López-Macipe, A.; Osorio, R.; Rodríguez-Clemente, R.; Murtra, J.; Fanovich, M.; Toledano, M. Dental composites reinforced with hydroxyapatite: Mechanical behavior and absorption/elution characteristics. J. Biomed. Mater. Res. J. Soc. Biomater. Jpn. Soc. Biomater. Aust. Soc. Biomater. Korean Soc. Biomater. 2001, 56, 297–305. [CrossRef] 10. Meyer, F.; Amaechi, B.T.; Fabritius, H.-O.; Enax, J. Overview of calcium phosphates used in biomimetic oral care.Open Dent. J. 2018, 12, 406. [CrossRef] 11. Pepla, E.; Besharat, L.K.; Palaia, G.; Tenore, G.; Migliau, G. Nano-hydroxyapatite and its applications in preventive, restorative and regenerative dentistry: A review of literature. Annali di Stomatologia 2014, 5, 108. [CrossRef] 12. Pu’ad, N.A.S.M.; Koshy, P .; Abdullah, H.Z.; Idris, M.I.; Lee, T.C. Syntheses of hydroxyapatite from natural sources.Heliyon 2019, 5, e01588. 13. Ratnayake, J.T.B.; Gould, M.L.; Shavandi,']",,0.0
Which scaffold component is explicitly described as providing biophysical instructive signals in bone tissue engineering?,C,"['the natural process of regeneration occurring in the body and incorporate three essential components: scaffolds, cells, and biophysical instructive signals (e.g., growth factors and physical stimuli) [4]. Combining these three elements, BTE demonstrates highly promising results, and this multifactorial approach must be considered in an integrated manner for each specific tissue and its physiopathological condition when working to repair or improve the function of injured tissues [5,6]. Bioactive scaffolds provide a biomimetic 3D architecture that closely mimics the extracellular matrix (ECM) of native bone tissue. Engineered with precisely tuned physical– chemical properties and bioactivity, these scaffolds establish a regenerative niche that orchestrates cellular processes—from adhesion to terminal differentiation—through spa- tiotemporal control of biochemical cues [7]. These scaffolds can be made of biocompatible J. Funct. Biomater. 2025, 16, 127 https://doi.org/10.3390/jfb16040127 J. Funct. Biomater. 2025, 16, 127 2 of 20 materials that gradually degrade after implantation while promoting the formation of new bone tissue. In vivo results of ceramic-based scaffolds used in some studies have shown that they promote bone mineralization and collagen deposition while reducing inflammatory responses [2]. In addition, the'
 'E.M. Scaffold Fabrication Techniques of Biomaterials for Bone Tissue Engineering: A Critical Review. Bioengineering 2022, 9, 728. [CrossRef] J. Funct. Biomater. 2025, 16, 127 16 of 20 5. Costa, J.B.; Pereira, H.; Espregueira-Mendes, J.; Khang, G.; Oliveira, J.M.; Reis, R.L. Tissue engineering in orthopaedic sports medicine: Current concepts. J. ISAKOS 2017, 2, 60–66. 6. Huang, B.; Li, S.; Dai, S.; Lu, X.; Wang, P .; Li, X.; Zhao, Z.; Wang, Q.; Li, N.; Wen, J.; et al. Ti3C2Tx MXene-Decorated 3D-Printed Ceramic Scaffolds for Enhancing Osteogenesis by Spatiotemporally Orchestrating Inflammatory and Bone Repair Responses. Adv. Sci. 2024, 11, e2400229. 7. Kang, M.; Lee, C.-S.; Lee, M. Bioactive Scaffolds Integrated with Liposomal or Extracellular Vesicles for Bone Regeneration. Bioengineering 2021, 8, 137. [CrossRef] 8. He, S.; Fang, J.; Zhong, C.; Wang, M.; Ren, F. Spatiotemporal Delivery of pBMP2 and pVEGF by a Core-Sheath Structured Fiber-Hydrogel Gene-Activated Matrix Loaded with Peptide-Modified Nanoparticles for Critical-Sized Bone Defect Repair. Adv. Health Mater. 2022, 11, e2201096. 9. Tsiklin, I.L.; Shabunin, A.V .; Kolsanov, A.V .; Volova, L.T. In Vivo Bone Tissue Engineering Strategies: Advances and Prospects.'
 'gradually degrade after implantation while promoting the formation of new bone tissue. In vivo results of ceramic-based scaffolds used in some studies have shown that they promote bone mineralization and collagen deposition while reducing inflammatory responses [2]. In addition, the admixture of growth factors, such as bone vascular endothelial growth factor (VEGF) or morphogenetic protein (BMP), stimulates osteoblast recruitment, angiogenesis, and tissue regeneration [ 8]. Stem cells, including induced pluripotent stem cells (iPSCs) or mesenchymal stem cells (MSCs), possess the ability to self-renew and differentiate into diverse osteoblastic cell types, rendering them a highly useful resource for bone tissue engineering [9]. Scaffolds are important components of bone tissue engineering structures. Hydroxya- patite (HAp), as a bioactive material, is regarded as a highly appealing ceramic material for the replacement and regeneration of bone and hard tissues [10]. HAp, with the chemical formula Ca10(PO4)6(OH)2, is a calcium phosphate crystal and a type of apatite. The the- oretical atomic ratio of calcium to phosphorus is 1.67, and the theoretical weight ratio of calcium to phosphorus is 2.16. It is composed of elements such'
 'Institutional Review Board Statement: Not applicable. Informed Consent Statement: Not applicable. Data Availability Statement: No new data were created or analyzed in this study. Data sharing is not applicable to this article. Conflicts of Interest: The authors declare no conflicts of interest. References 1. Deplaigne, V .; Rochefort, G.Y. Bone tissue engineering at a glance. AIMS Bioeng. 2022, 9, 22–25. 2. Song, J.E.; Lee, D.H.; Khang, G.; Yoon, S.J. Accelerating bone regeneration using poly(lactic-co-glycolic acid)/hydroxyapatite scaffolds containing duck feet-derived collagen. Int. J. Biol. Macromol. 2023, 229, 486–495. [PubMed] 3. Yuan, X.; Zhu, W.; Yang, Z.; He, N.; Chen, F.; Han, X.; Zhou, K. Recent Advances in 3D Printing of Smart Scaffolds for Bone Tissue Engineering and Regeneration. Adv. Mater. 2024, 36, e2403641. [PubMed] 4. Bhushan, S.; Singh, S.; Maiti, T.K.; Sharma, C.; Dutt, D.; Sharma, S.; Li, C.; Tag Eldin, E.M. Scaffold Fabrication Techniques of Biomaterials for Bone Tissue Engineering: A Critical Review. Bioengineering 2022, 9, 728. [CrossRef] J. Funct. Biomater. 2025, 16, 127 16 of 20 5. Costa, J.B.; Pereira, H.; Espregueira-Mendes, J.; Khang, G.; Oliveira, J.M.; Reis, R.L.']",0.0,0.7770633989691591
According to the zirconia review which crystalline phase of zirconia is stable at room temperature?,E,"['of inflam - mation and toxicity. This review emphasizes that while zirconia offers superior corrosion resistance—especially against pitting and crevice corrosion (Muller-Heupt et al. 2022)—its clinical limitations lie in brittleness, lower elastic modulus, and suboptimal osseointegration. To overcome these drawbacks, recent advances focus on material reinforcement (e.g., YSZ composites), surface modification (e.g., coatings, laser treatments, bioac - tive functionalization), and implant design innovations. These strategies aim to address zirconia’s mechanical and biological limitations, ensuring improved performance and broader applicability in dental implantology. Zirconia exists in three distinct crystalline forms Zirconia exists in three distinct phases: monoclinic (sta - ble at room temperature), tetragonal (stable above 1170 °C), and cubic (stable above 2370 °C) (Fig. 1). These phases vary in their coordination numbers, with the monoclinic phase being thermodynamically stable at lower temperatures due to the strong covalent Zr–O bonds. However, doping with oxides such as MgO, Y2O3, CaO, and Ce2O3 can stabilize the tetragonal or cubic phases even at room temperature, improving both the mechanical properties and phase stability of the mate - rial. The tetragonal phase, in particular, is'
 'doping with oxides such as MgO, Y2O3, CaO, and Ce2O3 can stabilize the tetragonal or cubic phases even at room temperature, improving both the mechanical properties and phase stability of the mate - rial. The tetragonal phase, in particular, is prized for its Fig. 1 A schematic illustration of the space groups for three distinct polymorphs of ZrO2, along with their respective mechanical properties, adapted from reference Hannink et al. (2000) with permission Page 3 of 25 Srinivasan et al. J Mater. Sci: Mater Eng. (2025) 20:76 enhanced stability and defect-induced activity. Moreover, it exhibits superior performance in catalytic applications (Kelly et al. 2008). Categorization of biomedical zirconia Magnesium partially stabilized zirconia (Mg-PSZ), yttrium-stabilized tetragonal zirconia polycrystals (3Y- TZP), and other materials like hydroxyapatite (HAP) and silicon carbide (SiC) are notable in biomedical applica - tions. Mg-PSZ, a bi-phasic material comprising cubic grains and tetragonal precipitates with approximately 8 mol% MgO, has limited application in biomedicine due to its inadequate phase stability, high porosity, and subopti - mal mechanical properties (Hannink et al. 2000; Pezzotti et al. 2014). On the'
 'was measured between 100 and 700 MPa. The study highlighted that the zirconia’s resistance to aging is influenced by factors such as the material’s initial properties, processing methods, and microstructure. It was also observed that reducing the grain size of zirconia could lower the driving force for phase transformation, thus stabilizing the tetrago - nal phase and enhancing the material’s aging resist - ance. In a critical review, Lughi et al. (2010) examined low-temperature degradation (LTD), a key factor in the aging of zirconia ceramics for dental use. They empha - sized that LTD is primarily governed by factors such as stabilizer type, concentration, grain size, and residual stresses. The authors warned against using accelerated aging tests to predict the long-term performance of zir - conia, as these tests may not accurately simulate real-life conditions. They suggested optimizing stabilizer content and controlling grain size to improve the durability and longevity of zirconia dental restorations. Hallmann et al. (2012) found that zirconia ceramics sintered at temper - atures between 1350 and 1450 °C exhibited improved Table 4 Mechanical properties of zirconium'
 'and controlling grain size to improve the durability and longevity of zirconia dental restorations. Hallmann et al. (2012) found that zirconia ceramics sintered at temper - atures between 1350 and 1450 °C exhibited improved Table 4 Mechanical properties of zirconium and titanium alloy (Apratim et al. 2015) Mechanical property Y-TZP Cp-Ti (grade 2) Ti-6 Al-4 V alloy Tensile strength (MPa) - 345 869 (Annealed) Bending strength (MPa) 1100 (without HAp) 1800 (with HAp) 100 950 Young modulus (GPa) 210 100 110 Vickers hardness (HV) 1200 150–170 270–320 Fracture toughness (MPa M1/2) 6–8 66 50 Page 21 of 25 Srinivasan et al. J Mater. Sci: Mater Eng. (2025) 20:76 aging resistance, with finer, more uniform grains and better stress distribution. As the sintering temperature increased, both the tensile/compressive stress ratio and monoclinic phase content also increased. Research on doping with elements like Al, Ce, and Si showed that these dopants could help mitigate LTD by enhancing the material’s stability. Ardlin et al. (2002) noted that the aging behavior of colored zirconia has been less studied, but their findings indicated that although']",,0.0
What is the main benefit of doping zirconia with oxides such as Y2O3 or MgO?,D,"['of inflam - mation and toxicity. This review emphasizes that while zirconia offers superior corrosion resistance—especially against pitting and crevice corrosion (Muller-Heupt et al. 2022)—its clinical limitations lie in brittleness, lower elastic modulus, and suboptimal osseointegration. To overcome these drawbacks, recent advances focus on material reinforcement (e.g., YSZ composites), surface modification (e.g., coatings, laser treatments, bioac - tive functionalization), and implant design innovations. These strategies aim to address zirconia’s mechanical and biological limitations, ensuring improved performance and broader applicability in dental implantology. Zirconia exists in three distinct crystalline forms Zirconia exists in three distinct phases: monoclinic (sta - ble at room temperature), tetragonal (stable above 1170 °C), and cubic (stable above 2370 °C) (Fig. 1). These phases vary in their coordination numbers, with the monoclinic phase being thermodynamically stable at lower temperatures due to the strong covalent Zr–O bonds. However, doping with oxides such as MgO, Y2O3, CaO, and Ce2O3 can stabilize the tetragonal or cubic phases even at room temperature, improving both the mechanical properties and phase stability of the mate - rial. The tetragonal phase, in particular, is'
 'comprising cubic grains and tetragonal precipitates with approximately 8 mol% MgO, has limited application in biomedicine due to its inadequate phase stability, high porosity, and subopti - mal mechanical properties (Hannink et al. 2000; Pezzotti et al. 2014). On the other hand, 3Y-TZP , a monophasic zirconia variant stabilized with 2–3 mol% Y2O3, demon- strates excellent strength and fracture toughness, making it highly suitable for therapeutic and dental uses (Han - nink et al. 2000). Zirconia-toughened alumina (ZTA), a composite containing 5–30% zirconia within an alumina matrix, combines improved mechanical strength, wear resistance, fracture toughness, and resistance to aging degradation by optimizing the size and distribution of particles, without requiring additional dopants (Dongxu Tang et al. 2012) (Table 1). Ceramic implants Zirconia in dental implant applications The introduction of the first ceramic dental implant dates back to 1974 with the development of the Tübin - gen implant, which was crafted from alumina (Al2O3) to overcome the limitations of metal implants Umar DM et al. (2024). Despite its biocompatibility and resistance to plaque, alumina implants were discontinued due to frequent fractures'
 'doping with oxides such as MgO, Y2O3, CaO, and Ce2O3 can stabilize the tetragonal or cubic phases even at room temperature, improving both the mechanical properties and phase stability of the mate - rial. The tetragonal phase, in particular, is prized for its Fig. 1 A schematic illustration of the space groups for three distinct polymorphs of ZrO2, along with their respective mechanical properties, adapted from reference Hannink et al. (2000) with permission Page 3 of 25 Srinivasan et al. J Mater. Sci: Mater Eng. (2025) 20:76 enhanced stability and defect-induced activity. Moreover, it exhibits superior performance in catalytic applications (Kelly et al. 2008). Categorization of biomedical zirconia Magnesium partially stabilized zirconia (Mg-PSZ), yttrium-stabilized tetragonal zirconia polycrystals (3Y- TZP), and other materials like hydroxyapatite (HAP) and silicon carbide (SiC) are notable in biomedical applica - tions. Mg-PSZ, a bi-phasic material comprising cubic grains and tetragonal precipitates with approximately 8 mol% MgO, has limited application in biomedicine due to its inadequate phase stability, high porosity, and subopti - mal mechanical properties (Hannink et al. 2000; Pezzotti et al. 2014). On the'
 'during high-temperature sintering. To overcome this, the researchers optimized the sol–gel process, resulting in a uniform and stable HA layer on zirconia surfaces (Fig. 15). The implants with this coat - ing exhibited improved biocompatibility and promoted superior bone integration compared to zirconia implants without the coating. This innovative approach holds great potential for improving the performance of zirconia- based dental implants. Alkali metal coating (magnesium, carbon, and nitrogen) P Karoline et al. (2015) explored the impact of magne - sium (Mg) incorporation into zirconia-calcium phos - phate coatings and observed that the addition of Mg promoted enhanced cell proliferation and differentiation when compared to coatings without Mg. Their micro - structural analysis revealed a stable, porous coating with robust adhesion. Other research has indicated that mag - nesium-calcium coatings further enhance the bioactiv - ity of zirconia, with a multilayered hydroxyapatite (HA) precipitate forming a “cauliflower” pattern after 7 days in simulated body fluid (SBF) (Ewais et al. 2017; Schienle et al. 2016). Moreover, introducing elements such as nitrogen and carbon has been shown to improve both the biological']",,0.8201508511180068
Which zirconia category is described as having 2–3 mol% Y2O3 and being highly suitable for dental use?,E,"['comprising cubic grains and tetragonal precipitates with approximately 8 mol% MgO, has limited application in biomedicine due to its inadequate phase stability, high porosity, and subopti - mal mechanical properties (Hannink et al. 2000; Pezzotti et al. 2014). On the other hand, 3Y-TZP , a monophasic zirconia variant stabilized with 2–3 mol% Y2O3, demon- strates excellent strength and fracture toughness, making it highly suitable for therapeutic and dental uses (Han - nink et al. 2000). Zirconia-toughened alumina (ZTA), a composite containing 5–30% zirconia within an alumina matrix, combines improved mechanical strength, wear resistance, fracture toughness, and resistance to aging degradation by optimizing the size and distribution of particles, without requiring additional dopants (Dongxu Tang et al. 2012) (Table 1). Ceramic implants Zirconia in dental implant applications The introduction of the first ceramic dental implant dates back to 1974 with the development of the Tübin - gen implant, which was crafted from alumina (Al2O3) to overcome the limitations of metal implants Umar DM et al. (2024). Despite its biocompatibility and resistance to plaque, alumina implants were discontinued due to frequent fractures'
 'of inflam - mation and toxicity. This review emphasizes that while zirconia offers superior corrosion resistance—especially against pitting and crevice corrosion (Muller-Heupt et al. 2022)—its clinical limitations lie in brittleness, lower elastic modulus, and suboptimal osseointegration. To overcome these drawbacks, recent advances focus on material reinforcement (e.g., YSZ composites), surface modification (e.g., coatings, laser treatments, bioac - tive functionalization), and implant design innovations. These strategies aim to address zirconia’s mechanical and biological limitations, ensuring improved performance and broader applicability in dental implantology. Zirconia exists in three distinct crystalline forms Zirconia exists in three distinct phases: monoclinic (sta - ble at room temperature), tetragonal (stable above 1170 °C), and cubic (stable above 2370 °C) (Fig. 1). These phases vary in their coordination numbers, with the monoclinic phase being thermodynamically stable at lower temperatures due to the strong covalent Zr–O bonds. However, doping with oxides such as MgO, Y2O3, CaO, and Ce2O3 can stabilize the tetragonal or cubic phases even at room temperature, improving both the mechanical properties and phase stability of the mate - rial. The tetragonal phase, in particular, is'
 'GO (2018) Trends in dental implant use in the US, 1999–2016, and projections to 2026. J Dental Res 97:1424–1430 Ewais EMM, Amin AMM, Ahmed YMZ, Ashor EA, Hess U, Rezwan K (2017) Combined effect of magnesia and zirconia on the bioactivity of calcium silicate ceramics at C\\S ratio less than unity. Mater Sci Eng 70:155–160 Feng G et al (2021) Design and characterization of zirconium-based multilayer coating for carbon/carbon composites against oxyacetylene ablation. Corros Sci 192:109785 Fischer J, Schott A, Märtin S (2016) Surface micro-structuring of zirconia dental implants. Clin Oral Implants Res 27:162–166 Flamant Q, García Marro F, Roa Rovira JJ, Anglada M (2016) Hydrofluoric acid etching of dental zirconia. Part 1: etching mechanism and surface characterization. J Eur Ceram Soc 36:121–134 Flinn BD, deGroot DA, Mancl LA et al (2012) Accelerated aging characteristics of three yttria-stabilized tetragonal zirconia polycrystalline dental mate- rial. J Prosthet Dent 108(4):223–230 Frateur I, Cattarin S, Musiani M, Tribollet B (2000) Electrodissolution of Ti and p-Si in acidic fluoride media: formation ratio of oxide layers from electrochemical impedance spectroscopy. J Electroanalytical Chem 482:202–210 Gahlert'
 'enhances its biocompatibility and suitability for various biomedical applications (Carinci et al. 2004). This over - view will delve into the corrosion behavior, advantages, and implications of zirconia in medical implants. Advancements in zirconia ceramics for orthopedic implants Early microscopic and radiographic studies in animals demonstrated the excellent biocompatibility of zirconia Table 1 Properties of various ceramics for biomedical applications (Chevalier et al. 1999; Dana et al. 2023) Property HAP YTZP-A Mg-PSZ TZP Alumina Silicon carbide Units Chemical composition Ca10(PO4)6 (OH)2 ZrO2/Y2O3/ Al2O3 95/5/0.25 ZrO2 + 8–10 mol % ZrO2 + 3 mol % 99.9% + MgO SiC Density 3.4 6.05 5.7–6 > 6 ≥ 3.97 3.2 g cm−1 Porosity - 0 - < 0.1 < 0.1 - % Bending strength 600 1200 450–700 900–1200 > 500 - MPa Compression strength 1000 2000 2000 2000 4100 2000 MPa Young’s modulus 100–200 210 200 210 380 410 GPa Fracture roughness ∼3 12 7–15 7–10 4 - MPam 1/2 Thermal expansion coefficient - 11 × 10−6 7–10 × 10−6 11 × 10−6 8 × 10−6 4.3 K−1 Thermal conductivity - 2 2']",,0.0
Why are one-piece zirconia implants clinically interesting despite fabrication challenges?,A,"['both bone and soft tissues. Surface treatments such as acid etch - ing, UV irradiation, and plasma treatments enhance their bioactivity and promote osteoblast attachment and osse - ointegration. One-piece zirconia implants reduce risks of bacterial colonization and peri-implantitis compared to two-piece designs, though their fabrication poses techni - cal challenges due to ceramic brittleness. While survival rates for zirconia implants (74–98% after 12–56 months) are promising, they remain slightly lower than titanium implants (97–100% over 3–10.4 years), with issues like early failure, fractures, and bone loss requiring further improvements (Oliva et al. 2010; Depprich et al. 2008b, a; Akagawa et al. 1998). The corrosion resistance of zirconia in medical implants is a critical factor influencing their performance and longevity. Zirconia, particularly in its stabilized forms, exhibits excellent corrosion resistance due to the formation of a protective oxide layer, which enhances its biocompatibility and suitability for various biomedical applications (Carinci et al. 2004). This over - view will delve into the corrosion behavior, advantages, and implications of zirconia in medical implants. Advancements in zirconia ceramics for orthopedic implants Early microscopic'
 '1993), have driven the search for alternatives. Zirconia has emerged as a promising alternative, offering excellent osseointegration (Scarano et al. 2003; Kohal et al. 2004), superior biocom - patibility (Steinemann et al. 1998), and aesthetic advan - tages due to its tooth-like color (Jackson et al. 1999). Additionally, zirconia is radiopaque and resists bacterial colonization more effectively than titanium (Ahmad et al. 1998; Pekkan et al. 2011; Rimodini et al. 2002; Gahlert et al. 2018). Unlike titanium, zirconia does not produce corrosion byproducts at the implant site (Sterner et al. 2004). These exceptional properties underscore zirconia’s potential as an outstanding material for dental implants. Its dense oxide layer provides long-term corrosion resist - ance, even in highly acidic environments (Qi et al. 2022). In addition, zirconia’s excellent wear resistance and mini- mal metal ion release help to mitigate the risks of inflam - mation and toxicity. This review emphasizes that while zirconia offers superior corrosion resistance—especially against pitting and crevice corrosion (Muller-Heupt et al. 2022)—its clinical limitations lie in brittleness, lower elastic modulus, and suboptimal osseointegration. To overcome these drawbacks,'
 'concerns. Andreiotelli et al. (2009a, b) have led to a search for alternative materials. Aluminum oxide was the first ceramic implant material, showing osseointegration but lacking in fracture tough - ness. This led to long-term survival rates of 65–92%. Despite its failure, it paved the way for the development of metal-free materials like zirconia, which has been used in dental implants since 1995 (Cionca et al. 2017). Zirconia is favored for its excellent mechanical proper - ties, biocompatibility, and aesthetic appearance, though its fracture toughness requires further improvement (Glauser et al. 2004). Surface modifications, includ - ing morphology, chemical composition, and roughness, play a crucial role in enhancing tissue integration (Ko et al. 2007; R Teimouri et al. (2023). Such modifications have been widely used in titanium implants and are now being explored for zirconia implants to improve biologi - cal performance and osseointegration studied in detail by Turon-Vinas et al. (2018), Deligianni et al. (2001), Boss - hardt et al. (2017), and Han et al. (2020). Various surface modification methods for zirconia, including physical treatments, chemical treatments, and coatings,'
 'development of the Tübin - gen implant, which was crafted from alumina (Al2O3) to overcome the limitations of metal implants Umar DM et al. (2024). Despite its biocompatibility and resistance to plaque, alumina implants were discontinued due to frequent fractures and low survival rates (Han J et al. 2017). Zirconia, with superior mechanical properties compared to alumina, marked a significant advancement in ceramic implants (Andreiotelli et al. 2009a, b) with the development of the Z-system® by Volz (Han J et al. 2017; Carinci et al. 2004). This innovation led to the applica - tion of zirconia ceramics in dental implantology (Fig. 2). Zirconia implants, introduced as a metal-free alternative, excel in aesthetics due to their white color, making them ideal for patients with thin gingiva or hypersensitivity to titanium. They show excellent biocompatibility, minimal immune reaction, and strong integration with both bone and soft tissues. Surface treatments such as acid etch - ing, UV irradiation, and plasma treatments enhance their bioactivity and promote osteoblast attachment and osse - ointegration. One-piece zirconia implants reduce risks of bacterial colonization and peri-implantitis compared']",,0.0
Which reported outcome showed non-submerged zirconia implants lower than submerged zirconia implants in the cited minipig study?,D,"['of zirconia (ZrO2) and titanium (Ti) implants was com - pared in the maxillae of mini pigs. Both types of implants demonstrated direct bone-to-implant contact (BIC) and successful peri-implant bone density formation. Specifi - cally, ZrO2 implants had mean peri-implant bone density values of 60.4%, 65.4%, and 63.3% at 4, 8, and 12 weeks post-implantation, respectively. Titanium SLA (Ti-SLA) implants showed values of 61.1%, 63.6%, and 68.2% dur - ing the same intervals. The BIC ratio for ZrO2 implants ranged from 67.1 to 70%, while Ti-SLA implants ranged from 64.7 to 83.7%. No significant differences were found between the two implant types at any of the measured time points. The results indicated that ZrO2 implants achieved osseointegration similar to Ti-SLA implants, highlighting their potential as effective alternatives in dental implant procedures. Özkurt and Kazazoğul et al. (2011) reviewed studies on zirconia dental implants published from 1975 to 2009, finding that zirconia implants offer osseointegration comparable to titanium implants. They also noted that zirconia implants exhibit evenly distributed stress and similar surface roughness to titanium, both of which are important for'
 'of zirconia implants remained underexplored until recent advancements. Current efforts focus on optimiz - ing zirconia surfaces to enhance their integration with bone tissue while improving mechanical and biologi - cal performance. Stadlinger et al. (2010) compared the bone-implant contact (BIC) and peri-implant bone vol - ume density (rBVD) of one-piece zirconia and titanium implants in minipigs’ mandibles. Zirconia implants were tested in submerged and non-submerged conditions, while titanium implants were all submerged. The results showed the following: BIC, submerged zirconia = 53%, submerged titanium = 53%, non-submerged zirconia = 48%; rBVD, submerged zirconia = 80%, submerged titanium = 74%, non-submerged zirconia = 63%. Zirco - nia implants exhibited comparable or superior results, particularly in rBVD (Gomes et al. 2011). Att et al. (2009) investigated the effect of UV treatment on zirconia (Y-PSZ) implants, finding enhanced osteoblast attach - ment, proliferation, and mineralization. UV treatment made the zirconia surface hydrophilic and reduced sur - face carbon, improving bioactivity. Han et al. (2011) later studied alumina-sandblasted yttrium-stabilized tetrago - nal zirconia polycrystals (Y-TZP) and found increased osteoblast differentiation and proliferation when'
 'can enhance surface roughness, chemical properties, and cellular responses. These modifications are shown to promote better cell adhesion, proliferation, and bone- implant integration, thus improving the overall clinical performance of zirconia implants. A separate study comparing BIC between zirconia and titanium implants over a 12-week period (Fig. 12) found no significant differences between the two materials. At 1 week, the mean BIC was 35.3% ± 10.8 for zirconia and 47.7% ± 9.1 for titanium. After 4 weeks (Fig. 13), the BIC values increased to 45.3% ± 15.7 for zirconia and 58.6% ± 9.5 for titanium. By 12 weeks (Fig. 14), BIC had further increased to 71.4% ± 17.8 for zirconia and 82.9% ± 10.7 for titanium implants. These results suggest that both zir- conia and titanium implants achieve comparable osseoin- tegration over time. Histological examination at 4 weeks showed mature regeneration tissue with osteoid and woven bone formation around both types of implants. At 12 weeks, mature lamellar bone was in direct contact with both zirconia and titanium surfaces, indicating suc - cessful integration with the hard tissue. No inflammation'
 'top panels and higher magnification in the bottom panels, with white bars (only in Ti) at 0.5 mm. Arrows indicate mineralized matrix areas. Panel E: Alkaline phosphatase activity in BMSC on various substrates. Data are normalized to DNA content; bars represent the mean ± SE of three measurements from two independent experiments. Ti, A, B, C, and D as in panel A; P , plastic, adapted from reference Deligianni et al. (2001) with permissions Page 14 of 25Srinivasan et al. J Mater. Sci: Mater Eng. (2025) 20:76 weeks after implantation. At the 2-week mark, zirconia implants exhibited slightly greater bone apposition (54– 55%) compared to titanium implants (42–52%). However, by the 4-week mark, titanium implants demonstrated greater bone apposition (68–91%) than zirconia implants (62–80%). Schultze-Mosgau et al. (2000) assessed bone- to-implant contact (BIC) in zirconia endodontic cones following apicectomy, revealing a BIC ratio of 0.95 for titanium surfaces and 1.47 for zirconia, indicating signifi- cantly better bone healing on zirconia surfaces compared to titanium. Kohal et al. (2004) compared the soft and hard tissue responses of sandblasted zirconia implants (re-implant)']",,0.0
What was a reported effect of UV treatment on zirconia implant surfaces?,D,"['of zirconia implants remained underexplored until recent advancements. Current efforts focus on optimiz - ing zirconia surfaces to enhance their integration with bone tissue while improving mechanical and biologi - cal performance. Stadlinger et al. (2010) compared the bone-implant contact (BIC) and peri-implant bone vol - ume density (rBVD) of one-piece zirconia and titanium implants in minipigs’ mandibles. Zirconia implants were tested in submerged and non-submerged conditions, while titanium implants were all submerged. The results showed the following: BIC, submerged zirconia = 53%, submerged titanium = 53%, non-submerged zirconia = 48%; rBVD, submerged zirconia = 80%, submerged titanium = 74%, non-submerged zirconia = 63%. Zirco - nia implants exhibited comparable or superior results, particularly in rBVD (Gomes et al. 2011). Att et al. (2009) investigated the effect of UV treatment on zirconia (Y-PSZ) implants, finding enhanced osteoblast attach - ment, proliferation, and mineralization. UV treatment made the zirconia surface hydrophilic and reduced sur - face carbon, improving bioactivity. Han et al. (2011) later studied alumina-sandblasted yttrium-stabilized tetrago - nal zirconia polycrystals (Y-TZP) and found increased osteoblast differentiation and proliferation when'
 'materi - als themselves. The authors concluded that surface- modified zirconia implants could be a viable alternative to titanium implants, though additional clinical studies are needed for further confirmation. Buser et al. (1998) compared the removal torque values (RTVs) of titanium screw-type implants with different surface treatments in miniature pigs’ maxillae. Implants with a sandblasted and acid-etched surface (SLA) exhibited significantly higher RTVs than those with a machined and acid-etched sur - face (Osseotite), indicating stronger bonding at the bone- implant interface for the SLA surface. In a study, Taniguchi et al. (2016) explored how fiber laser-induced grooves on zirconia implants influenced osteoblast behavior and bone formation. Their findings showed enhanced osteoblast proliferation and differen - tiation on roughened zirconia surfaces, with increased alkaline phosphatase activity and osteocalcin expres - sion. In vivo tests on rat tibiae demonstrated improved bone-to-implant contact and removal torque for laser- treated zirconia implants, indicating better osseointegra - tion. Aivazi et al. (2018) examined the effects of surface treatments on the viability of L929 fibroblast cells cul - tured on zirconia nanocomposites. Various treatments, such'
 'contact and removal torque for laser- treated zirconia implants, indicating better osseointegra - tion. Aivazi et al. (2018) examined the effects of surface treatments on the viability of L929 fibroblast cells cul - tured on zirconia nanocomposites. Various treatments, such as sandblasting, acid etching, and laser irradiation, were applied to enhance the surface properties of the nanocomposites. The results, measured via MTT assays, showed that all surface modifications promoted cell pro - liferation, with laser irradiation leading to the highest cell viability. This suggests that laser treatment optimizes zirconia nanocomposites for better cellular attachment and growth. Lastly, Liu D. et al. (2013b) evaluated three surface treatments—sandblasting, sandblasting followed by regeneration firing, and laser irradiation—on the bond strength between porcelain and zirconia. Both sandblast - ing and laser irradiation improved shear bond strength (SBS) significantly, with no notable difference between the two methods. X-ray diffraction analysis revealed that sandblasting caused a tetragonal-to-monoclinic phase transformation in zirconia, which was reversed by regeneration firing, while laser irradiation did not alter the crystalline structure of the zirconia. These findings suggest that laser irradiation could'
 'zirconia dental implant surfaces on bone integration: a systematic review and meta-analysis. Biomed Res Int 2017:9246721 Hallmann L, Mehl A, Ulmer P et al (2012) The influence of grain size on low- temperature degradation of dental zirconia. J Biomed Mater Res Part B-Appl Biomater 100(2):447–456 Han Y, Yan Y, Lu C (2009) Ultraviolet-enhanced bioactivity of ZrO2 films pre- pared by micro-arc oxidation. Thin Solid Films 517:1577 Han SH, Kim KH, Han JS, Koo KT, Kim TI, Seol YJ, Lee YM, Ku Y, Rhyu IC (2011) Response of osteoblast-like cells cultured on zirconia to bone morpho- genetic protein-2. J Periodontal Implant Sci 41:227 Han J, Zhao J, Shen Z (2017) Zirconia ceramics in metal-free implant dentistry. Adv Appl Ceram 116(3):138–150 Han A, Tsoi JKH, Lung CYK, Matinlinna JP (2020) An introduction of biological performance of zirconia with different surface characteristics: a review. Dent Mater J 39:523–530 Hannink RH, Kelly PM, Muddle BC (2000) Transformation toughening in zirconia-containing ceramics. J Am Ceram Soc 83:461–487 He J, Genetos DC, Yellowley CE, Leach JK (2010) Oxygen tension differentially influences osteogenic differentiation of human adipose']",,0.0
Which combination was discussed as a zirconia-containing composite coating for orthopedic implants?,C,"['(toluidine blue, × 50 magnification). Adapted from reference Rita Depprich et al. (2008b, a) with permission Fig. 14 After 12 weeks of healing, well-formed lamellar bone is observed in close proximity to both the zirconia implant (on the left) and the titanium implant (on the right) (toluidine blue, × 100 magnification). Adapted from reference Rita Depprich et al. (2008b, a) with permission Page 16 of 25Srinivasan et al. J Mater. Sci: Mater Eng. (2025) 20:76 enhances both corrosion protection and mechanical durability. These properties make SiC coatings highly suitable for extending the lifespan of metal components in biomedical and industrial settings. HAP coating Hydroxyapatite (HA), which closely resembles the min - eral composition of bone, enhances bioactivity and pro - motes osseointegration. When applied as a coating on zirconia, it transforms the inert surface into a bioactive one, fostering better osseointegration. Moreover, porous zirconia scaffolds coated with HA have been explored as drug delivery systems to aid bone response and ensure effective osseointegration (Cho et al. 2015; Nale - way SE et al. 2016; Lavos et al. 2001). Aboushelib et'
 'indicating that zir - conia coatings can enhance osseointegration. In a sepa - rate study, Kirsten et al. (2015) assessed the bioactivity of a new glass composition (PC-XG3) zirconia coating through the simulated body fluid (SBF) immersion test. Both smooth and microstructured glass coatings on zir - conia implants demonstrated strong adhesion to the sub- strate and significantly improved bioactivity following immersion in SBF (SM Jusoh, et al. 2018). Silicon carbide (SiC) nanocomposite coatings offer excellent corrosion resistance due to their chemical inertness, thermal sta - bility, and mechanical strength. Acting as durable barri - ers, they reduce corrosion rates and prevent microcrack formation in harsh environments. When integrated into metal matrices like electroless nickel or enamel, SiC Fig. 13 At 4 weeks post-implantation, both zirconia (left) and titanium (right) implant surfaces displayed the formation of osteoid and woven bone (toluidine blue, × 50 magnification). Adapted from reference Rita Depprich et al. (2008b, a) with permission Fig. 14 After 12 weeks of healing, well-formed lamellar bone is observed in close proximity to both the zirconia implant (on the left) and'
 'MC (1999) Restoration of posterior implants using a new ceramic material. J Dent Technol 16:19–22 Jusoh SM et al (2018) Corrosion behavior and resistance parameters of silicon carbide nanocomposite coating on different metals. Journal of Mechanical Engineering and Sciences 12(1):3288–3301 Kaliaraj GS, Bavanilathamuthiah M, Kirubaharan K, Ramachandran D, Dharini T, Viswanathan K, Vishwakarma V (2016) Bio-inspired YSZ coated titanium by EB-PVD for biomedical applications. Surf Coat Tech 307:227–235 Karoline P et al (2015) Magnesium-containing mixed coatings on zirconia for dental implants: mechanical characterization and in vitro behavior. J Biomater Appl 30(1):104–118 Kelly JR, Denry I (2008) Stabilized zirconia as a structural ceramic: an overview. Dent Mater 24:289–298 Kim J, Kang IG, Cheon KH et al (2021) Stable sol–gel hydroxyapatite coating on zirconia dental implant for improved osseointegration. J Mater Sci: Mater Med 32:81 Kirsten A, Hausmann A, Weber M, Fischer J, Fischer H (2015) Bioactive and thermally compatible glass coating on zirconia dental implants. J Dent Res 94:297–303 Ko HC, Han JS, Bächle M, Jang JH, Shin SW, Kim DJ (2007) Initial osteoblast-like cell response to pure titanium and zirconia/alumina'
 'Y-TZP ceram- ics. J Am Ceram Soc 82:2150–2154 Cho Y, J H, Ryoo H, Kim D, Park J, Han J, (2015) Osteogenic responses to zirconia with hydroxyapatite coating by aerosol deposition. J Dent Res 94(3):491–499 Cionca N, Hashim D, Mombelli A (2017) Zirconia dental implants: where are we now, and where are we heading? Periodontol 73:241–258 Dana Abdulaziz, Alhabib (2023) The use of zirconia in crown and bridge resto- rations. International Journal of Applied Dental Sciences 9(3): 352–356. DavidsonSmith JA, Nephew, (1996) Zirconium oxide and nitride coated endo- prostheses for tissue protection. United States Patent 5(496):359 Deligianni DD, Katsala N, Ladas S, Sotiropoulou D, Amedee J, Missirlis YF (2001) Effect of surface roughness of the titanium alloy Ti−6Al−4V on human bone marrow cell response and on protein adsorption. Biomaterials 22:1241–1251 Depprich R, Zipprich H, Ommerborn M, Naujoks C, Wiesmann HP , Kiattavorn- charoen S et al (2008a) Osseointegration of zirconia implants compared with titanium: an in vivo study. Head Face Med 4:30 Depprich R, Ommerborn M, Zipprich H et al (2008b) Behavior of osteoblastic cells cultured on titanium and structured']",,0.0
Which specific parameter cannot be concluded from the provided zirconia and HAp composite reviews alone?,E,"['J Oral Maxillofacial Implant 29:311–320 Matsumoto et al (2011) Zirconia–hydroxyapatite composite material with micro porous structure. Dent Mater 27(11):e205–e212 Mohseni P , Soufi A, Chrcanovic BR (2023) Clinical outcomes of zirconia implants: a systematic review and meta-analysis. Clin Oral Investig 28(1):15 Mondal D, So-Ra S, Sarkar SK, Min YK, Yang HM, Lee BT (2013) Fabrication of multilayer ZrO₂-biphasic calcium phosphate-poly-caprolactone unidirectional channeled scaffold for bone tissue formation. J Biomater Appl 28(3):462–472 Morena D et al (2024) Comparative clinical behavior of zirconia versus titanium dental implants: a systematic review and meta-analysis of randomized controlled trials. J Clin Med 13(15):4488 Müller-Heupt LK, Schiegnitz E, Kaya S, Jacobi-Gresser E, Kämmerer PW, Al- Nawas B (2022) The German S3 guideline on titanium hypersensitivity in implant dentistry: consensus statements and recommendations. Int J Imp Dent 8(1):51 Nakamura K, Harada A, Kanno T et al (2015) The influence of low-temperature degradation and cyclic loading on the fracture resistance of monolithic zirconia molar crowns. J Mech Behav Biomed Mater 47:49–56 Naleway SE et al (2016) Reproducibility of ZrO2-ased freeze casting for bioma- terials. Mater Sci Eng C'
 'zirconia dental implant surfaces on bone integration: a systematic review and meta-analysis. Biomed Res Int 2017:9246721 Hallmann L, Mehl A, Ulmer P et al (2012) The influence of grain size on low- temperature degradation of dental zirconia. J Biomed Mater Res Part B-Appl Biomater 100(2):447–456 Han Y, Yan Y, Lu C (2009) Ultraviolet-enhanced bioactivity of ZrO2 films pre- pared by micro-arc oxidation. Thin Solid Films 517:1577 Han SH, Kim KH, Han JS, Koo KT, Kim TI, Seol YJ, Lee YM, Ku Y, Rhyu IC (2011) Response of osteoblast-like cells cultured on zirconia to bone morpho- genetic protein-2. J Periodontal Implant Sci 41:227 Han J, Zhao J, Shen Z (2017) Zirconia ceramics in metal-free implant dentistry. Adv Appl Ceram 116(3):138–150 Han A, Tsoi JKH, Lung CYK, Matinlinna JP (2020) An introduction of biological performance of zirconia with different surface characteristics: a review. Dent Mater J 39:523–530 Hannink RH, Kelly PM, Muddle BC (2000) Transformation toughening in zirconia-containing ceramics. J Am Ceram Soc 83:461–487 He J, Genetos DC, Yellowley CE, Leach JK (2010) Oxygen tension differentially influences osteogenic differentiation of human adipose'
 'Y-TZP ceram- ics. J Am Ceram Soc 82:2150–2154 Cho Y, J H, Ryoo H, Kim D, Park J, Han J, (2015) Osteogenic responses to zirconia with hydroxyapatite coating by aerosol deposition. J Dent Res 94(3):491–499 Cionca N, Hashim D, Mombelli A (2017) Zirconia dental implants: where are we now, and where are we heading? Periodontol 73:241–258 Dana Abdulaziz, Alhabib (2023) The use of zirconia in crown and bridge resto- rations. International Journal of Applied Dental Sciences 9(3): 352–356. DavidsonSmith JA, Nephew, (1996) Zirconium oxide and nitride coated endo- prostheses for tissue protection. United States Patent 5(496):359 Deligianni DD, Katsala N, Ladas S, Sotiropoulou D, Amedee J, Missirlis YF (2001) Effect of surface roughness of the titanium alloy Ti−6Al−4V on human bone marrow cell response and on protein adsorption. Biomaterials 22:1241–1251 Depprich R, Zipprich H, Ommerborn M, Naujoks C, Wiesmann HP , Kiattavorn- charoen S et al (2008a) Osseointegration of zirconia implants compared with titanium: an in vivo study. Head Face Med 4:30 Depprich R, Ommerborn M, Zipprich H et al (2008b) Behavior of osteoblastic cells cultured on titanium and structured'
 'with similar porosity. However, the mechanical tough - ness of zirconia complements HAp and TCP ceramics, providing additional strength. For example, Matsumoto et al. (2011) achieved impressive results with micropo - rous zirconia/HAp composite scaffolds in a 70/30 ratio, demonstrating strength comparable to cortical bone, high protein adsorption, and tissue affinity shown in Fig. 3. Further studies by the same team revealed that the compressive strength of zirconia/HAp scaffolds, with porosity ranging from 72 to 91%, increased from 2.5 to 13.8 MPa by adjusting the zirconia content from 50% to 100 wt.%. Later developed porous scaffolds made from tetragonal zirconia, biphasic calcium phosphate, and poly(caprolactone) multilayers via extrusion. These scaf - folds exhibited excellent cell viability, attachment, high porosity (78%), and compressive strength (12.7 MPa) (Mondal et al. 2013). Kotha et al. (2009) investigated the reinforcement of polymethylmethacrylate (PMMA) bone cement by incorporating high-strength zirconia fibers, both with and without an acrylic coating. The zirconia fibers, approximately 200 µm in length and with diam - eters of either 15 or 30 µm, were encapsulated in PMMA through a novel emulsion']",,0.0
Why are gelatin-based biogels attractive for sensors?,A,"['non-covalent interactions in gelatin organohydrogels; and (F) Photos showing the high mechanical performances of gelatin organohydrogels[22]. Reprinted with permission. Copyright 2019, ACS Publications. polyacrylamide-based and polyvinyl alcohol-based gels), gelatin-based biogels possess the unique advantages of biocompatibility, biodegradability, mechanical tunability, sustainability and multifunctionality [Figure 2], showcasing superior balance of these properties, which make them an outstanding material for wearable sensor applications. For applications in wearable sensors, tough gelatin biogels are typically employed in two key ways: as soft, stretchable substrates for flexible electronic devices, and as active sensing materials that respond to external stimuli. The performance of representative tough gelatin-based biogels and their application in wearable sensors are summarized in Table 1. The appealing features of mechanical robustness, good biocompatibility, and biodegradability make tough gelatin biogels a promising substrate for wearable devices on which functional sensing elements are integrated[28-30]. The fabrication of such flexible electronics is achieved by integrating individual sensing units via patterned conductive circuits embedded within or printed onto tough biogels. For example, a versatile gelatin biogel with self-adhesive, stretchable, self-healing, and fully degradable properties was fabricated by combining'
 'gelatin-based biogels is lower than 1 s/m, which is insufficient for applications as active sensing materials, particularly in bioelectrodes. The low conductivity primarily arises from the intrinsically insulating nature of gelatin, which constitutes the bulk of the biogel and impedes the formation of continuous conductive pathways. To overcome this limitation, innovative strategies such as constructing dual-phase structures-comprising a conductive component-rich phase embedded within the gelatin matrix-may enable the high conductivity (> 1 s/cm) in gelatin-based biogels, realizing a material revolution in wearable bioelectronics. Additionally, enhancing the multifunctionality of gelatin biogels, such as incorporating antibacterial or drug-releasing capabilities, could broaden their scope of application in health monitoring and therapeutic systems. By combining advanced material design with bioinspired functionality, these functionalized biogels will hold great promise for the development of next-generation flexible wearable bioelectronics that integrate sensing and therapeutic functions. DECLARATIONS Authors’ contributions Wrote the original draft: Yin, J. J.; Li, Y. Supervised, reviewed, and revised the manuscript: Sun, X.; Qin, Z. H. Availability of data and materials Not applicable. Financial support and sponsorship The authors would like to acknowledge the support'
 'https://dx.doi.org/10.20517/ss.2025.15 9 gelatin-based biogels with excellent stretchability and environmental stability by constructing non-covalent interactions and incorporating hygroscopic agents such as glycerol, and ionic liquids[32-35]. These biogels have been effectively used as epidermal sensors to monitor strain, pressure, temperature, and humidity. Tordi et al.[34] reported gelatin-based organohydrogel by incorporating metal cations-crosslinked alginate into a stretchable gelatin network in water/glycerol binary solvent. The introduction of various metal cations could modulate ionic conductivity and mechanical properties, while glycerol enhanced long-term stability. The resulting organohydrogels exhibited high ionic conductivity and stretchability, with sensitivity to temperature, visible light, humidity, and strain, enabling the monitoring of environmental and physiological parameters [Figure 3D]. Lately, based on the reversibility of non-covalent crosslinking, tough, self-adhesive, and ionic-conductive gelatin-based biogels with the temperature-controlled reversible fluid- gel transition have been designed for electrophysiological monitoring [36-38]. For instance, Lan et al. developed ionic biogels by introducing sodium pyrrolidone carboxylic acid (PCA-Na) to gelatin hydrogel [Figure 3E][38]. This biogel exhibited good stretchability, high ionic conductivity and water retention ability. Besides, the temperature-controlled reversible sol-gel transition, enabling in situ gelation on various surfaces with'
 'a sol-gel transition of a gelatin and alginate mixture dissolved in a water/glycerol solvent. Using this biogel as the substrate, a modulable and sustainable e-skin was developed by integrating sensing elements and patterned liquid metal as a soft conductor [Figure 3C][30]. Aside from the use as flexible substrates for wearable devices, conductive compositions such as conductive fillers and mobile ions have been integrated into gelatin matrix to prepare conductive tough biogel as active sensing materials. In biological systems, ion conduction is ubiquitous and extremely important for tactile perception. Inspired by this, ionically conductive gelatin biogels, a class of conductive biogels containing mobile ions within their network to enable electrical signal conduction via ion migration, have been developed by introducing various types of mobile ions[31]. Early studies developed ionically conductive Page 6 of Yin et al. Soft Sci. 2025, 5, 30 https://dx.doi.org/10.20517/ss.2025.15 9 gelatin-based biogels with excellent stretchability and environmental stability by constructing non-covalent interactions and incorporating hygroscopic agents such as glycerol, and ionic liquids[32-35]. These biogels have been effectively used as epidermal sensors to monitor strain, pressure, temperature, and humidity.']",,0.0
What limits conventional gelatin biogels?,C,"['and toughness [ Figure 1F]. Additionally, chemical modifications of gelatin chains with crosslinkable groups (such as methacrylate and dopamine) have also been investigated to create dually crosslinked structures for improving the mechanical properties of gelatin-based biogels [26,27]. With significant advances in mechanical enhancement, compared with the synthetic polymer gels (such as Page 3 of Yin et al. Soft Sci. 2025, 5, 30 https://dx.doi.org/10.20517/ss.2025.15 9 Figure 1. (A) Schematic diagram of processing collagen to gelatin and the mechanism of sol-gel transition of gelatin hydrogel upon heating and cooling[12]. Reprinted with permission. Copyright 2019, Multidisciplinary Digital Publishing Institute; (B) Chemical structure and properties of gelatin[13]. Reprinted with permission. Copyright 2021, Wiley-VCH; (C) Fabrication; and (D) photos and tensile stress- strain curves of high-strength gelatin-ammonium sulfate hydrogels via the Hofmeister effect[19]. Reprinted with permission. Copyright 2018, WILEY-VCH; (E) Schematic of formation, structure, and non-covalent interactions in gelatin organohydrogels; and (F) Photos showing the high mechanical performances of gelatin organohydrogels[22]. Reprinted with permission. Copyright 2019, ACS Publications. polyacrylamide-based and polyvinyl alcohol-based gels), gelatin-based biogels possess the unique advantages of biocompatibility, biodegradability, mechanical tunability, sustainability'
 'gelatin chains and can form interpenetrating conductive networks within the gelatin matrix[44,45]. For example, a biogel, composed of gelatin, poly(3,4- ethylenedioxythiophene) (PEDOT): poly(styrenesulfonate) (PSS), and deep eutectic solvents, was prepared based on the concept of liquid-to-solid transformation [Figure 3G][45]. Gelatin and PEDOT: PSS were combined by non-covalent interactions to a semi-interpenetrating network, endowing the biogel with superior tensile strength (~ 1-3 MPa) and skin-like modulus (~ 0.3-1.1 MPa). The in-situ biogel showed strong adhesion on skin and the dual conductive mechanism led to high conductivity. This biogel was greatly contented as epidermal electronics for monitoring exercise-related information during human activities. CHALLENGE AND PERSPECTIVES Despite significant advancements in the design of tough and functional gelatin-based biogels for wearable applications, several critical challenges remain to be addressed. Page 7 of Yin et al. Soft Sci. 2025, 5, 30 https://dx.doi.org/10.20517/ss.2025.15 9 First, although various strategies have been employed to enhance the mechanical properties of gelatin-based biogels, their performance still lags behind that of synthetic polymer gels, particularly in terms of fracture toughness. It remains a great challenge to construct a gelatin-based biogel with'
 'various strategies have been employed to enhance the mechanical properties of gelatin-based biogels, their performance still lags behind that of synthetic polymer gels, particularly in terms of fracture toughness. It remains a great challenge to construct a gelatin-based biogel with the comprehensive performances of high strength, toughness, and fracture-resistance capability due to the insufficient crosslinking structure. Owing to the tunable configuration of gelatin chains and the presence of multifunctional groups, recent strategies for strengthening and toughening synthetic polymer hydrogels, such as highly entangled chain structures and solvent-induced toughening, may provide effective approaches to further enhance the mechanical properties of gelatin hydrogels. Enhanced mechanical performance will broaden the application scope of biogel-based wearable sensors in demanding mechanical environments. Second, despite the introduction of conductive fillers and mobile ions into gelatin matrix endowing the biogel with conductivity, the conductivity of these tough gelatin-based biogels is lower than 1 s/m, which is insufficient for applications as active sensing materials, particularly in bioelectrodes. The low conductivity primarily arises from the intrinsically insulating nature of gelatin, which constitutes the bulk of the biogel and impedes'
 'gelatin chains [19-21]. For example, hydrophobic interaction domains and microphase separation regions were introduced into the gelatin network through the Hofmeister effect by soaking virgin gelatin gel in a (NH 4)2SO4 solution [ Figure 1C][19]. The resulting gelatin hydrogels could withstand large tensile and compressive forces with tensile strength of ca. 3 MPa when stretching to 500% [ Figure 1D]. Besides, introducing crosslinkers such as tannic acid (TA), sodium citrate, and sodium phytate to build non-covalent crosslinks with gelatin chains is another effective way to enhance the mechanical properties of gelatin-based biogels[22-25]. For example, Qin et al. reported a gelatin supramolecular organohydrogel by immersing a gelatin pre-hydrogel in citrate (Cit) water-glycerol mixture solution [ Figure 1E][22]. Due to the formation of hydrophobic aggregation, ionic interactions between the -NH3 + of gelatin and Cit 3- anions, the organohydrogel exhibited high strength and toughness [ Figure 1F]. Additionally, chemical modifications of gelatin chains with crosslinkable groups (such as methacrylate and dopamine) have also been investigated to create dually crosslinked structures for improving the mechanical properties of gelatin-based biogels [26,27]. With significant advances']",,0.8456644910004482
Which strategy improves biogel toughness?,C,"['various strategies have been employed to enhance the mechanical properties of gelatin-based biogels, their performance still lags behind that of synthetic polymer gels, particularly in terms of fracture toughness. It remains a great challenge to construct a gelatin-based biogel with the comprehensive performances of high strength, toughness, and fracture-resistance capability due to the insufficient crosslinking structure. Owing to the tunable configuration of gelatin chains and the presence of multifunctional groups, recent strategies for strengthening and toughening synthetic polymer hydrogels, such as highly entangled chain structures and solvent-induced toughening, may provide effective approaches to further enhance the mechanical properties of gelatin hydrogels. Enhanced mechanical performance will broaden the application scope of biogel-based wearable sensors in demanding mechanical environments. Second, despite the introduction of conductive fillers and mobile ions into gelatin matrix endowing the biogel with conductivity, the conductivity of these tough gelatin-based biogels is lower than 1 s/m, which is insufficient for applications as active sensing materials, particularly in bioelectrodes. The low conductivity primarily arises from the intrinsically insulating nature of gelatin, which constitutes the bulk of the biogel and impedes'
 'ESIGN OF TOUGH GELATIN-BASED BIOGELS FOR WEARABLE SENSING DEVICES A general design principle for tough gels is the incorporation of energy dissipation domains within stretchable polymer networks [16]. The molecular engineering and structural engineering, including molecular interactions and topological network structures, are proposed to fabricate robust gels with high stretchability, mechanical strength, and toughness [17]. By manipulating functional groups at the molecular level, diverse crosslinking interactions (including permanent or reversible dynamic bonds) can be engineered within the polymer network for energy dissipation. Structural engineering mainly involves introducing high-order structure (such as phase separation and hierarchical structure) into polymer networks for strengthening and toughening gels. Various combinations of these effective strategies have been explored for designing tough gelatin-based biogels [18]. Considering the abundant functional groups in gelatin chains, an effective strategy for toughening gelatin biogels is to regulate non-covalent associations between gelatin chains [19-21]. For example, hydrophobic interaction domains and microphase separation regions were introduced into the gelatin network through the Hofmeister effect by soaking virgin gelatin gel in a (NH 4)2SO4 solution [ Figure 1C][19]. The resulting gelatin hydrogels could'
 'gelatin chains and can form interpenetrating conductive networks within the gelatin matrix[44,45]. For example, a biogel, composed of gelatin, poly(3,4- ethylenedioxythiophene) (PEDOT): poly(styrenesulfonate) (PSS), and deep eutectic solvents, was prepared based on the concept of liquid-to-solid transformation [Figure 3G][45]. Gelatin and PEDOT: PSS were combined by non-covalent interactions to a semi-interpenetrating network, endowing the biogel with superior tensile strength (~ 1-3 MPa) and skin-like modulus (~ 0.3-1.1 MPa). The in-situ biogel showed strong adhesion on skin and the dual conductive mechanism led to high conductivity. This biogel was greatly contented as epidermal electronics for monitoring exercise-related information during human activities. CHALLENGE AND PERSPECTIVES Despite significant advancements in the design of tough and functional gelatin-based biogels for wearable applications, several critical challenges remain to be addressed. Page 7 of Yin et al. Soft Sci. 2025, 5, 30 https://dx.doi.org/10.20517/ss.2025.15 9 First, although various strategies have been employed to enhance the mechanical properties of gelatin-based biogels, their performance still lags behind that of synthetic polymer gels, particularly in terms of fracture toughness. It remains a great challenge to construct a gelatin-based biogel with'
 'on biogel substrate attached to a human arm[28]. Reprinted with permission. Reprinted with permission. Copyright 2020, Springer Nature; (C) Illustration of integrated soft electronics with gelatin-alginate as biogel substrate[30]. Reprinted with permission. Reprinted with permission. Copyright 2022, WILEY-VCH; (D) Illustration of multiresponsive metal-crosslinked alginate/gelatin organohydrogel (MAlgGel) on skin for thermal, photo, humidity, and strain sensing applications[34]. Reprinted with permission. Copyright 2022, WILEY-VCH; (E) Schematic illustration of the ionic biogel fabrication process and its versatility[38]. Reprinted with permission. Copyright 2024, WILEY-VCH; (F) Schematic illustration of the preparation of the MCG organohydrogel[43]. Reprinted with permission. Copyright 2022, Elsevier; (G) Chemical composition, liquid-to-solid transformation, and application of in situ biogel[45]. Reprinted with permission. Copyright 2025, Springer Nature. PEDOT: poly(3,4-ethylenedioxythiophene); PSS: poly(styrenensulfonate); DES: deep eutectic solvent; MCG: MXene- composited gelatin. [Figure 3B]. In another example, a transparent, robust, and recyclable biogel was fabricated via a sol-gel transition of a gelatin and alginate mixture dissolved in a water/glycerol solvent. Using this biogel as the substrate, a modulable and sustainable e-skin was developed by integrating sensing elements and patterned liquid metal as a soft conductor [Figure']",,0.8256011135756806
Why are crosslinking interactions important in biogels?,E,"['form non- covalent cross-links. The second mechanism involves non- covalent interactions of cross-linked domains that are separated by water-soluble linkers, and this is usually observed in longer multi-domain structures.[21] Tuning of the supramolecular interactions to produce a self-supporting network that does not precipitate, and is also able to immobilize water which is vital for to gel formation. Most oligopeptide hydrogels have a β-sheet structure, and assemble to form fibers, although α-helical peptides have also been reported.[22][23] The typical mechanism of gelation involves the oligopeptide precursors self-assemble into fibers that become elongated, and entangle to form cross-linked gels. One notable method of initiating a polymerization reaction involves the use of light as a stimulus. In this method, photoinitiators, compounds that cleave from the absorption of photons, are added to the precursor solution which will become the hydrogel. When the precursor solution is exposed to a concentrated source of light, usually ultraviolet irradiation, the photoinitiators will cleave and form free radicals, which will begin a polymerization reaction that forms crosslinks between polymer strands. This reaction will cease if the light source is'
 'gelatin chains [19-21]. For example, hydrophobic interaction domains and microphase separation regions were introduced into the gelatin network through the Hofmeister effect by soaking virgin gelatin gel in a (NH 4)2SO4 solution [ Figure 1C][19]. The resulting gelatin hydrogels could withstand large tensile and compressive forces with tensile strength of ca. 3 MPa when stretching to 500% [ Figure 1D]. Besides, introducing crosslinkers such as tannic acid (TA), sodium citrate, and sodium phytate to build non-covalent crosslinks with gelatin chains is another effective way to enhance the mechanical properties of gelatin-based biogels[22-25]. For example, Qin et al. reported a gelatin supramolecular organohydrogel by immersing a gelatin pre-hydrogel in citrate (Cit) water-glycerol mixture solution [ Figure 1E][22]. Due to the formation of hydrophobic aggregation, ionic interactions between the -NH3 + of gelatin and Cit 3- anions, the organohydrogel exhibited high strength and toughness [ Figure 1F]. Additionally, chemical modifications of gelatin chains with crosslinkable groups (such as methacrylate and dopamine) have also been investigated to create dually crosslinked structures for improving the mechanical properties of gelatin-based biogels [26,27]. With significant advances'
 'and toughness [ Figure 1F]. Additionally, chemical modifications of gelatin chains with crosslinkable groups (such as methacrylate and dopamine) have also been investigated to create dually crosslinked structures for improving the mechanical properties of gelatin-based biogels [26,27]. With significant advances in mechanical enhancement, compared with the synthetic polymer gels (such as Page 3 of Yin et al. Soft Sci. 2025, 5, 30 https://dx.doi.org/10.20517/ss.2025.15 9 Figure 1. (A) Schematic diagram of processing collagen to gelatin and the mechanism of sol-gel transition of gelatin hydrogel upon heating and cooling[12]. Reprinted with permission. Copyright 2019, Multidisciplinary Digital Publishing Institute; (B) Chemical structure and properties of gelatin[13]. Reprinted with permission. Copyright 2021, Wiley-VCH; (C) Fabrication; and (D) photos and tensile stress- strain curves of high-strength gelatin-ammonium sulfate hydrogels via the Hofmeister effect[19]. Reprinted with permission. Copyright 2018, WILEY-VCH; (E) Schematic of formation, structure, and non-covalent interactions in gelatin organohydrogels; and (F) Photos showing the high mechanical performances of gelatin organohydrogels[22]. Reprinted with permission. Copyright 2019, ACS Publications. polyacrylamide-based and polyvinyl alcohol-based gels), gelatin-based biogels possess the unique advantages of biocompatibility, biodegradability, mechanical tunability, sustainability'
 'ESIGN OF TOUGH GELATIN-BASED BIOGELS FOR WEARABLE SENSING DEVICES A general design principle for tough gels is the incorporation of energy dissipation domains within stretchable polymer networks [16]. The molecular engineering and structural engineering, including molecular interactions and topological network structures, are proposed to fabricate robust gels with high stretchability, mechanical strength, and toughness [17]. By manipulating functional groups at the molecular level, diverse crosslinking interactions (including permanent or reversible dynamic bonds) can be engineered within the polymer network for energy dissipation. Structural engineering mainly involves introducing high-order structure (such as phase separation and hierarchical structure) into polymer networks for strengthening and toughening gels. Various combinations of these effective strategies have been explored for designing tough gelatin-based biogels [18]. Considering the abundant functional groups in gelatin chains, an effective strategy for toughening gelatin biogels is to regulate non-covalent associations between gelatin chains [19-21]. For example, hydrophobic interaction domains and microphase separation regions were introduced into the gelatin network through the Hofmeister effect by soaking virgin gelatin gel in a (NH 4)2SO4 solution [ Figure 1C][19]. The resulting gelatin hydrogels could']",,0.0
What is a key advantage of gelatin biogels over synthetic gels?,C,"['and toughness [ Figure 1F]. Additionally, chemical modifications of gelatin chains with crosslinkable groups (such as methacrylate and dopamine) have also been investigated to create dually crosslinked structures for improving the mechanical properties of gelatin-based biogels [26,27]. With significant advances in mechanical enhancement, compared with the synthetic polymer gels (such as Page 3 of Yin et al. Soft Sci. 2025, 5, 30 https://dx.doi.org/10.20517/ss.2025.15 9 Figure 1. (A) Schematic diagram of processing collagen to gelatin and the mechanism of sol-gel transition of gelatin hydrogel upon heating and cooling[12]. Reprinted with permission. Copyright 2019, Multidisciplinary Digital Publishing Institute; (B) Chemical structure and properties of gelatin[13]. Reprinted with permission. Copyright 2021, Wiley-VCH; (C) Fabrication; and (D) photos and tensile stress- strain curves of high-strength gelatin-ammonium sulfate hydrogels via the Hofmeister effect[19]. Reprinted with permission. Copyright 2018, WILEY-VCH; (E) Schematic of formation, structure, and non-covalent interactions in gelatin organohydrogels; and (F) Photos showing the high mechanical performances of gelatin organohydrogels[22]. Reprinted with permission. Copyright 2019, ACS Publications. polyacrylamide-based and polyvinyl alcohol-based gels), gelatin-based biogels possess the unique advantages of biocompatibility, biodegradability, mechanical tunability, sustainability'
 'gelatin chains and can form interpenetrating conductive networks within the gelatin matrix[44,45]. For example, a biogel, composed of gelatin, poly(3,4- ethylenedioxythiophene) (PEDOT): poly(styrenesulfonate) (PSS), and deep eutectic solvents, was prepared based on the concept of liquid-to-solid transformation [Figure 3G][45]. Gelatin and PEDOT: PSS were combined by non-covalent interactions to a semi-interpenetrating network, endowing the biogel with superior tensile strength (~ 1-3 MPa) and skin-like modulus (~ 0.3-1.1 MPa). The in-situ biogel showed strong adhesion on skin and the dual conductive mechanism led to high conductivity. This biogel was greatly contented as epidermal electronics for monitoring exercise-related information during human activities. CHALLENGE AND PERSPECTIVES Despite significant advancements in the design of tough and functional gelatin-based biogels for wearable applications, several critical challenges remain to be addressed. Page 7 of Yin et al. Soft Sci. 2025, 5, 30 https://dx.doi.org/10.20517/ss.2025.15 9 First, although various strategies have been employed to enhance the mechanical properties of gelatin-based biogels, their performance still lags behind that of synthetic polymer gels, particularly in terms of fracture toughness. It remains a great challenge to construct a gelatin-based biogel with'
 'their environmental degradability presents a sustainable approach to mitigating electronic waste. Gelatin, as a hydrolyzed product of natural collagen, is a type of protein composed of polypeptides. Collagen is generally water-insoluble, composed of three long helix-shaped chains of amino acids [Figure 1A][12]. Compared to collagen, gelatin is a mixture of single- and multi-chain polypeptides composed of amino acids such as alanine, proline, and 4-hydroxyproline with good water solubility. The unique advantages of gelatin, including excellent biocompatibility, non-immunogenicity, biodegradability, and multiple reactive sites for functionalization, make it a promising candidate for constructing soft biogels as wearable sensors [Figure 1B][13,14]. Although gelatin-based hydrogels can be formed by cooling a hot gelatin solution to convert partial gelatin chains from random coil structures to triple-helix configuration, the obtained hydrogel is fragile with low toughness, which makes it difficult to apply in flexible sensing devices[12,15].D ESIGN OF TOUGH GELATIN-BASED BIOGELS FOR WEARABLE SENSING DEVICES A general design principle for tough gels is the incorporation of energy dissipation domains within stretchable polymer networks [16]. The molecular engineering and structural engineering, including molecular interactions and topological network'
 'non-covalent interactions in gelatin organohydrogels; and (F) Photos showing the high mechanical performances of gelatin organohydrogels[22]. Reprinted with permission. Copyright 2019, ACS Publications. polyacrylamide-based and polyvinyl alcohol-based gels), gelatin-based biogels possess the unique advantages of biocompatibility, biodegradability, mechanical tunability, sustainability and multifunctionality [Figure 2], showcasing superior balance of these properties, which make them an outstanding material for wearable sensor applications. For applications in wearable sensors, tough gelatin biogels are typically employed in two key ways: as soft, stretchable substrates for flexible electronic devices, and as active sensing materials that respond to external stimuli. The performance of representative tough gelatin-based biogels and their application in wearable sensors are summarized in Table 1. The appealing features of mechanical robustness, good biocompatibility, and biodegradability make tough gelatin biogels a promising substrate for wearable devices on which functional sensing elements are integrated[28-30]. The fabrication of such flexible electronics is achieved by integrating individual sensing units via patterned conductive circuits embedded within or printed onto tough biogels. For example, a versatile gelatin biogel with self-adhesive, stretchable, self-healing, and fully degradable properties was fabricated by combining']",,0.8384971089186101
What role do functional groups play in biogels?,C,"[""may display some degree of chemical reactivity. This can involve processes like the conjugation of medications or bioactive compounds with one another, or the creation of covalent bonds by crosslinking events. Hydrogel peptides typically contain amine, carboxylic, hydroxyl, or sulfhydryl groups, among other functional groups , as shown in Table 1 [48–51]. The hydrogel's ability to interact with ions, other molecules, or proteins, among other things, can be affected by the presence of these functional groups. Certain ionic behavior can be seen in the hydrogel if the peptides have charged functional groups, s uch as amine or carboxylic acid groups [54–56]. The ability to absorb or release ions from solution, the capacity for ion exchange, and the reaction to variations in pH or ion concentration are a few examples of these. BHP often have a high absorption rate for water in their matrix. This is because the hydrophilic groups included in the peptides and carrier materials produce a moist and favorable environment for cell growth or the delivery of drugs that dissolve in water within the hydrogel [52,54,55,57]. Reversible characteristics""
 'hydrolysis is slow, which allows for a uniform pH change, and thus resulting in reproducible homogenous gels. In addition to this, the desired pH can be achieved by altering the amount of GdL added. The use of GdL has been used various times for the hydrogelation of Fmoc and Nap-dipeptides.[33][34] In another direction, Morris et al reported the use of GdL as a \'molecular trigger\' to predict and control the order of gelation.[35] Chirality also plays an essential role in gel formation, and even changing the chirality of a single amino acid from its natural L-amino acid to its unnatural D-amino acid can significantly impact the gelation properties, with the natural forms not forming gels.[36] Furthermore, aromatic interactions play a key role in hydrogel formation as a result of π- π stacking driving gelation, shown by many studies.[37][38] Hydrogels also possess a degree of flexibility very similar to natural tissue due to their significant water content. As responsive ""smart materials"", hydrogels can encapsulate chemical systems which upon stimulation by external factors such as a change of pH may cause specific'
 'ESIGN OF TOUGH GELATIN-BASED BIOGELS FOR WEARABLE SENSING DEVICES A general design principle for tough gels is the incorporation of energy dissipation domains within stretchable polymer networks [16]. The molecular engineering and structural engineering, including molecular interactions and topological network structures, are proposed to fabricate robust gels with high stretchability, mechanical strength, and toughness [17]. By manipulating functional groups at the molecular level, diverse crosslinking interactions (including permanent or reversible dynamic bonds) can be engineered within the polymer network for energy dissipation. Structural engineering mainly involves introducing high-order structure (such as phase separation and hierarchical structure) into polymer networks for strengthening and toughening gels. Various combinations of these effective strategies have been explored for designing tough gelatin-based biogels [18]. Considering the abundant functional groups in gelatin chains, an effective strategy for toughening gelatin biogels is to regulate non-covalent associations between gelatin chains [19-21]. For example, hydrophobic interaction domains and microphase separation regions were introduced into the gelatin network through the Hofmeister effect by soaking virgin gelatin gel in a (NH 4)2SO4 solution [ Figure 1C][19]. The resulting gelatin hydrogels could'
 'gelatin chains and can form interpenetrating conductive networks within the gelatin matrix[44,45]. For example, a biogel, composed of gelatin, poly(3,4- ethylenedioxythiophene) (PEDOT): poly(styrenesulfonate) (PSS), and deep eutectic solvents, was prepared based on the concept of liquid-to-solid transformation [Figure 3G][45]. Gelatin and PEDOT: PSS were combined by non-covalent interactions to a semi-interpenetrating network, endowing the biogel with superior tensile strength (~ 1-3 MPa) and skin-like modulus (~ 0.3-1.1 MPa). The in-situ biogel showed strong adhesion on skin and the dual conductive mechanism led to high conductivity. This biogel was greatly contented as epidermal electronics for monitoring exercise-related information during human activities. CHALLENGE AND PERSPECTIVES Despite significant advancements in the design of tough and functional gelatin-based biogels for wearable applications, several critical challenges remain to be addressed. Page 7 of Yin et al. Soft Sci. 2025, 5, 30 https://dx.doi.org/10.20517/ss.2025.15 9 First, although various strategies have been employed to enhance the mechanical properties of gelatin-based biogels, their performance still lags behind that of synthetic polymer gels, particularly in terms of fracture toughness. It remains a great challenge to construct a gelatin-based biogel with']",,0.8453306007458129
Why are hydrophobic interactions used in biogel design?,F,"['hydrolysis is slow, which allows for a uniform pH change, and thus resulting in reproducible homogenous gels. In addition to this, the desired pH can be achieved by altering the amount of GdL added. The use of GdL has been used various times for the hydrogelation of Fmoc and Nap-dipeptides.[33][34] In another direction, Morris et al reported the use of GdL as a \'molecular trigger\' to predict and control the order of gelation.[35] Chirality also plays an essential role in gel formation, and even changing the chirality of a single amino acid from its natural L-amino acid to its unnatural D-amino acid can significantly impact the gelation properties, with the natural forms not forming gels.[36] Furthermore, aromatic interactions play a key role in hydrogel formation as a result of π- π stacking driving gelation, shown by many studies.[37][38] Hydrogels also possess a degree of flexibility very similar to natural tissue due to their significant water content. As responsive ""smart materials"", hydrogels can encapsulate chemical systems which upon stimulation by external factors such as a change of pH may cause specific'
 'In this, the solution is frozen for a few hours, then thawed at room temperature, and the cycle is repeated until a strong and stable hydrogel is formed.[26] Alginate hydrogels are formed by ionic interactions between alginate and double-charged cations. A salt, usually calcium chloride, is dissolved into an aqueous sodium alginate solution, that causes the calcium ions to create ionic bonds between alginate chains.[27] Gelatin hydrogels are formed by temperature change. A water solution of gelatin forms an hydrogel at temperatures below 37–35 °C, as Van der Waals interactions between collagen fibers become stronger than thermal molecular vibrations.[28] Peptide based hydrogels possess exceptional biocompatibility and biodegradability qualities, giving rise to their wide use of applications, particularly in biomedicine;[2] as such, their physical properties can be fine-tuned in order to maximise their use.[2] Methods to do this are: modulation of the amino acid sequence, pH, chirality, and increasing the number of aromatic residues.[29] The order of amino acids within the sequence is crucial for gelation, as has been shown many times. In one example, a short peptide sequence Fmoc-Phe-Gly readily'
 'moisture in arid areas Air bubble-repellent (superaerophobicity). Can improve the performance and stability of electrodes for water electrolysis.[93] Culturing cells: Hydrogel-coated wells have been used for cell culture.[94] Biosensors: Hydrogels that are responsive to specific molecules,[95] such as glucose or antigens, can be used as biosensors, as well as in DDS.[96] Cell carrier: Injectable hydrogels can be used to carry drugs or cells for applications in tissue regeneration or 3D bioprinting.[76][77][78] Hydrogels with reversible chemistry are required to allow for fluidization during injection/printing followed by self-healing of the original hydrogel structure.[66] Investigate cell biomechanical functions combined with holotomography microscopy Provide absorption, desloughing and debriding of necrotic and fibrotic tissue Tissue engineering scaffolds. When used as scaffolds, hydrogels may contain human cells to repair tissue. They mimic 3D microenvironment of cells.[97] Materials include agarose, methylcellulose, hyaluronan, elastin-like polypeptides, and other naturally derived polymers. Sustained-release drug delivery systems. Ionic strength, pH and temperature can be used as a triggering factor to control the release of the drug.[98] The swelling behavior exhibited by charged hydrogels can be used as a valuable tool for'
 ""resemble gels [44]. The ease of manipulation, application, and usage of hydrogels in diverse biomedical contexts may be influenced by this texture [45]. Designing, refining, and utilizing hydrogels for particular uses in tissue engineering, drug delivery, and other therapies requires a thorough grasp of the physical characteristics of BHP. Researchers can create hydrogels that are tailored to the particular requirements of their applications by taking these physical characteristics into account. 3.6. Chemical Properties Peptide composition, carrier material, and synthesis circumstances can all affect the chemical characteristics of hydrogels containing BHP [13,46–48]. Peptides and carrier materials' chemical characteristics can affect hydrogels' solubility in different solvents. Depending on how the peptide molecules interact with the carrier material, hydrogels can dissolve in water, some organic solvents, or inorgan ic solvents. Particularly if the peptides have been altered to include more functional groups, BHP may display some degree of chemical reactivity. This can involve processes like the conjugation of medications or bioactive compounds with one another, or the creation of covalent bonds by crosslinking events. Hydrogel peptides typically contain amine, carboxylic, hydroxyl, or sulfhydryl""]",,0.0
Which application is NOT supported by biogels context?,E,"['on biogel substrate attached to a human arm[28]. Reprinted with permission. Reprinted with permission. Copyright 2020, Springer Nature; (C) Illustration of integrated soft electronics with gelatin-alginate as biogel substrate[30]. Reprinted with permission. Reprinted with permission. Copyright 2022, WILEY-VCH; (D) Illustration of multiresponsive metal-crosslinked alginate/gelatin organohydrogel (MAlgGel) on skin for thermal, photo, humidity, and strain sensing applications[34]. Reprinted with permission. Copyright 2022, WILEY-VCH; (E) Schematic illustration of the ionic biogel fabrication process and its versatility[38]. Reprinted with permission. Copyright 2024, WILEY-VCH; (F) Schematic illustration of the preparation of the MCG organohydrogel[43]. Reprinted with permission. Copyright 2022, Elsevier; (G) Chemical composition, liquid-to-solid transformation, and application of in situ biogel[45]. Reprinted with permission. Copyright 2025, Springer Nature. PEDOT: poly(3,4-ethylenedioxythiophene); PSS: poly(styrenensulfonate); DES: deep eutectic solvent; MCG: MXene- composited gelatin. [Figure 3B]. In another example, a transparent, robust, and recyclable biogel was fabricated via a sol-gel transition of a gelatin and alginate mixture dissolved in a water/glycerol solvent. Using this biogel as the substrate, a modulable and sustainable e-skin was developed by integrating sensing elements and patterned liquid metal as a soft conductor [Figure'
 'a sol-gel transition of a gelatin and alginate mixture dissolved in a water/glycerol solvent. Using this biogel as the substrate, a modulable and sustainable e-skin was developed by integrating sensing elements and patterned liquid metal as a soft conductor [Figure 3C][30]. Aside from the use as flexible substrates for wearable devices, conductive compositions such as conductive fillers and mobile ions have been integrated into gelatin matrix to prepare conductive tough biogel as active sensing materials. In biological systems, ion conduction is ubiquitous and extremely important for tactile perception. Inspired by this, ionically conductive gelatin biogels, a class of conductive biogels containing mobile ions within their network to enable electrical signal conduction via ion migration, have been developed by introducing various types of mobile ions[31]. Early studies developed ionically conductive Page 6 of Yin et al. Soft Sci. 2025, 5, 30 https://dx.doi.org/10.20517/ss.2025.15 9 gelatin-based biogels with excellent stretchability and environmental stability by constructing non-covalent interactions and incorporating hygroscopic agents such as glycerol, and ionic liquids[32-35]. These biogels have been effectively used as epidermal sensors to monitor strain, pressure, temperature, and humidity.'
 'indicates “not available” in the references. The symbol “~” represents the estimated value in their articles. EEG: Electroencephalogram; ECG: electrocardiogram; EMG: electromyography; PEDOT: Poly(3,4-ethylenedioxythiophene); PSS: poly(styrenesulfonate). Figure 2. Radar chart comparing performance metrics of gelatin-based biogels with typical synthetic polymer gels. graded modulus gels as tailored and sophisticated substrates for stretchable electronics [Figure 3A][28]. By integrating temperature, humidity, and strain sensors with a reusable flexible printed circuit board (PCB) on the biogel substrate, a stretchable and biodegradable on-skin electronic device was successfully fabricated, demonstrating potential as sustainable wearable electronics for real-time physiological monitoring Page 5 of Yin et al. Soft Sci. 2025, 5, 30 https://dx.doi.org/10.20517/ss.2025.15 9 Figure 3. (A) Assembly of graded modulus gel and tensile test of a modulus-graded gel compared with its finite element modeling simulation[28]. Reprinted with permission. Copyright 2020, Springer Nature; (B) Construction of soft e-skin on biogel substrate attached to a human arm[28]. Reprinted with permission. Reprinted with permission. Copyright 2020, Springer Nature; (C) Illustration of integrated soft electronics with gelatin-alginate as biogel substrate[30]. Reprinted with permission. Reprinted with permission. Copyright 2022, WILEY-VCH; (D) Illustration'
 'gelatin-based biogels is lower than 1 s/m, which is insufficient for applications as active sensing materials, particularly in bioelectrodes. The low conductivity primarily arises from the intrinsically insulating nature of gelatin, which constitutes the bulk of the biogel and impedes the formation of continuous conductive pathways. To overcome this limitation, innovative strategies such as constructing dual-phase structures-comprising a conductive component-rich phase embedded within the gelatin matrix-may enable the high conductivity (> 1 s/cm) in gelatin-based biogels, realizing a material revolution in wearable bioelectronics. Additionally, enhancing the multifunctionality of gelatin biogels, such as incorporating antibacterial or drug-releasing capabilities, could broaden their scope of application in health monitoring and therapeutic systems. By combining advanced material design with bioinspired functionality, these functionalized biogels will hold great promise for the development of next-generation flexible wearable bioelectronics that integrate sensing and therapeutic functions. DECLARATIONS Authors’ contributions Wrote the original draft: Yin, J. J.; Li, Y. Supervised, reviewed, and revised the manuscript: Sun, X.; Qin, Z. H. Availability of data and materials Not applicable. Financial support and sponsorship The authors would like to acknowledge the support']",,0.0
What is the role of ion doping in HA?,A,"['in composition and morphology but requires extended processing periods [ 37]. HA can be modified to improve its biological perfor - mance and structural suitability for biomedical applications. Among these strategies, ion doping improves HA ’s bioactiv - ity, crystallinity, antibacterial properties, and biocompatibil - ity. Ion doping, combined with the synthesis route selected in Table 1, leads to specific changes in HA. To summarize, the results obtained when examined together are as follows: dry methods such as solid-state and mechanochemical syn - thesis offer scalability as a synthesis method but generally require high sintering temperatures that can cause phase impurities. In contrast, wet techniques such as sol-gel, pre - cipitation, and hydrothermal methods provide better control over particle morphology and crystallinity. These routes also facilitate ion doping; for example, Ag, Cu, and Zn additives have been shown to increase antimicrobial and osteoinduc - tive properties. Hydrothermal and emulsion-based approaches further enable particle shape and size, but hydrothermal syn - thesis can be sensitive to dopant concentrations, as seen in 4 O. COPUR ET AL. Table 1. overview of Ha'
 'effective technique to improve the mechanical and biological properties of HA/PCL com - posites in biomedical applications. The addition of single or multiple metal ions (e.g., Zn, Ti, Fe, Mg), as well as anions (F−, Cl−, CO32−), increases the properties of these compos - ites such as biocompatibility, bioactivity, and mechanical strength, supporting their usability, especially in bone tissue engineering[ 143–145]. Ion doping is usually added to the com - posite structure by adding HA. Table 6 provides a brief overview of ion-doped HA/PCL composites. Utilizing different metal ions (Zn, Ti, Fe, Mg) to be incorporated into HA, particularly substituting two metal ions at the same time, enhances HA ’s and their composites with PCL ’s biocompatibility, bioactivity, and scaffold stren gth[ 144,151]. Iron-doped HA/PCL scaffolds are known to sup - port cell growth and accelerate wound healing by increas - ing surface porosity. A study investigated the relationship between iron and other additives in PCL nanofibers pro - duced by the electrospinning method and mechanical properties, biological responses, and compositional changes. The findings showed that mechanical parameters such as'
 'by par- ticipants [25]. Such results can be explained by the reduction of bacterial colonisation and biofilm formation due to binding to HA particles [25]. Substituting ions into HA not only allows synthetic HA to be more biomimetic, but it also improves properties such as the antimicrobial ability of HA. Zinc and silver have been extensively researched in this area, with results showing that exposure to zinc sub- stituted HA reduced the bactericidal viability of Streptococcus mutans [19,63]. It has been proven that zinc ions can inhibit bacterial metabolism and prevent halitosis by inhibiting volatile sulphur compounds [10]. Research on the antimicrobial properties of silver has also been long established [36]. Studies have shown that silver ions leached out of the HA structure can inhibit the growth of Escherichia coli, Staphylococcus aureus, and Pneumococcus [36]. The substitution of other cations and anio ns has been extensively researched; how- ever, the focus has been more on implants an d bone regeneration [36]. More evidence is needed for their benefits in oral care before these ion-substituted HA can be added to oral'
 'Ha) 19.5 (2%ag + Ha) Incorporating silver ions into the Ha structure resulted in an expansion of the crystal lattice and a simultaneous reduction in crystal size. [ 39] Wet chemical precipitation ca(no 3)2.6H2o (nH 4)H2Po 4 1,000 °c Zinc (Zn) 68 * (Ha) 75 (5%Zn + 95%Ha, 15%Zn + 85%Ha) 87 (10%Zn + 90%Ha, 20%Zn + 80%Ha) the grain size of Ha decreased with increasing Zn concentrations before sintering but peaked at 10% and 20% Zn after sintering. Higher Zn levels also enhanced its antimicrobial effects, which pure Ha lacked. *the crystal grain size of pure Ha is not sintered, unlike the doped samples. [ 40] sol-gel ca(no 3)2.4H2o (nH 4)2HPo 4 600 °c for 24h copper (cu) silver (ag) 27.10 (Ha) 17.25 (10%cu + 90%Ha) 38 (5%cu + 5%ag + 90%Ha) cu-ag-doped Ha shows antibacterial activity, unlike pure Ha. cu-doped samples showed an inhibition zone against 2 different bacteria, while cu-ag and ag-doped Ha showed an inhibition zone against 5. Increasing the ag ratio increases the diameter of the inhibition zone. [ 41] Hydro-thermal ca(no 3)2.4H2o (nH 4)2HPo']",,0.0
Which synthesis method allows better control of HA morphology?,A,"['duction methods, several other factors influence the overall production process and the resulting properties of HA. These factors include the choice of reagents, grinding param - eters, and rotation speed during synthesis [ 28,29]. Wet techniques, including chemical precipitation, hydroly - sis, sol-gel, hydrothermal, and emulsion, are also employed for HA synthesis. These methods involve solution-based reactions in organic solvents and can control the porosity and shape of HA particles. The sol-gel technique, one of the wet methods, is often preferred for creating irregular surface coatings on implants due to its suitability for repeated dip coating, followed by sintering. However, the chemistry of HA during the sol-gel process can become quite intricate because hydrolysis, condensation, and aggregation co-occur[ 30]. Consequently, achieving control and consistency in the reaction is more challenging than other methods. In general, wet methods are preferred for nano-sized HA, but they require lower process temperatures, which can alter the crystallinity of the final production [ 31,32]. A simple method for creating HA nanoparticles is chem - ical precipitation, utilizing calcium and phosphate sources, while hydrothermal synthesis occurs'
 'nano-sized HA, but they require lower process temperatures, which can alter the crystallinity of the final production [ 31,32]. A simple method for creating HA nanoparticles is chem - ical precipitation, utilizing calcium and phosphate sources, while hydrothermal synthesis occurs under high tempera - tures and pressure, resulting in needlelike HA particles [ 33]. In this methodology, HA particles tend to agglomerate. However, it is a compelling technique for HA nanoparticles designed for application in blood circulation, as it facilitates precise control over the particle size [ 34]. Another HA produc - tion method is high-temperature methods, like combustion synthesis and pyrolysis, it can also be used to create porous and crystalline HA powders, though controlling size distri - bution and morphology can be challenging in pyrolysis [ 35,36]. Hydrolysis in aqueous solutions also allows for greater pre - cision in composition and morphology but requires extended processing periods [ 37]. HA can be modified to improve its biological perfor - mance and structural suitability for biomedical applications. Among these strategies, ion doping improves HA ’s bioactiv - ity, crystallinity,'
 'in composition and morphology but requires extended processing periods [ 37]. HA can be modified to improve its biological perfor - mance and structural suitability for biomedical applications. Among these strategies, ion doping improves HA ’s bioactiv - ity, crystallinity, antibacterial properties, and biocompatibil - ity. Ion doping, combined with the synthesis route selected in Table 1, leads to specific changes in HA. To summarize, the results obtained when examined together are as follows: dry methods such as solid-state and mechanochemical syn - thesis offer scalability as a synthesis method but generally require high sintering temperatures that can cause phase impurities. In contrast, wet techniques such as sol-gel, pre - cipitation, and hydrothermal methods provide better control over particle morphology and crystallinity. These routes also facilitate ion doping; for example, Ag, Cu, and Zn additives have been shown to increase antimicrobial and osteoinduc - tive properties. Hydrothermal and emulsion-based approaches further enable particle shape and size, but hydrothermal syn - thesis can be sensitive to dopant concentrations, as seen in 4 O. COPUR ET AL. Table 1. overview of Ha'
 'significantly influenced by various preparation conditions, including pH, temperature, aging time, and calcination parameters [ 24]. Dry methods, including solid-state and mechanochemical synthesis, are frequently utilized for the large-scale produc - tion of HA. The solid-state method typically involves grind - ing and calcining calcium and phosphate precursors, whereas mechanochemical synthesis employs mechanical grinding to activate the reaction [ 25,26]. In mechanochemical synthesis, the required heat treatment to achieve pure HA plays a essential role in influencing its surface area. Chen et al. reported that heat treatment of HA was produced via mechanochemical synthesis at 900 °C for 1 h after increased purity. The find - ings revealed that the surface area of HA significantly decreased from 175 m 2/g to 7.2 m 2/g following this treat - ment[ 27]. In addition to the heat treatment in solid-state pro - duction methods, several other factors influence the overall production process and the resulting properties of HA. These factors include the choice of reagents, grinding param - eters, and rotation speed during synthesis [ 28,29]. Wet techniques, including chemical precipitation, hydroly']",1.0,0.7703519527069954
Why are composites preferred in biomaterials design?,E,"['by inherit heterogeneous properties of composite material. Tailoring of material properties is not possible in traditional materials, but composite materials give opportunity to tailor material properties. Normally composite materials consist of two or more material combination, so it exhibits excellent specific properties in medical implants as required; it is more flexible in design than traditional material due to optimizing specific properties. Various combination of composite material is in practise in biomedical applications, the distinctive features of bio c omposite material is presented in this paper. Abstract Composite material constitute of different materials to have better characteristics than traditional materials. Material properties such as physical, chemical and mechanical properties can be tailored in composite material based on requirements. This advantage extends the composite material applications in the field of human implants. Traditional metals or ceramics have certain limitations after the implantation in human body, because of its inheriting properties with biological tissue. These limitations can be eradicated by the composite material; it makes composites to fabricate implant for biomedical applications. The new research works enhance the composite materials to mimic the'
 'controlled to match the growth rate of new bone tissue [27]. Organic polymer material composite: When combined with polymers, it not only improves their mechanical properties and processability but also enables them to better withstand mechanical loads and be fabricated into various implants [ 28,29]. In application fields, HAp composites can effectively promote the regeneration and healing of bone tissue in bone defect repair. As drug carriers, they can achieve targeted drug release and sustained long-term release, thereby improving drug efficacy and reducing side effects. Additionally, they can be used to prepare biosensors for detecting changes in biomolecule concentrations. Overall, HAp composites demonstrate great application potential in the biomedical field, effectively addressing challenges in bone defect repair, drug carriers, and biosensors. J. Funct. Biomater. 2025, 16, x FOR PEER REVIEW 4 of 19 materials, composites with organic materials, and multicomponent composites combining both inorganic and organic mate rials (as shown in Figure 2). Inorganic materials are en- hanced through composite technology; when combined with ceramic materials, their hardness and wear resistance are improved [26]. When combined with bioactive glass materials,'
 'in human body, because of its inheriting properties with biological tissue. These limitations can be eradicated by the composite material; it makes composites to fabricate implant for biomedical applications. The new research works enhance the composite materials to mimic the natural bone, biological functions and tissue characteristics. Human tissue and bone are naturally graded from the core side, functionally graded material (FGM) implant overcome some limitations of composite materials. FGM implants elastic modulus can be tailored as like a composite material, its biological functions similar with natural one. Other biological parameters such as corrosion, wear resistance and fracture toughness are considered when designing the implant. This article discusses composite material advantage and limitations of both composite and FGM implants. ICCSSS 2020 IOP Conf. Series: Materials Science and Engineering 1084 (2021) 012127 IOP Publishing doi:10.1088/1757-899X/1084/1/012127 2 II IN THE FIELD OF DENTISTRY Enamel and dentine are important hard tissue in teeth, which is made up of natural composite materials like collagen and hydroxyapatite (HA). Mainly three types of composite mate rials used in the field of dentistry, polymeric based composites, metal'
 'composites combining both inorganic and organic mate rials (as shown in Figure 2). Inorganic materials are en- hanced through composite technology; when combined with ceramic materials, their hardness and wear resistance are improved [26]. When combined with bioactive glass materials, the osteogenic inductivity and biocompatibility are further enhanced. Further- more, by precisely adjusting the composition of polymers or bioactive glasses, the degra- dation rate of the composites can be accurately controlled to match the growth rate of new bone tissue [27]. Organic polymer material composite: When combined with polymers, it not only improves their mechanical properti es and processability but also enables them to better withstand mechanical loads and be fabr icated into various implants [28,29]. In application ﬁelds, HAp composites can eﬀectively promote the regeneration and healing of bone tissue in bone defect repair. As drug carriers, they can achieve targeted drug re- lease and sustained long-term release, thereby improving drug eﬃcacy and reducing side eﬀects. Additionally, they can be used to prepare biosensors for detecting changes in bio- molecule concentrations. Overall, HAp composites demonstrate great application poten- tial']",,0.0
What trade-off exists in scaffold design?,E,"['- tors such as nozzle moving speed, extruder temperature, pneumatic pressure, and nozzle diameter, which depend on the printing process during fabrication. These factors affect the final structure of the scaffold. In this way, it is possible to develop the appropriate material or expand the usage area of the selected material depending on the desired usage area. In Vurat et al. ’s study of a 3D scaffold produced from PCL, an increase in pore size was ascertained, and an increase was provided only in the nozzle diameter [ 85]. As a result, the 3D printing method provides easy intervention in terms of the shape of the composite to be produced and makes it possible to optimize the production method and create the desired material design [ 86]. 3D printing technology, which is frequently preferred in biomedical use because it allows the porous structure to be obtained, stands out in areas where high bioactivity is desired. Based on the production method, porosity is obtained at a high level in both HA/PCL composite scaffolds and scaffolds containing only PCL. In a study'
 'application, controllable mechanical properties low mechanical strength due to the size of the fibers, inhomogeneous distribution of the fiber sizes [ 59–61] 3d printing/additive manufacturing Precise controllability of pore size, porosity, and interconnectivity, shorter preparation process, simple preparation process of the composite material the need for specific material properties, harsh conditions during manufacturing such as high temperatures, post-printing, and heat treatment, biodegradable polymers requiring special types of equipment and software, long production time [ 62–64] freeze drying the ability to include heat-sensitive components into the scaffold and the porosity can be adjusted with other process parameters such as speed and freezing temperature. High energy consumption and use of toxic solvents [ 65–67] solvent casting and particulate leaching relatively simple and straightforward, with no need for unique and expensive equipment, control of porosity, pore size, and interconnections salt particles may lead to poor interconnectivity during scaffold fabrication, which may not provide optimal scaffold permeability for cell delivery in vitro [ 68–70] thermally induced phase separation High porosity, controllable pore size and structure, easy applicability, high porosity, high interconnected pore structure use'
 'to poor interconnectivity during scaffold fabrication, which may not provide optimal scaffold permeability for cell delivery in vitro [ 68–70] thermally induced phase separation High porosity, controllable pore size and structure, easy applicability, high porosity, high interconnected pore structure use of toxic solvents, possibility of solvent residue, shrinkage problems, small-scale production [ 71–73] sol-gel Porosity structure and size can be controlled, and high surface area microstructure is similar to dry human trabecular bone. toxic solvents may be used for sedimentation/gelation, time is longer, insufficient mechanical integrity for use in load-bearing applications, and there is the possibility of solvent residue [ 74–75] Figure 2. Basic steps in electrospinning of Pcl/Ha composite. 8 O. COPUR ET AL. 3.2. 3D printing/additive manufacturing 3D printing, also known as additive manufacturing, enables the creation of highly porous structures containing intercon - nected complex pores while allowing precise structure man - agement[ 81]. Building three-dimensional scaffolds layer by layer is known as 3D printing. The process can use powder, liquid, or solid substrates, and the size of the structure increases gradually as each layer is triggered'
 'scaffold has good biocompatibility. In vivo tests in rabbit back muscles have shown that the biomimetic scaffold formed new bone faster than conventional CaP scaffolds, indicating the improved osteoinductive capacity of the biomimetic scaffold [26]. HAp is a kind of bioceramic material. It has good biocompatibility and osteocon- ductivity. It can help form new bone tissue. With 3D and 4D printing, HAp can be combined with other materials like polymers and natural biomaterials. This makes mul- tifunctional composite scaffolds. Combining these materials improves the mechanical properties of the scaffolds. It also makes them more bioactive and better at delivering drugs [62]. Three-dimensional and four-dimensional printing technologies are used in bone tissue engineering. They can carry drugs well. These drugs help repair bones. Mak- ing personalized scaffolds fits the damaged bone better. This helps to restore the bone’s function and appearance. Three-dimensional printing can make scaffolds with many holes. These structures copy the natural bone environment. This helps cells to stick, grow, and change [63]. Further, 4D printing technology adds the time dimension. It lets scaffolds react to outside signals and']",,0.7397418690321484
Why is degradation rate important in scaffolds?,E,"['gradually degrade after implantation while promoting the formation of new bone tissue. In vivo results of ceramic-based scaffolds used in some studies have shown that they promote bone mineralization and collagen deposition while reducing inflammatory responses [2]. In addition, the admixture of growth factors, such as bone vascular endothelial growth factor (VEGF) or morphogenetic protein (BMP), stimulates osteoblast recruitment, angiogenesis, and tissue regeneration [ 8]. Stem cells, including induced pluripotent stem cells (iPSCs) or mesenchymal stem cells (MSCs), possess the ability to self-renew and differentiate into diverse osteoblastic cell types, rendering them a highly useful resource for bone tissue engineering [9]. Scaffolds are important components of bone tissue engineering structures. Hydroxya- patite (HAp), as a bioactive material, is regarded as a highly appealing ceramic material for the replacement and regeneration of bone and hard tissues [10]. HAp, with the chemical formula Ca10(PO4)6(OH)2, is a calcium phosphate crystal and a type of apatite. The the- oretical atomic ratio of calcium to phosphorus is 1.67, and the theoretical weight ratio of calcium to phosphorus is 2.16. It is composed of elements such'
 'the natural process of regeneration occurring in the body and incorporate three essential components: scaffolds, cells, and biophysical instructive signals (e.g., growth factors and physical stimuli) [4]. Combining these three elements, BTE demonstrates highly promising results, and this multifactorial approach must be considered in an integrated manner for each specific tissue and its physiopathological condition when working to repair or improve the function of injured tissues [5,6]. Bioactive scaffolds provide a biomimetic 3D architecture that closely mimics the extracellular matrix (ECM) of native bone tissue. Engineered with precisely tuned physical– chemical properties and bioactivity, these scaffolds establish a regenerative niche that orchestrates cellular processes—from adhesion to terminal differentiation—through spa- tiotemporal control of biochemical cues [7]. These scaffolds can be made of biocompatible J. Funct. Biomater. 2025, 16, 127 https://doi.org/10.3390/jfb16040127 J. Funct. Biomater. 2025, 16, 127 2 of 20 materials that gradually degrade after implantation while promoting the formation of new bone tissue. In vivo results of ceramic-based scaffolds used in some studies have shown that they promote bone mineralization and collagen deposition while reducing inflammatory responses [2]. In addition, the'
 'application, controllable mechanical properties low mechanical strength due to the size of the fibers, inhomogeneous distribution of the fiber sizes [ 59–61] 3d printing/additive manufacturing Precise controllability of pore size, porosity, and interconnectivity, shorter preparation process, simple preparation process of the composite material the need for specific material properties, harsh conditions during manufacturing such as high temperatures, post-printing, and heat treatment, biodegradable polymers requiring special types of equipment and software, long production time [ 62–64] freeze drying the ability to include heat-sensitive components into the scaffold and the porosity can be adjusted with other process parameters such as speed and freezing temperature. High energy consumption and use of toxic solvents [ 65–67] solvent casting and particulate leaching relatively simple and straightforward, with no need for unique and expensive equipment, control of porosity, pore size, and interconnections salt particles may lead to poor interconnectivity during scaffold fabrication, which may not provide optimal scaffold permeability for cell delivery in vitro [ 68–70] thermally induced phase separation High porosity, controllable pore size and structure, easy applicability, high porosity, high interconnected pore structure use'
 'Massachusetts, USA, 2020, 1317–1334. DOI: 10.1016/B978-0-12-816137-1.00082-9. [97] Huang, R.; Zhu, X.; Tu, H.; Wan, A. The Crystallization Behavior of Porous Poly(Lactic Acid) Prepared by Modified Solvent Casting/Particulate Leaching Technique for Potential Use of Tissue Engineering Scaffold. Mater. Lett. 2014, 136, 126–129. DOI: 10.1016/j.matlet.2014.08.044. [98] Sola, A.; Bertacchini, J.; D’ Avella, D.; Anselmi, L.; Maraldi, T.; Marmiroli, S.; Messori, M. Development of Solvent-Casting Particulate Leaching (SCPL) Polymer Scaffolds as Improved Three-Dimensional Supports to Mimic the Bone Marrow Niche. Mater. Sci. Eng. C Mater. Biol. Appl. 2019, 96, 153–165. DOI: 10.1016/j.msec.2018.10.086. [99] Zhu, L.; Luo, D.; Liu, Y . Effect of the Nano/Microscale Structure of Biomaterial Scaffolds on Bone Regeneration. Int. J. Oral. Sci. 2020, 12, 6. DOI: 10.1038/s41368-020-0073-y. [100] Hyun, Y . T.; Kim, S. E.; Heo, S. J.; Shin, J. W . Characterization of PCL/HA Composite Scaffolds for Bone Tissue Engineering. KEM 2007, 342-343, 109–112. DOI: 10.4028/www.scientific.net/ KEM.342-343.109. [101] Akbarzadeh, R.; Y ousefi, A. M. Effects of Processing Parameters in Thermally Induced Phase Separation Technique on Porous Architecture of Scaffolds for Bone Tissue Engineering. J. Biomed. Mater. Res. B Appl.']",,0.7178350095289852
Which factor affects cell differentiation in scaffolds?,C,"['gradually degrade after implantation while promoting the formation of new bone tissue. In vivo results of ceramic-based scaffolds used in some studies have shown that they promote bone mineralization and collagen deposition while reducing inflammatory responses [2]. In addition, the admixture of growth factors, such as bone vascular endothelial growth factor (VEGF) or morphogenetic protein (BMP), stimulates osteoblast recruitment, angiogenesis, and tissue regeneration [ 8]. Stem cells, including induced pluripotent stem cells (iPSCs) or mesenchymal stem cells (MSCs), possess the ability to self-renew and differentiate into diverse osteoblastic cell types, rendering them a highly useful resource for bone tissue engineering [9]. Scaffolds are important components of bone tissue engineering structures. Hydroxya- patite (HAp), as a bioactive material, is regarded as a highly appealing ceramic material for the replacement and regeneration of bone and hard tissues [10]. HAp, with the chemical formula Ca10(PO4)6(OH)2, is a calcium phosphate crystal and a type of apatite. The the- oretical atomic ratio of calcium to phosphorus is 1.67, and the theoretical weight ratio of calcium to phosphorus is 2.16. It is composed of elements such'
 'the natural process of regeneration occurring in the body and incorporate three essential components: scaffolds, cells, and biophysical instructive signals (e.g., growth factors and physical stimuli) [4]. Combining these three elements, BTE demonstrates highly promising results, and this multifactorial approach must be considered in an integrated manner for each specific tissue and its physiopathological condition when working to repair or improve the function of injured tissues [5,6]. Bioactive scaffolds provide a biomimetic 3D architecture that closely mimics the extracellular matrix (ECM) of native bone tissue. Engineered with precisely tuned physical– chemical properties and bioactivity, these scaffolds establish a regenerative niche that orchestrates cellular processes—from adhesion to terminal differentiation—through spa- tiotemporal control of biochemical cues [7]. These scaffolds can be made of biocompatible J. Funct. Biomater. 2025, 16, 127 https://doi.org/10.3390/jfb16040127 J. Funct. Biomater. 2025, 16, 127 2 of 20 materials that gradually degrade after implantation while promoting the formation of new bone tissue. In vivo results of ceramic-based scaffolds used in some studies have shown that they promote bone mineralization and collagen deposition while reducing inflammatory responses [2]. In addition, the'
 '10.1039/d4ra02485k. [123] Baji, A.; Wong, S. C.; Srivatsan, T. S.; Njus, G. O.; Mathur, G. Processing Methodologies for Polycaprolactone-Hydroxyapatite Composites: A Review. Mater. Manuf. Process. 2006, 21, 211– 218. DOI: 10.1081/AMP-200068681. [124] Dennis, J. E.; Haynesworth, S. E.; Y oung, R. G.; Caplan, A. I. Osteogenesis in Marrow-Derived Mesenchymal Cell Porous Ceramic Composites Transplanted Subcutaneously: Effect of Fibronectin and Laminin on Cell Retention and Rate of Osteogenic Expression. Cell Transplant. 1992, 1, 23–32. DOI: 10.1177/096368979200100106. [125] Boyan, B. D.; Hummert, T. W .; Dean, D. D.; Schwartz, Z. Role of Material Surfaces in Regulating Bone and Cartilage Cell Response. Biomaterials 1996, 17, 137–146. DOI: 10.1016/0142-9612(96)85758-9. [126] Chen, G.; Ushida, T.; Tateishi, T. Scaffold Design for Tissue Engineering. Macromol. Biosci. 2002, 2, 67–77. DOI: 10.1002/1616-5195(20020201)2:2<67::AID-MABI67>3.0.CO;2-F. [127] Murphy, C. M.; O’Brien, F . J. Understanding the Effect of Mean Pore Size on Cell Activity in Collagen-Glycosaminoglycan Scaffolds. Cell Adhes. Migr. 2010, 4, 377–381. DOI: 10.4161/ cam.4.3.11747. [128] Yu, H.; Matthew, H. W .; Wooley, P . H.; Y ang, S. Y . Effect of Porosity and Pore Size on Microstructures and Mechanical'
 'Massachusetts, USA, 2020, 1317–1334. DOI: 10.1016/B978-0-12-816137-1.00082-9. [97] Huang, R.; Zhu, X.; Tu, H.; Wan, A. The Crystallization Behavior of Porous Poly(Lactic Acid) Prepared by Modified Solvent Casting/Particulate Leaching Technique for Potential Use of Tissue Engineering Scaffold. Mater. Lett. 2014, 136, 126–129. DOI: 10.1016/j.matlet.2014.08.044. [98] Sola, A.; Bertacchini, J.; D’ Avella, D.; Anselmi, L.; Maraldi, T.; Marmiroli, S.; Messori, M. Development of Solvent-Casting Particulate Leaching (SCPL) Polymer Scaffolds as Improved Three-Dimensional Supports to Mimic the Bone Marrow Niche. Mater. Sci. Eng. C Mater. Biol. Appl. 2019, 96, 153–165. DOI: 10.1016/j.msec.2018.10.086. [99] Zhu, L.; Luo, D.; Liu, Y . Effect of the Nano/Microscale Structure of Biomaterial Scaffolds on Bone Regeneration. Int. J. Oral. Sci. 2020, 12, 6. DOI: 10.1038/s41368-020-0073-y. [100] Hyun, Y . T.; Kim, S. E.; Heo, S. J.; Shin, J. W . Characterization of PCL/HA Composite Scaffolds for Bone Tissue Engineering. KEM 2007, 342-343, 109–112. DOI: 10.4028/www.scientific.net/ KEM.342-343.109. [101] Akbarzadeh, R.; Y ousefi, A. M. Effects of Processing Parameters in Thermally Induced Phase Separation Technique on Porous Architecture of Scaffolds for Bone Tissue Engineering. J. Biomed. Mater. Res. B Appl.']",0.0,0.0
Why is multi-material design beneficial?,D,"['by inherit heterogeneous properties of composite material. Tailoring of material properties is not possible in traditional materials, but composite materials give opportunity to tailor material properties. Normally composite materials consist of two or more material combination, so it exhibits excellent specific properties in medical implants as required; it is more flexible in design than traditional material due to optimizing specific properties. Various combination of composite material is in practise in biomedical applications, the distinctive features of bio c omposite material is presented in this paper. Abstract Composite material constitute of different materials to have better characteristics than traditional materials. Material properties such as physical, chemical and mechanical properties can be tailored in composite material based on requirements. This advantage extends the composite material applications in the field of human implants. Traditional metals or ceramics have certain limitations after the implantation in human body, because of its inheriting properties with biological tissue. These limitations can be eradicated by the composite material; it makes composites to fabricate implant for biomedical applications. The new research works enhance the composite materials to mimic the'
 'Erode – 638 060 2 Sona College of Technology, Salem – 636 005 4 Vivekanandha College of Technology for women, Namakkal - 637 205 smmech@kongu.ac.in, lgokulanathan@gmail.com, ptvelmech@gmail.com, sathishmo@gmail.com Keywords- Composite Material, Implants, Functionally graded material, Wear, Fracture toughness . I INTRODUCTION The arti ficial implants are necessary to human body under certain circumstance to replace the functioning of human organs under certain circumstance. The natural and synthesis materials are best alternate for making artificial implants, which aid patients in healing, correcting abnormalities. Design and manufacturing of medical implants are very essential to prove their quality and durability, these parameters are important to consider before implanting into patient body to improve quality of life. Traditional mat erials were used earlier days after that composite materials were replaced the traditional materials. Traditional materials homogeneous property doesn’t meet certain parameters which are satisfied by inherit heterogeneous properties of composite material. Tailoring of material properties is not possible in traditional materials, but composite materials give opportunity to tailor material properties. Normally composite materials consist of two or more material combination, so it exhibits excellent'
 'or parameters that vary depending on the area of use and application, such as pore sizes, porosity, effect on cell proliferation and differentiation, surface mor - phology, and mechanical properties. In this context, poly - mers and ceramics are produced in various forms using diverse techniques for applications such as tissue engineer - ing, drug delivery systems, and wound healing [ 1]. The bio - material development process encompasses versatile design criteria and challenges, including mimicking the mechanical properties of native tissues, supporting cellular functions, promoting healing, and degrading at controlled rates. Therefore, it aims to provide an optimum balance of essen - tial properties required for application areas such as soft tis - sue, bone, or dental. Integrating these aspects into the biomaterial to be developed is critical for functionality and safety[ 2]. Current problems include infections observed in clinical studies, toxicity due to ion release, low mechanical strength due to surface modifications applied to improve tissue-biomaterial interactions and wear over time in metal - lic materials. On the other hand, considering the cost of this complex structure, it'
 'meet design requirements, but the evolution of powder metallurgy techniques promis e the making of successful implants and compromising the limitations of material effects. Evaluation of composite and functionally graded materials are complicated than traditional material especially in the field of bio medical applications. References [1] Ensaff H, O’Doherty DM, Jacobsen PH., The influence of the restoration -tooth interface in light cured composite restorations: a finite element analysis, Biomaterials, 2001, 22, 3097 -3103 [2] Ferracane JL, Condon JR, In vitro evaluation of the marginal degradation of dental composites under simulated occlusal loading, Dental Materials, 1999, 15, 262-267 [3] Sarrett DC, Coletti DP, Peluso AR, The effects of alcoholic beverages on composite wear, Dental Materials, 2000, 16, 62-67 [4] Sandner B, Baudach S, Davy KWM, Braden M, Clarke RL, Synthesis of BISGMA derivatives, properties of their polymers and composites, Journal of Materials Science: Materials in Medicine, 1997, 8, 39-44. [5] Davy KWM, Kalachandra S, Pandain MS, Braden M, Relationship between comp osite matrix molecular structure and properties, Biomaterials, 1998, 19, 2007-2014 [6] C.L.Davidson, A.J.Feilzer, Polymerization shrinkage and polymerization shrinkage stress in']",,0.0
Which statement cannot be answered from context?,F,"['the sustainability of different materials, as the data may not be available or may be unreliable. This can also lead to incorrect conclusions FIGURE 13.2 Life cycle analysis: stages involved. 275Life Cycle Assessment (LCA) Study of Bioplastic Biopolymers being drawn from the LCA (Bishop et al., 2021; Bjørn et al., 2018; Curran, 2014; Hottle et al., 2013; Wittmaier et al., 2009). Additionally, LCA can be subject to bias, as the results of the analysis may be influ- enced by the specific assumptions and methodologies used. For example, if the LCA is conducted using a certain set of assumptions regarding the environmental impact of a material, the results may not reflect the true sustainability of the material in question. This can lead to inaccurate conclusions being drawn from the LCA, which can have a significant impact on resource allocation decisions. While LCA is a useful tool for evaluating the overall sustainability of different materials, it is important to be aware of its limitations and weaknesses. Careful consideration must be given to defining the boundary conditions, ensuring the availability of accurate data,'
 'goal and scope definition of an LCA pro - vides a clear picture of the product system in terms of the system boundaries and a functional unit (Rebitzer et al., 2004). ii. Inventory analysis: The inventory analysis comprises a thorough anthol - ogy of all of the environmental inputs and outputs of each stage of the life cycle (Murphy & Bartle, 2004). iii. Impact assessment : A process whereby environmental impacts from the inventory are reviewed, and generally, the overall environmental perfor - mance of the product is determined. iv. Interpretation: Serves to evaluate the study in order to derive recommen - dations and conclusions, and is conducted at every stage. It is important to include waste management routes into the LCA of biocompos- ites when comparing them with their petroleum counterparts. A feature article doubted the sustainability of polyhydroxyalkanoates (PHAs) in terms of higher non- renewable energy usage, as they did not consider the waste management procedures for these materials (Gerngross, 1999). The end- life management of biocompos- ites is very important as it relates to energy recovery and'
 'that the natural fibres showed better environmental performance than clay-based nanocomposites of poly(hydroxyl butyrate) (PHB) for electronics and automotive applications. However, it is important to note that LCA can also be a source of error due to the inherent limitations and weaknesses in the analysis. One of the biggest challenges in conducting an LCA is defining the boundary conditions. This includes deciding which aspects of the life cycle to include in the analysis, such as the production, use, and disposal of the material. If the boundary conditions are not well defined, the results of the LCA may not provide a complete or accurate picture of the sustain - ability of the material in question. Another weakness of LCA is the lack of accurate data and information regarding the environmental impact of different materials. This can make it difficult to compare the sustainability of different materials, as the data may not be available or may be unreliable. This can also lead to incorrect conclusions FIGURE 13.2 Life cycle analysis: stages involved. 275Life Cycle Assessment (LCA) Study of Bioplastic Biopolymers being drawn'
 'which hor - monal variation occurs is regarded as mild observable abnormality symptoms. This then substantiates why further information is needed on biological techniques that may have impact on polymer-based additives, particularly those at low-dose chronic exposures. 3.3.6 m icro Biome Considering that microbes possess ability to metabolise several environmental toxi - cants, it is suggested that these environmental pollutants may affect the microbiome (Vanhaecke et al., 2006). These modifications in the microbiome can exert cumu - lative effects on the host organism, subsequently weakening immunity and trig - gering inflammation (Cho and Blaser, 2012). When mice were exposed to lavage administered PM10 for extended periods of time, it was noticeable that their colonic microbiome exhibited changes in composition and function (Kish et al., 2013). This phenomenon potentially contributed to the host’s induced proinflammatory cyto - kines. It is, however, still undetermined as to whether this occurrence is an absolute PM10 reason or the observed immune changes were PM10 induced or even both (Kish et al., 2013). It is claimed that the lungs provide a microbial population sustained via alve']",0.0,0.0
What improves osteoblast activity on implants?,D,"['RGD peptide (arginine-glycine-aspartic acid) to increase the interaction with osteoblasts and mesenchymal cells, potentiating interactions according to the proposed changes. 5. Biomimetic and Bioactive Surfaces Titanium-based implant devices are commonly used clinically and have been exten- sively examined through in vivo studies over the past 35 years to scientiﬁcally understand the workings of the implant–tissue interface. Thus, for the long-term success of these implants, osseointegration with the surrounding environment is one of the most desired factors when devices are implanted [102–107]. In this way, biomimetic surfaces have been developed aiming to achieve structural and biochemical characteristics that accelerate the integration process between the implant and the surrounding tissues, thus reducing the risk of inﬂammatory reactions and bacterial infections. The coating with biocompatible molecules can stimulate cell adhesion, bone miner- alization, and the formation of the extracellular matrix (ECM), accelerating the osseoin- tegration process [104]. Molecules such as proteins, peptides, and mineral components (such as hydroxyapatite, growth factors, and antibiotics), are among the different molecules used to perform the functionalization of implants, with very satisfactory results having been achieved despite the'
 'biological events is involved in osseointegration. After the insertion of the endosseous implant, immune and inflammatory responses occur, fol- lowed by angiogenesis and osteogenesis. In this process, physicochemical characteristics of the implant, such as topography and hydrophilicity, will allow the anchor age of blood proteins, forming interaction sites for cells through cell receptors called integrins. Then, cells, such as neutrophils, occupy the implant surface, and after 2 to 4 days, mono- cytes and macrophages arrive [42]. Such steps are essential for homeostasis thanks to the release of cytokines and growth factors which will induce collagen matrix deposition and initial bone tissue formation [43] (Figure 1). In addition, for osseointegration to b e effective, the implant must have other specific characteristics such as adequate geome- try, maximum contact between the implant and the tooth, roughness, usually in the range of 1.5 µm, the physical health of the host, and, more recently, changes in the s ur- face of the implants [44]. These modifications can range from structural modifications on the implant surface to bioactivation with molecules capable of accelerating the osseoin-'
 'and Surfaces. Prog. Mater. Sci. 2013, 58, 261–326. [CrossRef] 107. Le Guéhennec, L.; Soueidan, A.; Layrolle, P .; Amouriq, Y. Surface Treatments of Titanium Dental Implants for Rapid Osseointe- gration. Dent. Mater. 2007, 23, 844–854. [CrossRef] 108. Hanawa, T. A Comprehensive Review of Techniques for Biofunctionalization of Titanium. J Periodontal Implant. Sci. 2011, 41, 263–272. [CrossRef] [PubMed] 109. Smeets, R.; Stadlinger, B.; Schwarz, F.; Beck-Broichsitter, B.; Jung, O.; Precht, C.; Kloss, F.; Gröbe, A.; Heiland, M.; Ebker, T. Impact of Dental Implant Surface Modiﬁcations on Osseointegration. Biomed. Res. Int. 2016, 2016, 6285620. [CrossRef] 110. Sartori, M.; Giavaresi, G.; Parrilli, A.; Ferrari, A.; Aldini, N.N.; Morra, M.; Cassinelli, C.; Bollati, D.; Fini, M. Collagen Type I Coating Stimulates Bone Regeneration and Osteointegration of Titanium Implants in the Osteopenic Rat. Int. Orthop. 2015, 39, 2041–2052. [CrossRef] [PubMed] 111. Chen, S.; Guo, Y.; Liu, R.; Wu, S.; Fang, J.; Huang, B.; Li, Z.; Chen, Z.; Chen, Z. Tuning Surface Properties of Bone Biomaterials to Manipulate Osteoblastic Cell Adhesion and the Signaling Pathways for the Enhancement of Early Osseointegration. Colloids Surf. B Biointerfaces 2018,'
 'Peptides to Surfaces. J. R. Soc. Interface 2017, 14, 20160657. [CrossRef] 122. Ke, D.; Vu, A.A.; Bandyopadhyay, A.; Bose, S. Compositionally Graded Doped Hydroxyapatite Coating on Titanium Using Laser and Plasma Spray Deposition for Bone Implants. Acta Biomater. 2019, 84, 414–423. [CrossRef] 123. Javed, F.; Akram, Z.; Khan, J.; Zafar, M.S. Growth Factors and Guided Bone Regeneration. In Dental Implants; Woodhead Publishing Series in Biomaterials; Woodhead Publishing: Sawston, UK, 2020; pp. 133–143; ISBN 978-0-12-819586-4. 124. Cao, Y.; Tan, Q.; Li, J.; Wang, J. Bone Morphogenetic Proteins 2, 6, and 9 Differentially Regulate the Osteogenic Differentiation of Immortalized Preodontoblasts. Braz. J. Med. Biol. Res. 2020, 53, e9750. [CrossRef] 125. Wang, Y.; Hong, S.; Li, M.; Zhang, J.; Bi, Y.; He, Y.; Liu, X.; Nan, G.; Su, Y.; Zhu, G.; et al. Noggin Resistance Contributes to the Potent Osteogenic Capability of BMP9 in Mesenchymal Stem Cells. J. Orthop. Res. 2013, 31, 1796–1803. [CrossRef] 126. Teng, F.-Y.; Tai, I.-C.; Ho, M.-L.; Wang, J.-W.; Weng, L.W.; Wang, Y.J.; Wang, M.-W.; Tseng, C.-C. Controlled Release of BMP-2 from Titanium with Electrodeposition Modiﬁcation Enhancing Critical Size']",,0.0
Why is composite degradation controllable?,D,"['design aspect of dental composites is fracture under compressive force, shrinkage behaviour of resin under thermal environment and better wear resistance [1]. Mechanical properties of adhesive material make detrimental effect on restoration of dentine an d longevity under tensile or shear stress. The recent research is aimed to eliminate the limitations of composite materials in the field of medical applications. Wear is a main concern in the high stress areas and delamination of composite parts also occur ; that can be reduced by choosing suitable reinforcement particle [2]. The vitro and vivo test results are differ for patient’s conditions, wear, degradation and fracture performance results differ for patients especially patients who consume alcoholic beverages, alcoholic beverages make significant damage in composite implants [3]. Another problem in composite dental implant is internal stress due to polymerization shrinkage. The internal stress level is considerably high in light cured composite than self cured composite. This matrix shrinkage during curing is taken care by adding inorganic filler with matrix materials bisphenol -A- glycidyldimethacrylate (Bis- GMA), triethylenglycoldimetachrylate (TEGDMA). Optimum shrinkage of filler with monomers has'
 'and studying new innovative materials that could be used as economic and environmentally friendly packages was an important purpose (Weeg-Aerssens, 1998). Therefore, many attempts have been made to reduce plastic waste. Several physical and chemical degradation methods, such as UV treatment, physical 26 DOI: 10.1201/9781003304142-2 27Bioplastics, Biodegradable Polymers and Biocomposites: An Overview stress, oxidants, methanolysis, ammonolysis, and hydrolysis, have been developed (Hauenstein, Agarwal, and Greiner, 2016; Gewert, Plassmann, and MacLeod, 2015; Kamini and Iefuji, 2001). Those processes usually require elevated temperatures and generally produce toxic substances. However, the extent of plastic biodegrad- ability depends on its physical and chemical properties (Abareshi, Zebarjad, and Goharshadi, 2009). Photodegradation could affect the plastic films in two ways. First, it could cause random main chain scission either via Norrish I or Norrish II mechanisms. Generally, biodegradation of synthetic polymers involves enzymatic and chemical degradation by living microorganisms. The primary mechanism for the enzymatic degradation of polymers takes place by hydrolysis and oxidation. Most synthetic polymers cannot be degraded by microorganisms. To increase their biodegradability, non -biodegradable polymers were associated with natural bio - polymers'
 ""respect to the total polymer, but is not zero order with respect to the concentrations of the crystallite edge material. The drawing of PCL ®lms causes an increase in the rate of degrada- tion, whereas annealing of the PCL causes a decrease in the rate of degradation. This is probably due to opposite changes in lateral crystallite sizes. In vitro chemical and enzymatic degradations of polymers, especially polyesters, were analyzed with respect to chemical composition and physical properties. It was found quite often that the composition of a copolymer giving the lowest melting point is most susceptible to degradation. 171 The lowest packing order, as expected, corresponds with the fastest degradation rate. 5.3. Effect of radiation and chemical treatments Photolysis with UV light and the g-ray irradiation of polymers generate radicals and/or ions that often lead to cleavage and crosslinking. Oxidation also occurs, complicating the situation, since exposure to light is seldom in the absence of oxygen. Generally this changes the material's susceptibility to biodegradation. Initially, one expects the observed rate of degradation to increase until most of the fragmented""
 'and the International Organization for Standardization (ISO) define: 1. Degradation is “an irreversible process leading to a significant change of the structure of a material, typically characterised by a loss of properties (e.g., integrity, molecular weight, structure, or mechanical strength) and/ or fragmentation. Degradation is affected by environmental conditions and proceeds over a period comprising one or more steps.” 2. Biodegradable plastic is “a degradable plastic in which the degradation results from the action of naturally occurring microorganisms such as bac- teria, fungi and algae.” 3. Compostable plastic is “a plastic that undergoes biological degradation during composting to yield carbon dioxide, water, inorganic compounds and biomass at a rate consistent with other known compostable materials and leaves not visually distinguishable or toxic residues.” 35Bioplastics, Biodegradable Polymers and Biocomposites: An Overview The standard guideline definitions have been given to establish and identify biode - gradable polymeric materials or products. Based on these guidelines, ASTM stan - dards have provided various test methods to evaluate the potential biodegradability of polymeric materials and products in various disposal environmental conditions such as soil, compost,']",,0.0
Which factor enhances scaffold performance overall?,C,"['- tors such as nozzle moving speed, extruder temperature, pneumatic pressure, and nozzle diameter, which depend on the printing process during fabrication. These factors affect the final structure of the scaffold. In this way, it is possible to develop the appropriate material or expand the usage area of the selected material depending on the desired usage area. In Vurat et al. ’s study of a 3D scaffold produced from PCL, an increase in pore size was ascertained, and an increase was provided only in the nozzle diameter [ 85]. As a result, the 3D printing method provides easy intervention in terms of the shape of the composite to be produced and makes it possible to optimize the production method and create the desired material design [ 86]. 3D printing technology, which is frequently preferred in biomedical use because it allows the porous structure to be obtained, stands out in areas where high bioactivity is desired. Based on the production method, porosity is obtained at a high level in both HA/PCL composite scaffolds and scaffolds containing only PCL. In a study'
 'the natural process of regeneration occurring in the body and incorporate three essential components: scaffolds, cells, and biophysical instructive signals (e.g., growth factors and physical stimuli) [4]. Combining these three elements, BTE demonstrates highly promising results, and this multifactorial approach must be considered in an integrated manner for each specific tissue and its physiopathological condition when working to repair or improve the function of injured tissues [5,6]. Bioactive scaffolds provide a biomimetic 3D architecture that closely mimics the extracellular matrix (ECM) of native bone tissue. Engineered with precisely tuned physical– chemical properties and bioactivity, these scaffolds establish a regenerative niche that orchestrates cellular processes—from adhesion to terminal differentiation—through spa- tiotemporal control of biochemical cues [7]. These scaffolds can be made of biocompatible J. Funct. Biomater. 2025, 16, 127 https://doi.org/10.3390/jfb16040127 J. Funct. Biomater. 2025, 16, 127 2 of 20 materials that gradually degrade after implantation while promoting the formation of new bone tissue. In vivo results of ceramic-based scaffolds used in some studies have shown that they promote bone mineralization and collagen deposition while reducing inflammatory responses [2]. In addition, the'
 'scaffold has good biocompatibility. In vivo tests in rabbit back muscles have shown that the biomimetic scaffold formed new bone faster than conventional CaP scaffolds, indicating the improved osteoinductive capacity of the biomimetic scaffold [26]. HAp is a kind of bioceramic material. It has good biocompatibility and osteocon- ductivity. It can help form new bone tissue. With 3D and 4D printing, HAp can be combined with other materials like polymers and natural biomaterials. This makes mul- tifunctional composite scaffolds. Combining these materials improves the mechanical properties of the scaffolds. It also makes them more bioactive and better at delivering drugs [62]. Three-dimensional and four-dimensional printing technologies are used in bone tissue engineering. They can carry drugs well. These drugs help repair bones. Mak- ing personalized scaffolds fits the damaged bone better. This helps to restore the bone’s function and appearance. Three-dimensional printing can make scaffolds with many holes. These structures copy the natural bone environment. This helps cells to stick, grow, and change [63]. Further, 4D printing technology adds the time dimension. It lets scaffolds react to outside signals and'
 'application, controllable mechanical properties low mechanical strength due to the size of the fibers, inhomogeneous distribution of the fiber sizes [ 59–61] 3d printing/additive manufacturing Precise controllability of pore size, porosity, and interconnectivity, shorter preparation process, simple preparation process of the composite material the need for specific material properties, harsh conditions during manufacturing such as high temperatures, post-printing, and heat treatment, biodegradable polymers requiring special types of equipment and software, long production time [ 62–64] freeze drying the ability to include heat-sensitive components into the scaffold and the porosity can be adjusted with other process parameters such as speed and freezing temperature. High energy consumption and use of toxic solvents [ 65–67] solvent casting and particulate leaching relatively simple and straightforward, with no need for unique and expensive equipment, control of porosity, pore size, and interconnections salt particles may lead to poor interconnectivity during scaffold fabrication, which may not provide optimal scaffold permeability for cell delivery in vitro [ 68–70] thermally induced phase separation High porosity, controllable pore size and structure, easy applicability, high porosity, high interconnected pore structure use']",,0.0
Which application cannot be inferred from all provided documents?,F,"['has not been obtained. If any copyright material has not been acknowledged please write and let us know so we may rectify in any future reprint. With the exception of Chapters 5, 6 and 11, no part of this book may be reprinted or reproduced or utilised in any form or by any electronic, mechanical, or other means, now known or hereafter invented, including photocopying and recording, or in any information storage or retrieval system, without permission in writing from the publishers. Chapters 5, 6 and 11 of this book are freely available as a downloadable Open Access PDF at http://www.taylorfrancis.com under a Creative Commons (Attribution‑Non Commercial‑No Derivatives (CC ‑BY‑NC‑ND)) 4.0 license. Any third party material in this book is not included in the OA Creative Commons license, unless indicated otherwise in a credit line to the material. Please direct any permissions enquiries to the original rightsholder. Funded by the Scheme for Promotion of Academic and Research Collaboration (SPARC) (Project No. SPARC/2018‑2019/P485/SL; Dated: 15 March 2019), Ministry of Education, Government of India. Trademark notice: Product or corporate names may be'
 '(Teramoto et al., 2004). It is suggested that the imperfections that are introduced to the matrix by the filler material, especially one that is not compatibilized, contribute to the increase in bio - degradability. This is a result of preferential degradation of the matrix occurring in regions adjacent to particles of the filler material. 8.5 TECHNIQUES PRINCIPLE/REQUIREMENTS AND PROPERTIES 8.5.1 t hermal Pro Perties and r equirements Biopolymer blends secure their place in packaging and multiply industries due to their balanced mechanical, thermal and biodegradability with respect to their neat component. However, the immiscibility phenomenon and associated costs of the biopolymers may hinder their optimum performance and affect daily practical appli- cations. Thermal analysis is one of the most significant properties used to reveal the immiscibility character of the polymer blends (binary and ternary) system. This includes thermogravimetric analysis (TGA) and differential scanning calorimetry (DSC). The TGA and DSC parameters of different polymer blend systems are sum - marized in Table 8.4. It is interesting to note that the thermal stability and miscibil - ity aspects of binary and ternary'
 '” “biomedical application, ” “bone engi - neering, ” “bone, ” “medical” or “tissue” a total of 376 articles InTERnATIOnAL JOURnAL Of POLymERIC mATERIALs And POLymERIC BIOmATERIALs 3 were identified. Within these, six were classified as review articles. Only 1 of the identified studies specifically pertains to HA/PCL, while the remainder encompass broader research involving various polymer-ceramic compounds. Moreover, review studies are limited that critically evaluate HA/PCL composites by correlating their compositional and structural design with biological responses in a biomedical context. A closer examination of the HA/PCL literature reveals that one study is dedicated to the synthesis and production tech - niques of HA/PCL [ 21]. In contrast to other studies, this review article aims to provide a novel contribution by bridging the gap between material development and biomedical application through a multidisciplinary evaluation of HA/PCL composites. This review article aims to comprehensively examine HA and PCL in the context of their applications within the biomed - ical field. The study will assess various production methods and evaluate the mechanical, microstructural, and biological properties of their composites that enable'
 'Generation, MFs and MNPs Pollution observed to be a high- concentration source of DEHPs amongst newborn infants (Green et al., 2005). In view that BPA is also an additive in PVC manufacturing, PVC is suspected to be a probable contributor to high BPA volumes detected in babies (Calafat et al., 2009). The attempts to determine associations between adverse human health issues and polymer additives can give rise to several difficulties. Considering the frequent pro - duction pattern, the classified industrial specifications, and the polymer application and its additives thereof makes exposure studies quite distressing. The evolution of technology, statistical approaches and methodologies may potentially assist in unrav- elling the mystery between these chemicals and their adverse effects on humans. However, even with the most statistically significant variations of hormones cred- ited to occupational and environmental exposures, the definite degree to which hor - monal variation occurs is regarded as mild observable abnormality symptoms. This then substantiates why further information is needed on biological techniques that may have impact on polymer-based additives, particularly those at low-dose chronic exposures. 3.3.6 m icro']",,0.0
